#VRML V2.0 utf8
# 3D model generated by easyeda2kicad.py (https://github.com/uPesy/easyeda2kicad.py)

Shape{
    appearance Appearance {
        material  Material 	{
            diffuseColor 0.7529411764705882 0.7529411764705882 0.7529411764705882
            specularColor 0.3764705882352941 0.3764705882352941 0.3764705882352941
            ambientIntensity 0.7529
            transparency 0.0
            shininess 0.5
        }
    }
    geometry IndexedFaceSet {
        ccw TRUE
        solid FALSE
        coord DEF co Coordinate {
            point [
                0.5118 0.1574 0.1343, 0.5118 0.3245 0.1952, 0.3937 0.1574 0.1343, 0.3937 0.3245 0.1952, 0.5118 0.1709 0.0973, 0.3937 0.1709 0.0973, 0.5118 0.338 0.1582, 0.3937 0.338 0.1582, 0.5118 0.3579 0.1635, 0.3937 0.3579 0.1635, 0.5118 0.3784 0.1653, 0.3937 0.3784 0.1653, 0.5118 0.3989 0.1635, 0.3937 0.3989 0.1635, 0.5118 0.8694 0.0805, 0.3937 0.8694 0.0805, 0.3937 0.8899 0.0787, 0.5118 0.8899 0.0787, 0.5118 1.0764 0.0787, 0.3937 1.0764 0.0787, 0.5118 1.0764 0.1181, 0.3937 1.0764 0.1181, 0.5118 0.8899 0.1181, 0.3937 0.8899 0.1181, 0.5118 0.8762 0.1193, 0.3937 0.8762 0.1193, 0.5118 0.4057 0.2023, 0.3937 0.4057 0.2023, 0.3937 0.3853 0.2045, 0.5118 0.3853 0.2045, 0.3937 0.3647 0.2041, 0.5118 0.3647 0.2041, 0.3937 0.3443 0.2009, 0.5118 0.3443 0.2009, 0.9449 0.1574 0.1343, 0.9449 0.3245 0.1952, 0.8268 0.1574 0.1343, 0.8268 0.3245 0.1952, 0.9449 0.1709 0.0973, 0.8268 0.1709 0.0973, 0.9449 0.338 0.1582, 0.8268 0.338 0.1582, 0.9449 0.3579 0.1635, 0.8268 0.3579 0.1635, 0.9449 0.3784 0.1653, 0.8268 0.3784 0.1653, 0.9449 0.3989 0.1635, 0.8268 0.3989 0.1635, 0.9449 0.8694 0.0805, 0.8268 0.8694 0.0805, 0.8268 0.8899 0.0787, 0.9449 0.8899 0.0787, 0.9449 1.0764 0.0787, 0.8268 1.0764 0.0787, 0.9449 1.0764 0.1181, 0.8268 1.0764 0.1181, 0.9449 0.8899 0.1181, 0.8268 0.8899 0.1181, 0.9449 0.8762 0.1193, 0.8268 0.8762 0.1193, 0.9449 0.4057 0.2023, 0.8268 0.4057 0.2023, 0.8268 0.3853 0.2045, 0.9449 0.3853 0.2045, 0.8268 0.3647 0.2041, 0.9449 0.3647 0.2041, 0.8268 0.3443 0.2009, 0.9449 0.3443 0.2009, 0.0787 0.1574 0.1343, 0.0787 0.3245 0.1952, -0.0394 0.1574 0.1343, -0.0394 0.3245 0.1952, 0.0787 0.1709 0.0973, -0.0394 0.1709 0.0973, 0.0787 0.338 0.1582, -0.0394 0.338 0.1582, 0.0787 0.3579 0.1635, -0.0394 0.3579 0.1635, 0.0787 0.3784 0.1653, -0.0394 0.3784 0.1653, 0.0787 0.3989 0.1635, -0.0394 0.3989 0.1635, 0.0787 0.8694 0.0805, -0.0394 0.8694 0.0805, -0.0394 0.8899 0.0787, 0.0787 0.8899 0.0787, 0.0787 1.0764 0.0787, -0.0394 1.0764 0.0787, 0.0787 1.0764 0.1181, -0.0394 1.0764 0.1181, 0.0787 0.8899 0.1181, -0.0394 0.8899 0.1181, 0.0787 0.8762 0.1193, -0.0394 0.8762 0.1193, 0.0787 0.4057 0.2023, -0.0394 0.4057 0.2023, -0.0394 0.3853 0.2045, 0.0787 0.3853 0.2045, -0.0394 0.3647 0.2041, 0.0787 0.3647 0.2041, -0.0394 0.3443 0.2009, 0.0787 0.3443 0.2009, -1.3386 2.2181 0.0197, -1.3386 2.041 0.0197, -1.2205 2.2181 0.0197, -1.2205 2.041 0.0197, -1.3386 2.2181 -0.0197, -1.2205 2.2181 -0.0197, -1.3386 2.041 -0.0197, -1.2205 2.041 -0.0197, -1.2205 2.0287 -0.0181, -1.3386 2.0287 -0.0181, -1.2205 2.0173 -0.0134, -1.3386 2.0173 -0.0134, -1.2205 2.0075 -0.0058, -1.3386 2.0075 -0.0058, -1.2205 2.0 0.0039, -1.3386 2.0 0.0039, -1.2205 1.9953 0.0153, -1.3386 1.9953 0.0153, -1.2205 1.9937 0.0276, -1.3386 1.9937 0.0276, -1.3386 1.9937 0.2831, -1.2205 1.9937 0.2831, -1.3386 1.9923 0.2946, -1.2205 1.9923 0.2946, -1.3386 1.9882 0.3053, -1.2205 1.9882 0.3053, -1.3386 1.9816 0.3147, -1.2205 1.9816 0.3147, -1.3386 1.9729 0.3223, -1.2205 1.9729 0.3223, -1.3386 1.9627 0.3275, -1.2205 1.9627 0.3275, -1.3386 1.9515 0.3301, -1.2205 1.9515 0.3301, -1.3386 1.7285 0.3541, -1.2205 1.7285 0.3541, -1.3386 1.7235 0.3543, -1.2205 1.7235 0.3543, -1.3386 1.6669 0.3543, -1.2205 1.6669 0.3543, -1.3386 1.6669 0.3937, -1.2205 1.6669 0.3937, -1.3386 1.7235 0.3937, -1.2205 1.7235 0.3937, -1.2205 1.7327 0.3932, -1.3386 1.7327 0.3932, -1.3386 1.9557 0.3693, -1.2205 1.9557 0.3693, -1.2205 1.9712 0.3661, -1.3386 1.9712 0.3661, -1.2205 1.9859 0.3603, -1.3386 1.9859 0.3603, -1.2205 1.9993 0.3518, -1.3386 1.9993 0.3518, -1.2205 2.0109 0.341, -1.3386 2.0109 0.341, -1.2205 2.0204 0.3283, -1.3386 2.0204 0.3283, -1.2205 2.0273 0.3141, -1.3386 2.0273 0.3141, -1.2205 2.0316 0.2989, -1.3386 2.0316 0.2989, -1.2205 2.0331 0.2831, -1.3386 2.0331 0.2831, -1.3386 2.0331 0.0276, -1.2205 2.0331 0.0276, -1.3386 2.0334 0.0255, -1.2205 2.0334 0.0255, -1.3386 2.0341 0.0236, -1.2205 2.0341 0.0236, -1.3386 2.0354 0.022, -1.2205 2.0354 0.022, -1.3386 2.037 0.0207, -1.2205 2.037 0.0207, -1.3386 2.0389 0.02, -1.2205 2.0389 0.02, -0.3544 0.1574 0.1343, -0.3544 0.3245 0.1952, -0.4725 0.1574 0.1343, -0.4725 0.3245 0.1952, -0.3544 0.1709 0.0973, -0.4725 0.1709 0.0973, -0.3544 0.338 0.1582, -0.4725 0.338 0.1582, -0.3544 0.3579 0.1635, -0.4725 0.3579 0.1635, -0.3544 0.3784 0.1653, -0.4725 0.3784 0.1653, -0.3544 0.3989 0.1635, -0.4725 0.3989 0.1635, -0.3544 0.8694 0.0805, -0.4725 0.8694 0.0805, -0.4725 0.8899 0.0787, -0.3544 0.8899 0.0787, -0.3544 1.0764 0.0787, -0.4725 1.0764 0.0787, -0.3544 1.0764 0.1181, -0.4725 1.0764 0.1181, -0.3544 0.8899 0.1181, -0.4725 0.8899 0.1181, -0.3544 0.8762 0.1193, -0.4725 0.8762 0.1193, -0.3544 0.4057 0.2023, -0.4725 0.4057 0.2023, -0.4725 0.3853 0.2045, -0.3544 0.3853 0.2045, -0.4725 0.3647 0.2041, -0.3544 0.3647 0.2041, -0.4725 0.3443 0.2009, -0.3544 0.3443 0.2009, 0.3937 2.2181 0.0197, 0.3937 2.041 0.0197, 0.5118 2.2181 0.0197, 0.5118 2.041 0.0197, 0.3937 2.2181 -0.0197, 0.5118 2.2181 -0.0197, 0.3937 2.041 -0.0197, 0.5118 2.041 -0.0197, 0.5118 2.0287 -0.0181, 0.3937 2.0287 -0.0181, 0.5118 2.0173 -0.0134, 0.3937 2.0173 -0.0134, 0.5118 2.0075 -0.0058, 0.3937 2.0075 -0.0058, 0.5118 2.0 0.0039, 0.3937 2.0 0.0039, 0.5118 1.9953 0.0153, 0.3937 1.9953 0.0153, 0.5118 1.9937 0.0276, 0.3937 1.9937 0.0276, 0.3937 1.9937 0.2831, 0.5118 1.9937 0.2831, 0.3937 1.9923 0.2946, 0.5118 1.9923 0.2946, 0.3937 1.9882 0.3053, 0.5118 1.9882 0.3053, 0.3937 1.9816 0.3147, 0.5118 1.9816 0.3147, 0.3937 1.9729 0.3223, 0.5118 1.9729 0.3223, 0.3937 1.9627 0.3275, 0.5118 1.9627 0.3275, 0.3937 1.9515 0.3301, 0.5118 1.9515 0.3301, 0.3937 1.7285 0.3541, 0.5118 1.7285 0.3541, 0.3937 1.7235 0.3543, 0.5118 1.7235 0.3543, 0.3937 1.6669 0.3543, 0.5118 1.6669 0.3543, 0.3937 1.6669 0.3937, 0.5118 1.6669 0.3937, 0.3937 1.7235 0.3937, 0.5118 1.7235 0.3937, 0.5118 1.7327 0.3932, 0.3937 1.7327 0.3932, 0.3937 1.9557 0.3693, 0.5118 1.9557 0.3693, 0.5118 1.9712 0.3661, 0.3937 1.9712 0.3661, 0.5118 1.9859 0.3603, 0.3937 1.9859 0.3603, 0.5118 1.9993 0.3518, 0.3937 1.9993 0.3518, 0.5118 2.0109 0.341, 0.3937 2.0109 0.341, 0.5118 2.0204 0.3283, 0.3937 2.0204 0.3283, 0.5118 2.0273 0.3141, 0.3937 2.0273 0.3141, 0.5118 2.0316 0.2989, 0.3937 2.0316 0.2989, 0.5118 2.0331 0.2831, 0.3937 2.0331 0.2831, 0.3937 2.0331 0.0276, 0.5118 2.0331 0.0276, 0.3937 2.0334 0.0255, 0.5118 2.0334 0.0255, 0.3937 2.0341 0.0236, 0.5118 2.0341 0.0236, 0.3937 2.0354 0.022, 0.5118 2.0354 0.022, 0.3937 2.037 0.0207, 0.5118 2.037 0.0207, 0.3937 2.0389 0.02, 0.5118 2.0389 0.02, -0.7874 0.1574 0.1343, -0.7874 0.3245 0.1952, -0.9055 0.1574 0.1343, -0.9055 0.3245 0.1952, -0.7874 0.1709 0.0973, -0.9055 0.1709 0.0973, -0.7874 0.338 0.1582, -0.9055 0.338 0.1582, -0.7874 0.3579 0.1635, -0.9055 0.3579 0.1635, -0.7874 0.3784 0.1653, -0.9055 0.3784 0.1653, -0.7874 0.3989 0.1635, -0.9055 0.3989 0.1635, -0.7874 0.8694 0.0805, -0.9055 0.8694 0.0805, -0.9055 0.8899 0.0787, -0.7874 0.8899 0.0787, -0.7874 1.0764 0.0787, -0.9055 1.0764 0.0787, -0.7874 1.0764 0.1181, -0.9055 1.0764 0.1181, -0.7874 0.8899 0.1181, -0.9055 0.8899 0.1181, -0.7874 0.8762 0.1193, -0.9055 0.8762 0.1193, -0.7874 0.4057 0.2023, -0.9055 0.4057 0.2023, -0.9055 0.3853 0.2045, -0.7874 0.3853 0.2045, -0.9055 0.3647 0.2041, -0.7874 0.3647 0.2041, -0.9055 0.3443 0.2009, -0.7874 0.3443 0.2009, -1.2205 0.1574 0.1343, -1.2205 0.3245 0.1952, -1.3386 0.1574 0.1343, -1.3386 0.3245 0.1952, -1.2205 0.1709 0.0973, -1.3386 0.1709 0.0973, -1.2205 0.338 0.1582, -1.3386 0.338 0.1582, -1.2205 0.3579 0.1635, -1.3386 0.3579 0.1635, -1.2205 0.3784 0.1653, -1.3386 0.3784 0.1653, -1.2205 0.3989 0.1635, -1.3386 0.3989 0.1635, -1.2205 0.8694 0.0805, -1.3386 0.8694 0.0805, -1.3386 0.8899 0.0787, -1.2205 0.8899 0.0787, -1.2205 1.0764 0.0787, -1.3386 1.0764 0.0787, -1.2205 1.0764 0.1181, -1.3386 1.0764 0.1181, -1.2205 0.8899 0.1181, -1.3386 0.8899 0.1181, -1.2205 0.8762 0.1193, -1.3386 0.8762 0.1193, -1.2205 0.4057 0.2023, -1.3386 0.4057 0.2023, -1.3386 0.3853 0.2045, -1.2205 0.3853 0.2045, -1.3386 0.3647 0.2041, -1.2205 0.3647 0.2041, -1.3386 0.3443 0.2009, -1.2205 0.3443 0.2009, -2.6378 2.2181 0.0197, -2.6378 2.041 0.0197, -2.5197 2.2181 0.0197, -2.5197 2.041 0.0197, -2.6378 2.2181 -0.0197, -2.5197 2.2181 -0.0197, -2.6378 2.041 -0.0197, -2.5197 2.041 -0.0197, -2.5197 2.0287 -0.0181, -2.6378 2.0287 -0.0181, -2.5197 2.0173 -0.0134, -2.6378 2.0173 -0.0134, -2.5197 2.0075 -0.0058, -2.6378 2.0075 -0.0058, -2.5197 2.0 0.0039, -2.6378 2.0 0.0039, -2.5197 1.9953 0.0153, -2.6378 1.9953 0.0153, -2.5197 1.9937 0.0276, -2.6378 1.9937 0.0276, -2.6378 1.9937 0.2831, -2.5197 1.9937 0.2831, -2.6378 1.9923 0.2946, -2.5197 1.9923 0.2946, -2.6378 1.9882 0.3053, -2.5197 1.9882 0.3053, -2.6378 1.9816 0.3147, -2.5197 1.9816 0.3147, -2.6378 1.9729 0.3223, -2.5197 1.9729 0.3223, -2.6378 1.9627 0.3275, -2.5197 1.9627 0.3275, -2.6378 1.9515 0.3301, -2.5197 1.9515 0.3301, -2.6378 1.7285 0.3541, -2.5197 1.7285 0.3541, -2.6378 1.7235 0.3543, -2.5197 1.7235 0.3543, -2.6378 1.6669 0.3543, -2.5197 1.6669 0.3543, -2.6378 1.6669 0.3937, -2.5197 1.6669 0.3937, -2.6378 1.7235 0.3937, -2.5197 1.7235 0.3937, -2.5197 1.7327 0.3932, -2.6378 1.7327 0.3932, -2.6378 1.9557 0.3693, -2.5197 1.9557 0.3693, -2.5197 1.9712 0.3661, -2.6378 1.9712 0.3661, -2.5197 1.9859 0.3603, -2.6378 1.9859 0.3603, -2.5197 1.9993 0.3518, -2.6378 1.9993 0.3518, -2.5197 2.0109 0.341, -2.6378 2.0109 0.341, -2.5197 2.0204 0.3283, -2.6378 2.0204 0.3283, -2.5197 2.0273 0.3141, -2.6378 2.0273 0.3141, -2.5197 2.0316 0.2989, -2.6378 2.0316 0.2989, -2.5197 2.0331 0.2831, -2.6378 2.0331 0.2831, -2.6378 2.0331 0.0276, -2.5197 2.0331 0.0276, -2.6378 2.0334 0.0255, -2.5197 2.0334 0.0255, -2.6378 2.0341 0.0236, -2.5197 2.0341 0.0236, -2.6378 2.0354 0.022, -2.5197 2.0354 0.022, -2.6378 2.037 0.0207, -2.5197 2.037 0.0207, -2.6378 2.0389 0.02, -2.5197 2.0389 0.02, -1.6536 0.1574 0.1343, -1.6536 0.3245 0.1952, -1.7717 0.1574 0.1343, -1.7717 0.3245 0.1952, -1.6536 0.1709 0.0973, -1.7717 0.1709 0.0973, -1.6536 0.338 0.1582, -1.7717 0.338 0.1582, -1.6536 0.3579 0.1635, -1.7717 0.3579 0.1635, -1.6536 0.3784 0.1653, -1.7717 0.3784 0.1653, -1.6536 0.3989 0.1635, -1.7717 0.3989 0.1635, -1.6536 0.8694 0.0805, -1.7717 0.8694 0.0805, -1.7717 0.8899 0.0787, -1.6536 0.8899 0.0787, -1.6536 1.0764 0.0787, -1.7717 1.0764 0.0787, -1.6536 1.0764 0.1181, -1.7717 1.0764 0.1181, -1.6536 0.8899 0.1181, -1.7717 0.8899 0.1181, -1.6536 0.8762 0.1193, -1.7717 0.8762 0.1193, -1.6536 0.4057 0.2023, -1.7717 0.4057 0.2023, -1.7717 0.3853 0.2045, -1.6536 0.3853 0.2045, -1.7717 0.3647 0.2041, -1.6536 0.3647 0.2041, -1.7717 0.3443 0.2009, -1.6536 0.3443 0.2009, -1.7717 2.2181 0.0197, -1.7717 2.041 0.0197, -1.6536 2.2181 0.0197, -1.6536 2.041 0.0197, -1.7717 2.2181 -0.0197, -1.6536 2.2181 -0.0197, -1.7717 2.041 -0.0197, -1.6536 2.041 -0.0197, -1.6536 2.0287 -0.0181, -1.7717 2.0287 -0.0181, -1.6536 2.0173 -0.0134, -1.7717 2.0173 -0.0134, -1.6536 2.0075 -0.0058, -1.7717 2.0075 -0.0058, -1.6536 2.0 0.0039, -1.7717 2.0 0.0039, -1.6536 1.9953 0.0153, -1.7717 1.9953 0.0153, -1.6536 1.9937 0.0276, -1.7717 1.9937 0.0276, -1.7717 1.9937 0.2831, -1.6536 1.9937 0.2831, -1.7717 1.9923 0.2946, -1.6536 1.9923 0.2946, -1.7717 1.9882 0.3053, -1.6536 1.9882 0.3053, -1.7717 1.9816 0.3147, -1.6536 1.9816 0.3147, -1.7717 1.9729 0.3223, -1.6536 1.9729 0.3223, -1.7717 1.9627 0.3275, -1.6536 1.9627 0.3275, -1.7717 1.9515 0.3301, -1.6536 1.9515 0.3301, -1.7717 1.7285 0.3541, -1.6536 1.7285 0.3541, -1.7717 1.7235 0.3543, -1.6536 1.7235 0.3543, -1.7717 1.6669 0.3543, -1.6536 1.6669 0.3543, -1.7717 1.6669 0.3937, -1.6536 1.6669 0.3937, -1.7717 1.7235 0.3937, -1.6536 1.7235 0.3937, -1.6536 1.7327 0.3932, -1.7717 1.7327 0.3932, -1.7717 1.9557 0.3693, -1.6536 1.9557 0.3693, -1.6536 1.9712 0.3661, -1.7717 1.9712 0.3661, -1.6536 1.9859 0.3603, -1.7717 1.9859 0.3603, -1.6536 1.9993 0.3518, -1.7717 1.9993 0.3518, -1.6536 2.0109 0.341, -1.7717 2.0109 0.341, -1.6536 2.0204 0.3283, -1.7717 2.0204 0.3283, -1.6536 2.0273 0.3141, -1.7717 2.0273 0.3141, -1.6536 2.0316 0.2989, -1.7717 2.0316 0.2989, -1.6536 2.0331 0.2831, -1.7717 2.0331 0.2831, -1.7717 2.0331 0.0276, -1.6536 2.0331 0.0276, -1.7717 2.0334 0.0255, -1.6536 2.0334 0.0255, -1.7717 2.0341 0.0236, -1.6536 2.0341 0.0236, -1.7717 2.0354 0.022, -1.6536 2.0354 0.022, -1.7717 2.037 0.0207, -1.6536 2.037 0.0207, -1.7717 2.0389 0.02, -1.6536 2.0389 0.02, -0.0394 2.2181 0.0197, -0.0394 2.041 0.0197, 0.0787 2.2181 0.0197, 0.0787 2.041 0.0197, -0.0394 2.2181 -0.0197, 0.0787 2.2181 -0.0197, -0.0394 2.041 -0.0197, 0.0787 2.041 -0.0197, 0.0787 2.0287 -0.0181, -0.0394 2.0287 -0.0181, 0.0787 2.0173 -0.0134, -0.0394 2.0173 -0.0134, 0.0787 2.0075 -0.0058, -0.0394 2.0075 -0.0058, 0.0787 2.0 0.0039, -0.0394 2.0 0.0039, 0.0787 1.9953 0.0153, -0.0394 1.9953 0.0153, 0.0787 1.9937 0.0276, -0.0394 1.9937 0.0276, -0.0394 1.9937 0.2831, 0.0787 1.9937 0.2831, -0.0394 1.9923 0.2946, 0.0787 1.9923 0.2946, -0.0394 1.9882 0.3053, 0.0787 1.9882 0.3053, -0.0394 1.9816 0.3147, 0.0787 1.9816 0.3147, -0.0394 1.9729 0.3223, 0.0787 1.9729 0.3223, -0.0394 1.9627 0.3275, 0.0787 1.9627 0.3275, -0.0394 1.9515 0.3301, 0.0787 1.9515 0.3301, -0.0394 1.7285 0.3541, 0.0787 1.7285 0.3541, -0.0394 1.7235 0.3543, 0.0787 1.7235 0.3543, -0.0394 1.6669 0.3543, 0.0787 1.6669 0.3543, -0.0394 1.6669 0.3937, 0.0787 1.6669 0.3937, -0.0394 1.7235 0.3937, 0.0787 1.7235 0.3937, 0.0787 1.7327 0.3932, -0.0394 1.7327 0.3932, -0.0394 1.9557 0.3693, 0.0787 1.9557 0.3693, 0.0787 1.9712 0.3661, -0.0394 1.9712 0.3661, 0.0787 1.9859 0.3603, -0.0394 1.9859 0.3603, 0.0787 1.9993 0.3518, -0.0394 1.9993 0.3518, 0.0787 2.0109 0.341, -0.0394 2.0109 0.341, 0.0787 2.0204 0.3283, -0.0394 2.0204 0.3283, 0.0787 2.0273 0.3141, -0.0394 2.0273 0.3141, 0.0787 2.0316 0.2989, -0.0394 2.0316 0.2989, 0.0787 2.0331 0.2831, -0.0394 2.0331 0.2831, -0.0394 2.0331 0.0276, 0.0787 2.0331 0.0276, -0.0394 2.0334 0.0255, 0.0787 2.0334 0.0255, -0.0394 2.0341 0.0236, 0.0787 2.0341 0.0236, -0.0394 2.0354 0.022, 0.0787 2.0354 0.022, -0.0394 2.037 0.0207, 0.0787 2.037 0.0207, -0.0394 2.0389 0.02, 0.0787 2.0389 0.02, -2.0866 0.1574 0.1343, -2.0866 0.3245 0.1952, -2.2047 0.1574 0.1343, -2.2047 0.3245 0.1952, -2.0866 0.1709 0.0973, -2.2047 0.1709 0.0973, -2.0866 0.338 0.1582, -2.2047 0.338 0.1582, -2.0866 0.3579 0.1635, -2.2047 0.3579 0.1635, -2.0866 0.3784 0.1653, -2.2047 0.3784 0.1653, -2.0866 0.3989 0.1635, -2.2047 0.3989 0.1635, -2.0866 0.8694 0.0805, -2.2047 0.8694 0.0805, -2.2047 0.8899 0.0787, -2.0866 0.8899 0.0787, -2.0866 1.0764 0.0787, -2.2047 1.0764 0.0787, -2.0866 1.0764 0.1181, -2.2047 1.0764 0.1181, -2.0866 0.8899 0.1181, -2.2047 0.8899 0.1181, -2.0866 0.8762 0.1193, -2.2047 0.8762 0.1193, -2.0866 0.4057 0.2023, -2.2047 0.4057 0.2023, -2.2047 0.3853 0.2045, -2.0866 0.3853 0.2045, -2.2047 0.3647 0.2041, -2.0866 0.3647 0.2041, -2.2047 0.3443 0.2009, -2.0866 0.3443 0.2009, -2.9036 0.1512 0.5512, -2.8248 0.1512 0.5512, -2.9028 0.1622 0.5512, -2.8248 0.1518 0.5512, -2.7468 0.736 0.5512, -2.8249 0.7464 0.5512, -2.8249 0.747 0.5512, -2.7461 0.7479 0.5512, -2.8249 0.7475 0.5512, -2.7471 0.7597 0.5512, -2.8005 1.1004 0.5512, -2.8783 1.0882 0.5512, -2.8005 1.1004 0.3543, -2.7471 0.7597 0.3543, -2.8783 1.0882 0.3543, -2.8249 0.7475 0.3543, -2.8249 0.747 0.3543, -2.8249 0.7464 0.3543, -2.9028 0.1622 0.3543, -2.9036 0.1512 0.3543, -2.9036 -0.1835 0.5512, -2.9036 -0.1835 0.3543, -2.8248 -0.1835 0.5512, -2.8248 -0.1835 0.3543, -2.8248 0.1512 0.3543, -2.8248 0.1518 0.3543, -2.7468 0.736 0.3543, -2.7461 0.7479 0.3543, -2.5197 0.1574 0.1343, -2.5197 0.3245 0.1952, -2.6378 0.1574 0.1343, -2.6378 0.3245 0.1952, -2.5197 0.1709 0.0973, -2.6378 0.1709 0.0973, -2.5197 0.338 0.1582, -2.6378 0.338 0.1582, -2.5197 0.3579 0.1635, -2.6378 0.3579 0.1635, -2.5197 0.3784 0.1653, -2.6378 0.3784 0.1653, -2.5197 0.3989 0.1635, -2.6378 0.3989 0.1635, -2.5197 0.8694 0.0805, -2.6378 0.8694 0.0805, -2.6378 0.8899 0.0787, -2.5197 0.8899 0.0787, -2.5197 1.0764 0.0787, -2.6378 1.0764 0.0787, -2.5197 1.0764 0.1181, -2.6378 1.0764 0.1181, -2.5197 0.8899 0.1181, -2.6378 0.8899 0.1181, -2.5197 0.8762 0.1193, -2.6378 0.8762 0.1193, -2.5197 0.4057 0.2023, -2.6378 0.4057 0.2023, -2.6378 0.3853 0.2045, -2.5197 0.3853 0.2045, -2.6378 0.3647 0.2041, -2.5197 0.3647 0.2041, -2.6378 0.3443 0.2009, -2.5197 0.3443 0.2009, -2.2047 2.2181 0.0197, -2.2047 2.041 0.0197, -2.0866 2.2181 0.0197, -2.0866 2.041 0.0197, -2.2047 2.2181 -0.0197, -2.0866 2.2181 -0.0197, -2.2047 2.041 -0.0197, -2.0866 2.041 -0.0197, -2.0866 2.0287 -0.0181, -2.2047 2.0287 -0.0181, -2.0866 2.0173 -0.0134, -2.2047 2.0173 -0.0134, -2.0866 2.0075 -0.0058, -2.2047 2.0075 -0.0058, -2.0866 2.0 0.0039, -2.2047 2.0 0.0039, -2.0866 1.9953 0.0153, -2.2047 1.9953 0.0153, -2.0866 1.9937 0.0276, -2.2047 1.9937 0.0276, -2.2047 1.9937 0.2831, -2.0866 1.9937 0.2831, -2.2047 1.9923 0.2946, -2.0866 1.9923 0.2946, -2.2047 1.9882 0.3053, -2.0866 1.9882 0.3053, -2.2047 1.9816 0.3147, -2.0866 1.9816 0.3147, -2.2047 1.9729 0.3223, -2.0866 1.9729 0.3223, -2.2047 1.9627 0.3275, -2.0866 1.9627 0.3275, -2.2047 1.9515 0.3301, -2.0866 1.9515 0.3301, -2.2047 1.7285 0.3541, -2.0866 1.7285 0.3541, -2.2047 1.7235 0.3543, -2.0866 1.7235 0.3543, -2.2047 1.6669 0.3543, -2.0866 1.6669 0.3543, -2.2047 1.6669 0.3937, -2.0866 1.6669 0.3937, -2.2047 1.7235 0.3937, -2.0866 1.7235 0.3937, -2.0866 1.7327 0.3932, -2.2047 1.7327 0.3932, -2.2047 1.9557 0.3693, -2.0866 1.9557 0.3693, -2.0866 1.9712 0.3661, -2.2047 1.9712 0.3661, -2.0866 1.9859 0.3603, -2.2047 1.9859 0.3603, -2.0866 1.9993 0.3518, -2.2047 1.9993 0.3518, -2.0866 2.0109 0.341, -2.2047 2.0109 0.341, -2.0866 2.0204 0.3283, -2.2047 2.0204 0.3283, -2.0866 2.0273 0.3141, -2.2047 2.0273 0.3141, -2.0866 2.0316 0.2989, -2.2047 2.0316 0.2989, -2.0866 2.0331 0.2831, -2.2047 2.0331 0.2831, -2.2047 2.0331 0.0276, -2.0866 2.0331 0.0276, -2.2047 2.0334 0.0255, -2.0866 2.0334 0.0255, -2.2047 2.0341 0.0236, -2.0866 2.0341 0.0236, -2.2047 2.0354 0.022, -2.0866 2.0354 0.022, -2.2047 2.037 0.0207, -2.0866 2.037 0.0207, -2.2047 2.0389 0.02, -2.0866 2.0389 0.02, -0.4725 2.2181 0.0197, -0.4725 2.041 0.0197, -0.3544 2.2181 0.0197, -0.3544 2.041 0.0197, -0.4725 2.2181 -0.0197, -0.3544 2.2181 -0.0197, -0.4725 2.041 -0.0197, -0.3544 2.041 -0.0197, -0.3544 2.0287 -0.0181, -0.4725 2.0287 -0.0181, -0.3544 2.0173 -0.0134, -0.4725 2.0173 -0.0134, -0.3544 2.0075 -0.0058, -0.4725 2.0075 -0.0058, -0.3544 2.0 0.0039, -0.4725 2.0 0.0039, -0.3544 1.9953 0.0153, -0.4725 1.9953 0.0153, -0.3544 1.9937 0.0276, -0.4725 1.9937 0.0276, -0.4725 1.9937 0.2831, -0.3544 1.9937 0.2831, -0.4725 1.9923 0.2946, -0.3544 1.9923 0.2946, -0.4725 1.9882 0.3053, -0.3544 1.9882 0.3053, -0.4725 1.9816 0.3147, -0.3544 1.9816 0.3147, -0.4725 1.9729 0.3223, -0.3544 1.9729 0.3223, -0.4725 1.9627 0.3275, -0.3544 1.9627 0.3275, -0.4725 1.9515 0.3301, -0.3544 1.9515 0.3301, -0.4725 1.7285 0.3541, -0.3544 1.7285 0.3541, -0.4725 1.7235 0.3543, -0.3544 1.7235 0.3543, -0.4725 1.6669 0.3543, -0.3544 1.6669 0.3543, -0.4725 1.6669 0.3937, -0.3544 1.6669 0.3937, -0.4725 1.7235 0.3937, -0.3544 1.7235 0.3937, -0.3544 1.7327 0.3932, -0.4725 1.7327 0.3932, -0.4725 1.9557 0.3693, -0.3544 1.9557 0.3693, -0.3544 1.9712 0.3661, -0.4725 1.9712 0.3661, -0.3544 1.9859 0.3603, -0.4725 1.9859 0.3603, -0.3544 1.9993 0.3518, -0.4725 1.9993 0.3518, -0.3544 2.0109 0.341, -0.4725 2.0109 0.341, -0.3544 2.0204 0.3283, -0.4725 2.0204 0.3283, -0.3544 2.0273 0.3141, -0.4725 2.0273 0.3141, -0.3544 2.0316 0.2989, -0.4725 2.0316 0.2989, -0.3544 2.0331 0.2831, -0.4725 2.0331 0.2831, -0.4725 2.0331 0.0276, -0.3544 2.0331 0.0276, -0.4725 2.0334 0.0255, -0.3544 2.0334 0.0255, -0.4725 2.0341 0.0236, -0.3544 2.0341 0.0236, -0.4725 2.0354 0.022, -0.3544 2.0354 0.022, -0.4725 2.037 0.0207, -0.3544 2.037 0.0207, -0.4725 2.0389 0.02, -0.3544 2.0389 0.02, -0.9055 2.2181 0.0197, -0.9055 2.041 0.0197, -0.7874 2.2181 0.0197, -0.7874 2.041 0.0197, -0.9055 2.2181 -0.0197, -0.7874 2.2181 -0.0197, -0.9055 2.041 -0.0197, -0.7874 2.041 -0.0197, -0.7874 2.0287 -0.0181, -0.9055 2.0287 -0.0181, -0.7874 2.0173 -0.0134, -0.9055 2.0173 -0.0134, -0.7874 2.0075 -0.0058, -0.9055 2.0075 -0.0058, -0.7874 2.0 0.0039, -0.9055 2.0 0.0039, -0.7874 1.9953 0.0153, -0.9055 1.9953 0.0153, -0.7874 1.9937 0.0276, -0.9055 1.9937 0.0276, -0.9055 1.9937 0.2831, -0.7874 1.9937 0.2831, -0.9055 1.9923 0.2946, -0.7874 1.9923 0.2946, -0.9055 1.9882 0.3053, -0.7874 1.9882 0.3053, -0.9055 1.9816 0.3147, -0.7874 1.9816 0.3147, -0.9055 1.9729 0.3223, -0.7874 1.9729 0.3223, -0.9055 1.9627 0.3275, -0.7874 1.9627 0.3275, -0.9055 1.9515 0.3301, -0.7874 1.9515 0.3301, -0.9055 1.7285 0.3541, -0.7874 1.7285 0.3541, -0.9055 1.7235 0.3543, -0.7874 1.7235 0.3543, -0.9055 1.6669 0.3543, -0.7874 1.6669 0.3543, -0.9055 1.6669 0.3937, -0.7874 1.6669 0.3937, -0.9055 1.7235 0.3937, -0.7874 1.7235 0.3937, -0.7874 1.7327 0.3932, -0.9055 1.7327 0.3932, -0.9055 1.9557 0.3693, -0.7874 1.9557 0.3693, -0.7874 1.9712 0.3661, -0.9055 1.9712 0.3661, -0.7874 1.9859 0.3603, -0.9055 1.9859 0.3603, -0.7874 1.9993 0.3518, -0.9055 1.9993 0.3518, -0.7874 2.0109 0.341, -0.9055 2.0109 0.341, -0.7874 2.0204 0.3283, -0.9055 2.0204 0.3283, -0.7874 2.0273 0.3141, -0.9055 2.0273 0.3141, -0.7874 2.0316 0.2989, -0.9055 2.0316 0.2989, -0.7874 2.0331 0.2831, -0.9055 2.0331 0.2831, -0.9055 2.0331 0.0276, -0.7874 2.0331 0.0276, -0.9055 2.0334 0.0255, -0.7874 2.0334 0.0255, -0.9055 2.0341 0.0236, -0.7874 2.0341 0.0236, -0.9055 2.0354 0.022, -0.7874 2.0354 0.022, -0.9055 2.037 0.0207, -0.7874 2.037 0.0207, -0.9055 2.0389 0.02, -0.7874 2.0389 0.02
            ]
        }
        coordIndex [
            0,1,2,-1,2,1,3,-1,4,0,5,-1,5,0,2,-1,6,4,7,-1,7,4,5,-1,6,7,8,-1,8,7,9,-1,8,9,10,-1,10,9,11,-1,10,11,12,-1,12,11,13,-1,14,12,15,-1,15,12,13,-1,15,16,14,-1,14,16,17,-1,18,17,19,-1,19,17,16,-1,20,18,21,-1,21,18,19,-1,22,20,23,-1,23,20,21,-1,22,23,24,-1,24,23,25,-1,26,24,27,-1,27,24,25,-1,26,27,28,-1,26,28,29,-1,29,28,30,-1,29,30,31,-1,31,30,32,-1,31,32,33,-1,33,32,3,-1,33,3,1,-1,10,31,8,-1,8,31,33,-1,8,33,6,-1,6,33,1,-1,6,1,4,-1,4,1,0,-1,18,20,17,-1,17,20,22,-1,17,22,14,-1,14,22,24,-1,14,24,12,-1,12,24,26,-1,12,26,10,-1,10,26,29,-1,10,29,31,-1,21,19,23,-1,23,19,16,-1,23,16,25,-1,25,16,15,-1,25,15,27,-1,27,15,13,-1,27,13,28,-1,28,13,11,-1,28,11,30,-1,30,11,9,-1,5,2,7,-1,7,2,3,-1,7,3,9,-1,9,3,32,-1,9,32,30,-1,34,35,36,-1,36,35,37,-1,38,34,39,-1,39,34,36,-1,40,38,41,-1,41,38,39,-1,40,41,42,-1,42,41,43,-1,42,43,44,-1,44,43,45,-1,44,45,46,-1,46,45,47,-1,48,46,49,-1,49,46,47,-1,49,50,48,-1,48,50,51,-1,52,51,53,-1,53,51,50,-1,54,52,55,-1,55,52,53,-1,56,54,57,-1,57,54,55,-1,56,57,58,-1,58,57,59,-1,60,58,61,-1,61,58,59,-1,60,61,62,-1,60,62,63,-1,63,62,64,-1,63,64,65,-1,65,64,66,-1,65,66,67,-1,67,66,37,-1,67,37,35,-1,44,65,42,-1,42,65,67,-1,42,67,40,-1,40,67,35,-1,40,35,38,-1,38,35,34,-1,52,54,51,-1,51,54,56,-1,51,56,48,-1,48,56,58,-1,48,58,46,-1,46,58,60,-1,46,60,44,-1,44,60,63,-1,44,63,65,-1,55,53,57,-1,57,53,50,-1,57,50,59,-1,59,50,49,-1,59,49,61,-1,61,49,47,-1,61,47,62,-1,62,47,45,-1,62,45,64,-1,64,45,43,-1,39,36,41,-1,41,36,37,-1,41,37,43,-1,43,37,66,-1,43,66,64,-1,68,69,70,-1,70,69,71,-1,72,68,73,-1,73,68,70,-1,74,72,75,-1,75,72,73,-1,74,75,76,-1,76,75,77,-1,76,77,78,-1,78,77,79,-1,78,79,80,-1,80,79,81,-1,82,80,83,-1,83,80,81,-1,83,84,82,-1,82,84,85,-1,86,85,87,-1,87,85,84,-1,88,86,89,-1,89,86,87,-1,90,88,91,-1,91,88,89,-1,90,91,92,-1,92,91,93,-1,94,92,95,-1,95,92,93,-1,94,95,96,-1,94,96,97,-1,97,96,98,-1,97,98,99,-1,99,98,100,-1,99,100,101,-1,101,100,71,-1,101,71,69,-1,78,99,76,-1,76,99,101,-1,76,101,74,-1,74,101,69,-1,74,69,72,-1,72,69,68,-1,86,88,85,-1,85,88,90,-1,85,90,82,-1,82,90,92,-1,82,92,80,-1,80,92,94,-1,80,94,78,-1,78,94,97,-1,78,97,99,-1,89,87,91,-1,91,87,84,-1,91,84,93,-1,93,84,83,-1,93,83,95,-1,95,83,81,-1,95,81,96,-1,96,81,79,-1,96,79,98,-1,98,79,77,-1,73,70,75,-1,75,70,71,-1,75,71,77,-1,77,71,100,-1,77,100,98,-1,102,103,104,-1,104,103,105,-1,106,102,107,-1,107,102,104,-1,108,106,109,-1,109,106,107,-1,108,109,110,-1,108,110,111,-1,111,110,112,-1,111,112,113,-1,113,112,114,-1,113,114,115,-1,115,114,116,-1,115,116,117,-1,117,116,118,-1,117,118,119,-1,119,118,120,-1,119,120,121,-1,122,121,123,-1,123,121,120,-1,122,123,124,-1,124,123,125,-1,124,125,126,-1,126,125,127,-1,126,127,128,-1,128,127,129,-1,128,129,130,-1,130,129,131,-1,130,131,132,-1,132,131,133,-1,132,133,134,-1,134,133,135,-1,136,134,137,-1,137,134,135,-1,136,137,138,-1,138,137,139,-1,140,138,141,-1,141,138,139,-1,142,140,143,-1,143,140,141,-1,144,142,145,-1,145,142,143,-1,145,146,144,-1,144,146,147,-1,148,147,149,-1,149,147,146,-1,148,149,150,-1,148,150,151,-1,151,150,152,-1,151,152,153,-1,153,152,154,-1,153,154,155,-1,155,154,156,-1,155,156,157,-1,157,156,158,-1,157,158,159,-1,159,158,160,-1,159,160,161,-1,161,160,162,-1,161,162,163,-1,163,162,164,-1,163,164,165,-1,166,165,167,-1,167,165,164,-1,166,167,168,-1,168,167,169,-1,168,169,170,-1,170,169,171,-1,170,171,172,-1,172,171,173,-1,172,173,174,-1,174,173,175,-1,174,175,176,-1,176,175,177,-1,176,177,103,-1,103,177,105,-1,132,153,130,-1,130,153,155,-1,130,155,128,-1,128,155,157,-1,128,157,126,-1,157,159,126,-1,126,159,161,-1,126,161,124,-1,124,161,163,-1,124,163,122,-1,122,163,165,-1,122,165,121,-1,121,165,166,-1,121,166,119,-1,119,166,168,-1,119,168,117,-1,117,168,170,-1,117,170,115,-1,115,170,172,-1,115,172,113,-1,113,172,174,-1,113,174,111,-1,111,174,176,-1,111,176,108,-1,108,176,103,-1,108,103,106,-1,106,103,102,-1,140,142,138,-1,138,142,144,-1,138,144,136,-1,136,144,147,-1,136,147,134,-1,134,147,148,-1,134,148,132,-1,132,148,151,-1,132,151,153,-1,125,160,127,-1,127,160,158,-1,127,158,129,-1,129,158,156,-1,129,156,131,-1,107,104,109,-1,109,104,105,-1,109,105,110,-1,110,105,177,-1,110,177,112,-1,112,177,175,-1,112,175,114,-1,114,175,173,-1,114,173,116,-1,116,173,171,-1,116,171,118,-1,118,171,169,-1,118,169,120,-1,120,169,167,-1,120,167,123,-1,123,167,164,-1,123,164,125,-1,125,164,162,-1,125,162,160,-1,156,154,131,-1,131,154,152,-1,131,152,133,-1,133,152,150,-1,133,150,135,-1,135,150,149,-1,135,149,137,-1,137,149,146,-1,137,146,139,-1,139,146,145,-1,139,145,141,-1,141,145,143,-1,178,179,180,-1,180,179,181,-1,182,178,183,-1,183,178,180,-1,184,182,185,-1,185,182,183,-1,184,185,186,-1,186,185,187,-1,186,187,188,-1,188,187,189,-1,188,189,190,-1,190,189,191,-1,192,190,193,-1,193,190,191,-1,193,194,192,-1,192,194,195,-1,196,195,197,-1,197,195,194,-1,198,196,199,-1,199,196,197,-1,200,198,201,-1,201,198,199,-1,200,201,202,-1,202,201,203,-1,204,202,205,-1,205,202,203,-1,204,205,206,-1,204,206,207,-1,207,206,208,-1,207,208,209,-1,209,208,210,-1,209,210,211,-1,211,210,181,-1,211,181,179,-1,188,209,186,-1,186,209,211,-1,186,211,184,-1,184,211,179,-1,184,179,182,-1,182,179,178,-1,196,198,195,-1,195,198,200,-1,195,200,192,-1,192,200,202,-1,192,202,190,-1,190,202,204,-1,190,204,188,-1,188,204,207,-1,188,207,209,-1,199,197,201,-1,201,197,194,-1,201,194,203,-1,203,194,193,-1,203,193,205,-1,205,193,191,-1,205,191,206,-1,206,191,189,-1,206,189,208,-1,208,189,187,-1,183,180,185,-1,185,180,181,-1,185,181,187,-1,187,181,210,-1,187,210,208,-1,212,213,214,-1,214,213,215,-1,216,212,217,-1,217,212,214,-1,218,216,219,-1,219,216,217,-1,218,219,220,-1,218,220,221,-1,221,220,222,-1,221,222,223,-1,223,222,224,-1,223,224,225,-1,225,224,226,-1,225,226,227,-1,227,226,228,-1,227,228,229,-1,229,228,230,-1,229,230,231,-1,232,231,233,-1,233,231,230,-1,232,233,234,-1,234,233,235,-1,234,235,236,-1,236,235,237,-1,236,237,238,-1,238,237,239,-1,238,239,240,-1,240,239,241,-1,240,241,242,-1,242,241,243,-1,242,243,244,-1,244,243,245,-1,246,244,247,-1,247,244,245,-1,246,247,248,-1,248,247,249,-1,250,248,251,-1,251,248,249,-1,252,250,253,-1,253,250,251,-1,254,252,255,-1,255,252,253,-1,255,256,254,-1,254,256,257,-1,258,257,259,-1,259,257,256,-1,258,259,260,-1,258,260,261,-1,261,260,262,-1,261,262,263,-1,263,262,264,-1,263,264,265,-1,265,264,266,-1,265,266,267,-1,267,266,268,-1,267,268,269,-1,269,268,270,-1,269,270,271,-1,271,270,272,-1,271,272,273,-1,273,272,274,-1,273,274,275,-1,276,275,277,-1,277,275,274,-1,276,277,278,-1,278,277,279,-1,278,279,280,-1,280,279,281,-1,280,281,282,-1,282,281,283,-1,282,283,284,-1,284,283,285,-1,284,285,286,-1,286,285,287,-1,286,287,213,-1,213,287,215,-1,242,263,240,-1,240,263,265,-1,240,265,238,-1,238,265,267,-1,238,267,236,-1,267,269,236,-1,236,269,271,-1,236,271,234,-1,234,271,273,-1,234,273,232,-1,232,273,275,-1,232,275,231,-1,231,275,276,-1,231,276,229,-1,229,276,278,-1,229,278,227,-1,227,278,280,-1,227,280,225,-1,225,280,282,-1,225,282,223,-1,223,282,284,-1,223,284,221,-1,221,284,286,-1,221,286,218,-1,218,286,213,-1,218,213,216,-1,216,213,212,-1,250,252,248,-1,248,252,254,-1,248,254,246,-1,246,254,257,-1,246,257,244,-1,244,257,258,-1,244,258,242,-1,242,258,261,-1,242,261,263,-1,235,270,237,-1,237,270,268,-1,237,268,239,-1,239,268,266,-1,239,266,241,-1,217,214,219,-1,219,214,215,-1,219,215,220,-1,220,215,287,-1,220,287,222,-1,222,287,285,-1,222,285,224,-1,224,285,283,-1,224,283,226,-1,226,283,281,-1,226,281,228,-1,228,281,279,-1,228,279,230,-1,230,279,277,-1,230,277,233,-1,233,277,274,-1,233,274,235,-1,235,274,272,-1,235,272,270,-1,266,264,241,-1,241,264,262,-1,241,262,243,-1,243,262,260,-1,243,260,245,-1,245,260,259,-1,245,259,247,-1,247,259,256,-1,247,256,249,-1,249,256,255,-1,249,255,251,-1,251,255,253,-1,288,289,290,-1,290,289,291,-1,292,288,293,-1,293,288,290,-1,294,292,295,-1,295,292,293,-1,294,295,296,-1,296,295,297,-1,296,297,298,-1,298,297,299,-1,298,299,300,-1,300,299,301,-1,302,300,303,-1,303,300,301,-1,303,304,302,-1,302,304,305,-1,306,305,307,-1,307,305,304,-1,308,306,309,-1,309,306,307,-1,310,308,311,-1,311,308,309,-1,310,311,312,-1,312,311,313,-1,314,312,315,-1,315,312,313,-1,314,315,316,-1,314,316,317,-1,317,316,318,-1,317,318,319,-1,319,318,320,-1,319,320,321,-1,321,320,291,-1,321,291,289,-1,298,319,296,-1,296,319,321,-1,296,321,294,-1,294,321,289,-1,294,289,292,-1,292,289,288,-1,306,308,305,-1,305,308,310,-1,305,310,302,-1,302,310,312,-1,302,312,300,-1,300,312,314,-1,300,314,298,-1,298,314,317,-1,298,317,319,-1,309,307,311,-1,311,307,304,-1,311,304,313,-1,313,304,303,-1,313,303,315,-1,315,303,301,-1,315,301,316,-1,316,301,299,-1,316,299,318,-1,318,299,297,-1,293,290,295,-1,295,290,291,-1,295,291,297,-1,297,291,320,-1,297,320,318,-1,322,323,324,-1,324,323,325,-1,326,322,327,-1,327,322,324,-1,328,326,329,-1,329,326,327,-1,328,329,330,-1,330,329,331,-1,330,331,332,-1,332,331,333,-1,332,333,334,-1,334,333,335,-1,336,334,337,-1,337,334,335,-1,337,338,336,-1,336,338,339,-1,340,339,341,-1,341,339,338,-1,342,340,343,-1,343,340,341,-1,344,342,345,-1,345,342,343,-1,344,345,346,-1,346,345,347,-1,348,346,349,-1,349,346,347,-1,348,349,350,-1,348,350,351,-1,351,350,352,-1,351,352,353,-1,353,352,354,-1,353,354,355,-1,355,354,325,-1,355,325,323,-1,332,353,330,-1,330,353,355,-1,330,355,328,-1,328,355,323,-1,328,323,326,-1,326,323,322,-1,340,342,339,-1,339,342,344,-1,339,344,336,-1,336,344,346,-1,336,346,334,-1,334,346,348,-1,334,348,332,-1,332,348,351,-1,332,351,353,-1,343,341,345,-1,345,341,338,-1,345,338,347,-1,347,338,337,-1,347,337,349,-1,349,337,335,-1,349,335,350,-1,350,335,333,-1,350,333,352,-1,352,333,331,-1,327,324,329,-1,329,324,325,-1,329,325,331,-1,331,325,354,-1,331,354,352,-1,356,357,358,-1,358,357,359,-1,360,356,361,-1,361,356,358,-1,362,360,363,-1,363,360,361,-1,362,363,364,-1,362,364,365,-1,365,364,366,-1,365,366,367,-1,367,366,368,-1,367,368,369,-1,369,368,370,-1,369,370,371,-1,371,370,372,-1,371,372,373,-1,373,372,374,-1,373,374,375,-1,376,375,377,-1,377,375,374,-1,376,377,378,-1,378,377,379,-1,378,379,380,-1,380,379,381,-1,380,381,382,-1,382,381,383,-1,382,383,384,-1,384,383,385,-1,384,385,386,-1,386,385,387,-1,386,387,388,-1,388,387,389,-1,390,388,391,-1,391,388,389,-1,390,391,392,-1,392,391,393,-1,394,392,395,-1,395,392,393,-1,396,394,397,-1,397,394,395,-1,398,396,399,-1,399,396,397,-1,399,400,398,-1,398,400,401,-1,402,401,403,-1,403,401,400,-1,402,403,404,-1,402,404,405,-1,405,404,406,-1,405,406,407,-1,407,406,408,-1,407,408,409,-1,409,408,410,-1,409,410,411,-1,411,410,412,-1,411,412,413,-1,413,412,414,-1,413,414,415,-1,415,414,416,-1,415,416,417,-1,417,416,418,-1,417,418,419,-1,420,419,421,-1,421,419,418,-1,420,421,422,-1,422,421,423,-1,422,423,424,-1,424,423,425,-1,424,425,426,-1,426,425,427,-1,426,427,428,-1,428,427,429,-1,428,429,430,-1,430,429,431,-1,430,431,357,-1,357,431,359,-1,386,407,384,-1,384,407,409,-1,384,409,382,-1,382,409,411,-1,382,411,380,-1,411,413,380,-1,380,413,415,-1,380,415,378,-1,378,415,417,-1,378,417,376,-1,376,417,419,-1,376,419,375,-1,375,419,420,-1,375,420,373,-1,373,420,422,-1,373,422,371,-1,371,422,424,-1,371,424,369,-1,369,424,426,-1,369,426,367,-1,367,426,428,-1,367,428,365,-1,365,428,430,-1,365,430,362,-1,362,430,357,-1,362,357,360,-1,360,357,356,-1,394,396,392,-1,392,396,398,-1,392,398,390,-1,390,398,401,-1,390,401,388,-1,388,401,402,-1,388,402,386,-1,386,402,405,-1,386,405,407,-1,379,414,381,-1,381,414,412,-1,381,412,383,-1,383,412,410,-1,383,410,385,-1,361,358,363,-1,363,358,359,-1,363,359,364,-1,364,359,431,-1,364,431,366,-1,366,431,429,-1,366,429,368,-1,368,429,427,-1,368,427,370,-1,370,427,425,-1,370,425,372,-1,372,425,423,-1,372,423,374,-1,374,423,421,-1,374,421,377,-1,377,421,418,-1,377,418,379,-1,379,418,416,-1,379,416,414,-1,410,408,385,-1,385,408,406,-1,385,406,387,-1,387,406,404,-1,387,404,389,-1,389,404,403,-1,389,403,391,-1,391,403,400,-1,391,400,393,-1,393,400,399,-1,393,399,395,-1,395,399,397,-1,432,433,434,-1,434,433,435,-1,436,432,437,-1,437,432,434,-1,438,436,439,-1,439,436,437,-1,438,439,440,-1,440,439,441,-1,440,441,442,-1,442,441,443,-1,442,443,444,-1,444,443,445,-1,446,444,447,-1,447,444,445,-1,447,448,446,-1,446,448,449,-1,450,449,451,-1,451,449,448,-1,452,450,453,-1,453,450,451,-1,454,452,455,-1,455,452,453,-1,454,455,456,-1,456,455,457,-1,458,456,459,-1,459,456,457,-1,458,459,460,-1,458,460,461,-1,461,460,462,-1,461,462,463,-1,463,462,464,-1,463,464,465,-1,465,464,435,-1,465,435,433,-1,442,463,440,-1,440,463,465,-1,440,465,438,-1,438,465,433,-1,438,433,436,-1,436,433,432,-1,450,452,449,-1,449,452,454,-1,449,454,446,-1,446,454,456,-1,446,456,444,-1,444,456,458,-1,444,458,442,-1,442,458,461,-1,442,461,463,-1,453,451,455,-1,455,451,448,-1,455,448,457,-1,457,448,447,-1,457,447,459,-1,459,447,445,-1,459,445,460,-1,460,445,443,-1,460,443,462,-1,462,443,441,-1,437,434,439,-1,439,434,435,-1,439,435,441,-1,441,435,464,-1,441,464,462,-1,466,467,468,-1,468,467,469,-1,470,466,471,-1,471,466,468,-1,472,470,473,-1,473,470,471,-1,472,473,474,-1,472,474,475,-1,475,474,476,-1,475,476,477,-1,477,476,478,-1,477,478,479,-1,479,478,480,-1,479,480,481,-1,481,480,482,-1,481,482,483,-1,483,482,484,-1,483,484,485,-1,486,485,487,-1,487,485,484,-1,486,487,488,-1,488,487,489,-1,488,489,490,-1,490,489,491,-1,490,491,492,-1,492,491,493,-1,492,493,494,-1,494,493,495,-1,494,495,496,-1,496,495,497,-1,496,497,498,-1,498,497,499,-1,500,498,501,-1,501,498,499,-1,500,501,502,-1,502,501,503,-1,504,502,505,-1,505,502,503,-1,506,504,507,-1,507,504,505,-1,508,506,509,-1,509,506,507,-1,509,510,508,-1,508,510,511,-1,512,511,513,-1,513,511,510,-1,512,513,514,-1,512,514,515,-1,515,514,516,-1,515,516,517,-1,517,516,518,-1,517,518,519,-1,519,518,520,-1,519,520,521,-1,521,520,522,-1,521,522,523,-1,523,522,524,-1,523,524,525,-1,525,524,526,-1,525,526,527,-1,527,526,528,-1,527,528,529,-1,530,529,531,-1,531,529,528,-1,530,531,532,-1,532,531,533,-1,532,533,534,-1,534,533,535,-1,534,535,536,-1,536,535,537,-1,536,537,538,-1,538,537,539,-1,538,539,540,-1,540,539,541,-1,540,541,467,-1,467,541,469,-1,496,517,494,-1,494,517,519,-1,494,519,492,-1,492,519,521,-1,492,521,490,-1,521,523,490,-1,490,523,525,-1,490,525,488,-1,488,525,527,-1,488,527,486,-1,486,527,529,-1,486,529,485,-1,485,529,530,-1,485,530,483,-1,483,530,532,-1,483,532,481,-1,481,532,534,-1,481,534,479,-1,479,534,536,-1,479,536,477,-1,477,536,538,-1,477,538,475,-1,475,538,540,-1,475,540,472,-1,472,540,467,-1,472,467,470,-1,470,467,466,-1,504,506,502,-1,502,506,508,-1,502,508,500,-1,500,508,511,-1,500,511,498,-1,498,511,512,-1,498,512,496,-1,496,512,515,-1,496,515,517,-1,489,524,491,-1,491,524,522,-1,491,522,493,-1,493,522,520,-1,493,520,495,-1,471,468,473,-1,473,468,469,-1,473,469,474,-1,474,469,541,-1,474,541,476,-1,476,541,539,-1,476,539,478,-1,478,539,537,-1,478,537,480,-1,480,537,535,-1,480,535,482,-1,482,535,533,-1,482,533,484,-1,484,533,531,-1,484,531,487,-1,487,531,528,-1,487,528,489,-1,489,528,526,-1,489,526,524,-1,520,518,495,-1,495,518,516,-1,495,516,497,-1,497,516,514,-1,497,514,499,-1,499,514,513,-1,499,513,501,-1,501,513,510,-1,501,510,503,-1,503,510,509,-1,503,509,505,-1,505,509,507,-1,542,543,544,-1,544,543,545,-1,546,542,547,-1,547,542,544,-1,548,546,549,-1,549,546,547,-1,548,549,550,-1,548,550,551,-1,551,550,552,-1,551,552,553,-1,553,552,554,-1,553,554,555,-1,555,554,556,-1,555,556,557,-1,557,556,558,-1,557,558,559,-1,559,558,560,-1,559,560,561,-1,562,561,563,-1,563,561,560,-1,562,563,564,-1,564,563,565,-1,564,565,566,-1,566,565,567,-1,566,567,568,-1,568,567,569,-1,568,569,570,-1,570,569,571,-1,570,571,572,-1,572,571,573,-1,572,573,574,-1,574,573,575,-1,576,574,577,-1,577,574,575,-1,576,577,578,-1,578,577,579,-1,580,578,581,-1,581,578,579,-1,582,580,583,-1,583,580,581,-1,584,582,585,-1,585,582,583,-1,585,586,584,-1,584,586,587,-1,588,587,589,-1,589,587,586,-1,588,589,590,-1,588,590,591,-1,591,590,592,-1,591,592,593,-1,593,592,594,-1,593,594,595,-1,595,594,596,-1,595,596,597,-1,597,596,598,-1,597,598,599,-1,599,598,600,-1,599,600,601,-1,601,600,602,-1,601,602,603,-1,603,602,604,-1,603,604,605,-1,606,605,607,-1,607,605,604,-1,606,607,608,-1,608,607,609,-1,608,609,610,-1,610,609,611,-1,610,611,612,-1,612,611,613,-1,612,613,614,-1,614,613,615,-1,614,615,616,-1,616,615,617,-1,616,617,543,-1,543,617,545,-1,572,593,570,-1,570,593,595,-1,570,595,568,-1,568,595,597,-1,568,597,566,-1,597,599,566,-1,566,599,601,-1,566,601,564,-1,564,601,603,-1,564,603,562,-1,562,603,605,-1,562,605,561,-1,561,605,606,-1,561,606,559,-1,559,606,608,-1,559,608,557,-1,557,608,610,-1,557,610,555,-1,555,610,612,-1,555,612,553,-1,553,612,614,-1,553,614,551,-1,551,614,616,-1,551,616,548,-1,548,616,543,-1,548,543,546,-1,546,543,542,-1,580,582,578,-1,578,582,584,-1,578,584,576,-1,576,584,587,-1,576,587,574,-1,574,587,588,-1,574,588,572,-1,572,588,591,-1,572,591,593,-1,565,600,567,-1,567,600,598,-1,567,598,569,-1,569,598,596,-1,569,596,571,-1,547,544,549,-1,549,544,545,-1,549,545,550,-1,550,545,617,-1,550,617,552,-1,552,617,615,-1,552,615,554,-1,554,615,613,-1,554,613,556,-1,556,613,611,-1,556,611,558,-1,558,611,609,-1,558,609,560,-1,560,609,607,-1,560,607,563,-1,563,607,604,-1,563,604,565,-1,565,604,602,-1,565,602,600,-1,596,594,571,-1,571,594,592,-1,571,592,573,-1,573,592,590,-1,573,590,575,-1,575,590,589,-1,575,589,577,-1,577,589,586,-1,577,586,579,-1,579,586,585,-1,579,585,581,-1,581,585,583,-1,618,619,620,-1,620,619,621,-1,622,618,623,-1,623,618,620,-1,624,622,625,-1,625,622,623,-1,624,625,626,-1,626,625,627,-1,626,627,628,-1,628,627,629,-1,628,629,630,-1,630,629,631,-1,632,630,633,-1,633,630,631,-1,633,634,632,-1,632,634,635,-1,636,635,637,-1,637,635,634,-1,638,636,639,-1,639,636,637,-1,640,638,641,-1,641,638,639,-1,640,641,642,-1,642,641,643,-1,644,642,645,-1,645,642,643,-1,644,645,646,-1,644,646,647,-1,647,646,648,-1,647,648,649,-1,649,648,650,-1,649,650,651,-1,651,650,621,-1,651,621,619,-1,628,649,626,-1,626,649,651,-1,626,651,624,-1,624,651,619,-1,624,619,622,-1,622,619,618,-1,636,638,635,-1,635,638,640,-1,635,640,632,-1,632,640,642,-1,632,642,630,-1,630,642,644,-1,630,644,628,-1,628,644,647,-1,628,647,649,-1,639,637,641,-1,641,637,634,-1,641,634,643,-1,643,634,633,-1,643,633,645,-1,645,633,631,-1,645,631,646,-1,646,631,629,-1,646,629,648,-1,648,629,627,-1,623,620,625,-1,625,620,621,-1,625,621,627,-1,627,621,650,-1,627,650,648,-1,652,653,654,-1,654,653,655,-1,655,656,654,-1,654,656,657,-1,657,656,658,-1,658,656,659,-1,658,659,660,-1,660,659,661,-1,661,662,660,-1,660,662,663,-1,664,662,665,-1,665,662,661,-1,663,662,666,-1,666,662,664,-1,660,663,667,-1,667,663,666,-1,660,667,658,-1,658,667,668,-1,658,668,657,-1,657,668,669,-1,654,657,670,-1,670,657,669,-1,670,671,654,-1,654,671,652,-1,672,652,673,-1,673,652,671,-1,674,672,675,-1,675,672,673,-1,676,653,675,-1,675,653,674,-1,653,676,655,-1,655,676,677,-1,678,656,677,-1,677,656,655,-1,656,678,679,-1,656,679,659,-1,659,679,665,-1,659,665,661,-1,652,672,653,-1,653,672,674,-1,675,673,676,-1,676,673,671,-1,676,671,677,-1,677,671,670,-1,677,670,678,-1,678,670,669,-1,678,669,679,-1,679,669,668,-1,679,668,665,-1,665,668,667,-1,665,667,664,-1,664,667,666,-1,680,681,682,-1,682,681,683,-1,684,680,685,-1,685,680,682,-1,686,684,687,-1,687,684,685,-1,686,687,688,-1,688,687,689,-1,688,689,690,-1,690,689,691,-1,690,691,692,-1,692,691,693,-1,694,692,695,-1,695,692,693,-1,695,696,694,-1,694,696,697,-1,698,697,699,-1,699,697,696,-1,700,698,701,-1,701,698,699,-1,702,700,703,-1,703,700,701,-1,702,703,704,-1,704,703,705,-1,706,704,707,-1,707,704,705,-1,706,707,708,-1,706,708,709,-1,709,708,710,-1,709,710,711,-1,711,710,712,-1,711,712,713,-1,713,712,683,-1,713,683,681,-1,690,711,688,-1,688,711,713,-1,688,713,686,-1,686,713,681,-1,686,681,684,-1,684,681,680,-1,698,700,697,-1,697,700,702,-1,697,702,694,-1,694,702,704,-1,694,704,692,-1,692,704,706,-1,692,706,690,-1,690,706,709,-1,690,709,711,-1,701,699,703,-1,703,699,696,-1,703,696,705,-1,705,696,695,-1,705,695,707,-1,707,695,693,-1,707,693,708,-1,708,693,691,-1,708,691,710,-1,710,691,689,-1,685,682,687,-1,687,682,683,-1,687,683,689,-1,689,683,712,-1,689,712,710,-1,714,715,716,-1,716,715,717,-1,718,714,719,-1,719,714,716,-1,720,718,721,-1,721,718,719,-1,720,721,722,-1,720,722,723,-1,723,722,724,-1,723,724,725,-1,725,724,726,-1,725,726,727,-1,727,726,728,-1,727,728,729,-1,729,728,730,-1,729,730,731,-1,731,730,732,-1,731,732,733,-1,734,733,735,-1,735,733,732,-1,734,735,736,-1,736,735,737,-1,736,737,738,-1,738,737,739,-1,738,739,740,-1,740,739,741,-1,740,741,742,-1,742,741,743,-1,742,743,744,-1,744,743,745,-1,744,745,746,-1,746,745,747,-1,748,746,749,-1,749,746,747,-1,748,749,750,-1,750,749,751,-1,752,750,753,-1,753,750,751,-1,754,752,755,-1,755,752,753,-1,756,754,757,-1,757,754,755,-1,757,758,756,-1,756,758,759,-1,760,759,761,-1,761,759,758,-1,760,761,762,-1,760,762,763,-1,763,762,764,-1,763,764,765,-1,765,764,766,-1,765,766,767,-1,767,766,768,-1,767,768,769,-1,769,768,770,-1,769,770,771,-1,771,770,772,-1,771,772,773,-1,773,772,774,-1,773,774,775,-1,775,774,776,-1,775,776,777,-1,778,777,779,-1,779,777,776,-1,778,779,780,-1,780,779,781,-1,780,781,782,-1,782,781,783,-1,782,783,784,-1,784,783,785,-1,784,785,786,-1,786,785,787,-1,786,787,788,-1,788,787,789,-1,788,789,715,-1,715,789,717,-1,744,765,742,-1,742,765,767,-1,742,767,740,-1,740,767,769,-1,740,769,738,-1,769,771,738,-1,738,771,773,-1,738,773,736,-1,736,773,775,-1,736,775,734,-1,734,775,777,-1,734,777,733,-1,733,777,778,-1,733,778,731,-1,731,778,780,-1,731,780,729,-1,729,780,782,-1,729,782,727,-1,727,782,784,-1,727,784,725,-1,725,784,786,-1,725,786,723,-1,723,786,788,-1,723,788,720,-1,720,788,715,-1,720,715,718,-1,718,715,714,-1,752,754,750,-1,750,754,756,-1,750,756,748,-1,748,756,759,-1,748,759,746,-1,746,759,760,-1,746,760,744,-1,744,760,763,-1,744,763,765,-1,737,772,739,-1,739,772,770,-1,739,770,741,-1,741,770,768,-1,741,768,743,-1,719,716,721,-1,721,716,717,-1,721,717,722,-1,722,717,789,-1,722,789,724,-1,724,789,787,-1,724,787,726,-1,726,787,785,-1,726,785,728,-1,728,785,783,-1,728,783,730,-1,730,783,781,-1,730,781,732,-1,732,781,779,-1,732,779,735,-1,735,779,776,-1,735,776,737,-1,737,776,774,-1,737,774,772,-1,768,766,743,-1,743,766,764,-1,743,764,745,-1,745,764,762,-1,745,762,747,-1,747,762,761,-1,747,761,749,-1,749,761,758,-1,749,758,751,-1,751,758,757,-1,751,757,753,-1,753,757,755,-1,790,791,792,-1,792,791,793,-1,794,790,795,-1,795,790,792,-1,796,794,797,-1,797,794,795,-1,796,797,798,-1,796,798,799,-1,799,798,800,-1,799,800,801,-1,801,800,802,-1,801,802,803,-1,803,802,804,-1,803,804,805,-1,805,804,806,-1,805,806,807,-1,807,806,808,-1,807,808,809,-1,810,809,811,-1,811,809,808,-1,810,811,812,-1,812,811,813,-1,812,813,814,-1,814,813,815,-1,814,815,816,-1,816,815,817,-1,816,817,818,-1,818,817,819,-1,818,819,820,-1,820,819,821,-1,820,821,822,-1,822,821,823,-1,824,822,825,-1,825,822,823,-1,824,825,826,-1,826,825,827,-1,828,826,829,-1,829,826,827,-1,830,828,831,-1,831,828,829,-1,832,830,833,-1,833,830,831,-1,833,834,832,-1,832,834,835,-1,836,835,837,-1,837,835,834,-1,836,837,838,-1,836,838,839,-1,839,838,840,-1,839,840,841,-1,841,840,842,-1,841,842,843,-1,843,842,844,-1,843,844,845,-1,845,844,846,-1,845,846,847,-1,847,846,848,-1,847,848,849,-1,849,848,850,-1,849,850,851,-1,851,850,852,-1,851,852,853,-1,854,853,855,-1,855,853,852,-1,854,855,856,-1,856,855,857,-1,856,857,858,-1,858,857,859,-1,858,859,860,-1,860,859,861,-1,860,861,862,-1,862,861,863,-1,862,863,864,-1,864,863,865,-1,864,865,791,-1,791,865,793,-1,820,841,818,-1,818,841,843,-1,818,843,816,-1,816,843,845,-1,816,845,814,-1,845,847,814,-1,814,847,849,-1,814,849,812,-1,812,849,851,-1,812,851,810,-1,810,851,853,-1,810,853,809,-1,809,853,854,-1,809,854,807,-1,807,854,856,-1,807,856,805,-1,805,856,858,-1,805,858,803,-1,803,858,860,-1,803,860,801,-1,801,860,862,-1,801,862,799,-1,799,862,864,-1,799,864,796,-1,796,864,791,-1,796,791,794,-1,794,791,790,-1,828,830,826,-1,826,830,832,-1,826,832,824,-1,824,832,835,-1,824,835,822,-1,822,835,836,-1,822,836,820,-1,820,836,839,-1,820,839,841,-1,813,848,815,-1,815,848,846,-1,815,846,817,-1,817,846,844,-1,817,844,819,-1,795,792,797,-1,797,792,793,-1,797,793,798,-1,798,793,865,-1,798,865,800,-1,800,865,863,-1,800,863,802,-1,802,863,861,-1,802,861,804,-1,804,861,859,-1,804,859,806,-1,806,859,857,-1,806,857,808,-1,808,857,855,-1,808,855,811,-1,811,855,852,-1,811,852,813,-1,813,852,850,-1,813,850,848,-1,844,842,819,-1,819,842,840,-1,819,840,821,-1,821,840,838,-1,821,838,823,-1,823,838,837,-1,823,837,825,-1,825,837,834,-1,825,834,827,-1,827,834,833,-1,827,833,829,-1,829,833,831,-1,866,867,868,-1,868,867,869,-1,870,866,871,-1,871,866,868,-1,872,870,873,-1,873,870,871,-1,872,873,874,-1,872,874,875,-1,875,874,876,-1,875,876,877,-1,877,876,878,-1,877,878,879,-1,879,878,880,-1,879,880,881,-1,881,880,882,-1,881,882,883,-1,883,882,884,-1,883,884,885,-1,886,885,887,-1,887,885,884,-1,886,887,888,-1,888,887,889,-1,888,889,890,-1,890,889,891,-1,890,891,892,-1,892,891,893,-1,892,893,894,-1,894,893,895,-1,894,895,896,-1,896,895,897,-1,896,897,898,-1,898,897,899,-1,900,898,901,-1,901,898,899,-1,900,901,902,-1,902,901,903,-1,904,902,905,-1,905,902,903,-1,906,904,907,-1,907,904,905,-1,908,906,909,-1,909,906,907,-1,909,910,908,-1,908,910,911,-1,912,911,913,-1,913,911,910,-1,912,913,914,-1,912,914,915,-1,915,914,916,-1,915,916,917,-1,917,916,918,-1,917,918,919,-1,919,918,920,-1,919,920,921,-1,921,920,922,-1,921,922,923,-1,923,922,924,-1,923,924,925,-1,925,924,926,-1,925,926,927,-1,927,926,928,-1,927,928,929,-1,930,929,931,-1,931,929,928,-1,930,931,932,-1,932,931,933,-1,932,933,934,-1,934,933,935,-1,934,935,936,-1,936,935,937,-1,936,937,938,-1,938,937,939,-1,938,939,940,-1,940,939,941,-1,940,941,867,-1,867,941,869,-1,896,917,894,-1,894,917,919,-1,894,919,892,-1,892,919,921,-1,892,921,890,-1,921,923,890,-1,890,923,925,-1,890,925,888,-1,888,925,927,-1,888,927,886,-1,886,927,929,-1,886,929,885,-1,885,929,930,-1,885,930,883,-1,883,930,932,-1,883,932,881,-1,881,932,934,-1,881,934,879,-1,879,934,936,-1,879,936,877,-1,877,936,938,-1,877,938,875,-1,875,938,940,-1,875,940,872,-1,872,940,867,-1,872,867,870,-1,870,867,866,-1,904,906,902,-1,902,906,908,-1,902,908,900,-1,900,908,911,-1,900,911,898,-1,898,911,912,-1,898,912,896,-1,896,912,915,-1,896,915,917,-1,889,924,891,-1,891,924,922,-1,891,922,893,-1,893,922,920,-1,893,920,895,-1,871,868,873,-1,873,868,869,-1,873,869,874,-1,874,869,941,-1,874,941,876,-1,876,941,939,-1,876,939,878,-1,878,939,937,-1,878,937,880,-1,880,937,935,-1,880,935,882,-1,882,935,933,-1,882,933,884,-1,884,933,931,-1,884,931,887,-1,887,931,928,-1,887,928,889,-1,889,928,926,-1,889,926,924,-1,920,918,895,-1,895,918,916,-1,895,916,897,-1,897,916,914,-1,897,914,899,-1,899,914,913,-1,899,913,901,-1,901,913,910,-1,901,910,903,-1,903,910,909,-1,903,909,905,-1,905,909,907,-1,
        ]
    }
}
Shape{
    appearance Appearance {
        material  Material 	{
            diffuseColor 0.25098039215686274 0.25098039215686274 0.25098039215686274
            specularColor 0.12549019607843137 0.12549019607843137 0.12549019607843137
            ambientIntensity 0.251
            transparency 0.0
            shininess 0.5
        }
    }
    geometry IndexedFaceSet {
        ccw TRUE
        solid FALSE
        coord DEF co Coordinate {
            point [
                -2.8248 1.7851 0.6654, -2.8248 1.3913 0.6654, -2.8247 1.3913 0.6664, -2.8247 1.7851 0.6664, -2.8243 1.3913 0.6673, -2.8243 1.7851 0.6673, -2.8237 1.3913 0.6681, -2.8237 1.7851 0.6681, -2.8229 1.3913 0.6688, -2.8229 1.7851 0.6688, -2.8219 1.3913 0.6692, -2.8219 1.7851 0.6692, -2.8209 1.3913 0.6693, -2.8209 1.7851 0.6693, 2.8248 1.352 0.0, 2.8248 1.352 0.6654, 2.8248 1.2886 0.0, 2.8248 0.3362 0.6654, 2.8248 0.2453 0.0, 2.8248 -1.0496 0.0, 2.8248 -0.6795 0.6654, 2.8248 -1.6953 0.6654, 2.8248 -3.7268 0.0, 2.8248 -2.711 0.6654, 2.8248 -3.7268 0.6654, 2.4271 1.352 0.0, 1.4271 -3.7268 0.0, 1.3767 -3.715 0.0, 1.3767 -1.0496 0.0, 0.6874 -3.5542 0.0, 0.6693 -3.5506 0.0, 0.6693 -1.0496 0.0, 1.9856 1.2886 0.0, 2.4052 1.2886 0.0, 1.9856 0.5953 0.0, 2.4052 0.2453 0.0, 1.3951 0.5953 0.0, 2.4052 1.7851 0.0, 1.9856 1.5008 0.0, 1.3767 1.7851 0.0, 1.3951 1.5008 0.0, 1.3767 1.2886 0.0, -2.8248 0.2453 0.0, -2.8248 1.2886 0.0, -2.6772 1.0764 0.0, -2.4803 1.0764 0.0, -2.3622 1.2886 0.0, -2.4803 0.2453 0.0, -2.3622 0.2453 0.0, -2.4803 -0.1047 0.0, -2.3622 -1.0496 0.0, -2.6772 -0.1047 0.0, -1.9292 0.2453 0.0, -2.0473 0.2453 0.0, -1.9292 1.2886 0.0, -2.0473 1.0764 0.0, -2.2441 1.0764 0.0, -2.2441 -0.1047 0.0, -2.0473 -0.1047 0.0, -1.9292 -1.0496 0.0, -1.1811 1.0764 0.0, -1.063 1.2886 0.0, -1.1811 0.2453 0.0, -1.063 0.2453 0.0, -1.1811 -0.1047 0.0, -1.6142 1.0764 0.0, -1.378 1.0764 0.0, -1.6142 0.2453 0.0, -1.378 0.2453 0.0, -1.6142 -0.1047 0.0, -1.378 -0.1047 0.0, -1.7028 -0.1047 0.0, -1.7028 -1.0496 0.0, -1.063 -1.0496 0.0, -1.811 -0.1047 0.0, -1.7028 1.2886 0.0, -1.7028 1.0764 0.0, -1.811 1.0764 0.0, -1.811 0.2453 0.0, -0.7481 0.2453 0.0, -0.7481 1.0764 0.0, -0.6299 1.2886 0.0, -0.9449 1.0764 0.0, -0.9449 0.2453 0.0, -0.9449 -0.1047 0.0, -0.6299 -1.0496 0.0, -0.7481 -0.1047 0.0, -0.6299 0.2453 0.0, -0.315 1.0764 0.0, -0.5118 1.0764 0.0, 0.2362 1.2886 0.0, 0.1181 1.0764 0.0, -0.0788 1.0764 0.0, 0.1181 0.2453 0.0, 0.2362 0.2453 0.0, 0.1181 -0.1047 0.0, 0.2362 -1.0496 0.0, -0.0788 -0.1047 0.0, -0.5118 0.2453 0.0, -0.5118 -0.1047 0.0, -0.315 -0.1047 0.0, 0.3543 1.0764 0.0, 0.5512 1.0764 0.0, 0.6693 1.2886 0.0, 0.5512 0.2453 0.0, 0.6693 0.2453 0.0, 0.5512 -0.1047 0.0, 0.3543 -0.1047 0.0, 0.7874 -0.1047 0.0, 0.9842 -0.1047 0.0, 1.0138 -1.0496 0.0, 0.9842 1.0764 0.0, 1.0138 1.2886 0.0, 1.0138 0.2453 0.0, 0.9842 0.2453 0.0, 0.7874 1.0764 0.0, -1.9488 -1.9945 0.0, -1.9896 -1.9998 0.0, -1.9292 -3.4512 0.0, -2.3622 -3.4512 0.0, -1.9896 -2.3041 0.0, -2.2441 0.2453 0.0, -2.0276 -2.0156 0.0, -2.0602 -2.0406 0.0, -2.0852 -2.0732 0.0, -2.0852 -2.2307 0.0, -2.0602 -2.2633 0.0, -2.0276 -2.2883 0.0, -2.101 -2.1112 0.0, -2.1063 -2.152 0.0, -2.101 -2.1927 0.0, -1.8701 -2.2883 0.0, -1.8375 -2.2633 0.0, -1.7028 -3.4512 0.0, -1.9488 -2.3094 0.0, -1.9292 -2.3068 0.0, -1.9081 -2.3041 0.0, -1.8125 -2.2307 0.0, -1.7967 -2.1927 0.0, -1.7914 -2.152 0.0, -1.8125 -2.0732 0.0, -1.8375 -2.0406 0.0, -1.7967 -2.1112 0.0, -1.8701 -2.0156 0.0, -1.9081 -1.9998 0.0, -1.9292 -1.9971 0.0, 0.3921 -3.4971 0.0, 0.2362 -3.4791 0.0, 0.0933 -3.4627 0.0, -0.2072 -3.4512 0.0, -0.0788 0.2453 0.0, -0.315 0.2453 0.0, 0.3543 0.2453 0.0, 1.0138 -3.6303 0.0, 0.7874 0.2453 0.0, 1.2008 -1.9945 0.0, 1.16 -1.9998 0.0, 1.122 -2.0156 0.0, 1.0894 -2.0406 0.0, 1.0644 -2.0732 0.0, 1.0487 -2.1112 0.0, 1.0433 -2.152 0.0, 1.0487 -2.1927 0.0, 1.0644 -2.2307 0.0, 1.0894 -2.2633 0.0, 1.122 -2.2883 0.0, 1.16 -2.3041 0.0, 1.2008 -2.3094 0.0, 1.2415 -2.3041 0.0, 1.3371 -2.0732 0.0, 1.3121 -2.0406 0.0, 1.2795 -2.0156 0.0, 1.2415 -1.9998 0.0, 1.2795 -2.2883 0.0, 1.3121 -2.2633 0.0, 1.3371 -2.2307 0.0, 1.3529 -2.1927 0.0, 1.3582 -2.152 0.0, 1.3529 -2.1112 0.0, 2.4271 1.7851 0.0, 0.6693 1.7851 0.0, 0.7874 1.7851 0.0, 0.7874 1.6669 0.0, 0.9842 1.7851 0.0, 1.0138 1.7851 0.0, 0.9842 1.6669 0.0, 0.2362 1.7851 0.0, 0.3543 1.7851 0.0, 0.3543 1.6669 0.0, -0.6299 1.7851 0.0, -0.5118 1.7851 0.0, -0.5118 1.6669 0.0, -0.315 1.6669 0.0, -0.315 1.7851 0.0, -0.0788 1.7851 0.0, -0.0788 1.6669 0.0, 0.1181 1.6669 0.0, 0.5512 1.7851 0.0, 0.5512 1.6669 0.0, 0.1181 1.7851 0.0, -1.063 1.7851 0.0, -0.9449 1.7851 0.0, -0.9449 1.6669 0.0, -1.6142 1.6669 0.0, -1.6142 1.7851 0.0, -1.378 1.7851 0.0, -1.378 1.6669 0.0, -1.1811 1.6669 0.0, -0.7481 1.7851 0.0, -0.7481 1.6669 0.0, -1.1811 1.7851 0.0, -1.9292 1.7851 0.0, -1.811 1.7851 0.0, -1.811 1.6669 0.0, -1.7028 1.6669 0.0, -2.3622 1.7851 0.0, -2.2441 1.7851 0.0, -2.2441 1.6669 0.0, -2.8248 1.7851 0.0, -2.6772 1.7851 0.0, -2.6772 1.6669 0.0, -2.4803 1.6669 0.0, -2.0473 1.7851 0.0, -2.0473 1.6669 0.0, -2.4803 1.7851 0.0, -2.6772 0.2453 0.0, -2.8248 -1.0496 0.0, -2.8248 -3.4512 0.0, -0.6299 -3.4512 0.0, -1.063 -3.4512 0.0, 1.3767 0.2453 0.0, 1.3951 1.2886 0.0, 2.4052 -1.0496 0.0, 2.4052 -3.7268 0.0, -2.8248 1.3913 0.2756, -2.8248 -3.4512 0.6654, -2.8248 -0.1835 0.6654, -2.8248 -0.1835 0.2756, -2.8247 -3.4512 0.6664, -2.8247 -0.1835 0.6664, -2.8243 -3.4512 0.6673, -2.8243 -0.1835 0.6673, -2.8237 -3.4512 0.6681, -2.8237 -0.1835 0.6681, -2.8229 -3.4512 0.6688, -2.8229 -0.1835 0.6688, -2.8219 -3.4512 0.6692, -2.8219 -0.1835 0.6692, -2.8209 -3.4512 0.6693, -2.8209 -0.1835 0.6693, -2.6673 -0.1835 0.6693, 2.7815 -1.9638 0.6693, 2.1841 -1.9638 0.6693, 2.7815 -2.8603 0.6693, 2.1841 -2.8603 0.6693, 2.8208 -2.8603 0.6693, 2.8208 -3.7268 0.6693, 1.6588 -3.7268 0.6693, 2.0659 -2.8603 0.6693, 1.7865 -0.9607 0.6693, 2.8208 -0.9607 0.6693, 2.8208 -0.6795 0.6693, 2.8208 0.3362 0.6693, 1.6588 0.2102 0.6693, 1.7865 -1.7333 0.6693, 2.0659 -2.0127 0.6693, -2.6277 -3.4512 0.6693, -2.6277 0.2102 0.6693, -2.6673 1.3913 0.6693, 2.8208 1.352 0.6693, 2.4271 1.352 0.6693, 2.4271 1.7851 0.6693, 2.8219 0.3362 0.6692, 2.8208 -1.6953 0.6693, 2.8219 -1.6953 0.6692, 2.8219 -3.7268 0.6692, 2.8208 -2.711 0.6693, 2.8219 -2.711 0.6692, 2.8219 -0.6795 0.6692, 2.8228 -3.7268 0.6688, 2.8228 -2.711 0.6688, 2.8236 -3.7268 0.6681, 2.8236 -2.711 0.6681, 2.8243 -3.7268 0.6673, 2.8243 -2.711 0.6673, 2.8246 -3.7268 0.6664, 2.8246 -2.711 0.6664, 2.8228 -1.6953 0.6688, 2.8236 -1.6953 0.6681, 2.8243 -1.6953 0.6673, 2.8246 -1.6953 0.6664, 2.8228 -0.6795 0.6688, 2.8236 -0.6795 0.6681, 2.8243 -0.6795 0.6673, 2.8246 -0.6795 0.6664, 2.8228 0.3362 0.6688, 2.8236 0.3362 0.6681, 2.8243 0.3362 0.6673, 2.8246 0.3362 0.6664, 2.8219 1.352 0.6692, 2.8228 1.352 0.6688, 2.8236 1.352 0.6681, 2.8243 1.352 0.6673, 2.8246 1.352 0.6664, 0.9842 1.7851 0.4724, 0.5512 1.7851 0.4724, 0.7874 1.7851 0.4724, 0.3543 1.7851 0.4724, 0.1181 1.7851 0.4724, -0.0788 1.7851 0.4724, -0.5118 1.7851 0.4724, -0.7481 1.7851 0.4724, -0.9449 1.7851 0.4724, -0.315 1.7851 0.4724, -1.1811 1.7851 0.4724, -1.378 1.7851 0.4724, -2.0473 1.7851 0.4724, -2.2441 1.7851 0.4724, -1.6142 1.7851 0.4724, -1.811 1.7851 0.4724, -2.4803 1.7851 0.4724, -2.6772 1.7851 0.4724, 1.4271 -3.7268 0.2362, 1.6588 -3.7268 0.2362, 2.8208 -2.8603 0.2756, 2.8208 -0.9607 0.2756, 2.7815 -2.8603 0.2756, 2.7815 -1.9638 0.2756, 2.1841 -1.9638 0.2756, 2.1841 -2.8603 0.2756, 2.0659 -2.8603 0.2756, 2.0659 -2.0127 0.2756, 1.7865 -1.7333 0.2756, 1.7865 -0.9607 0.2756, -2.6673 1.3913 0.2756, -2.6673 -0.1047 0.2756, -2.6673 -0.1835 0.2756, -2.6673 -0.1047 0.5906, -2.6673 1.0764 0.5906, -2.6673 1.0764 0.2756, -2.6772 1.0764 0.2756, -2.6772 -0.1047 0.2756, 0.7874 1.6669 0.4724, 0.9842 1.6669 0.4724, 0.3543 1.6669 0.4724, 0.5512 1.6669 0.4724, -0.0788 1.6669 0.4724, 0.1181 1.6669 0.4724, -0.5118 1.6669 0.4724, -0.315 1.6669 0.4724, -0.9449 1.6669 0.4724, -0.7481 1.6669 0.4724, -1.378 1.6669 0.4724, -1.1811 1.6669 0.4724, -1.811 1.6669 0.4724, -1.6142 1.6669 0.4724, -2.2441 1.6669 0.4724, -2.0473 1.6669 0.4724, -2.6772 1.6669 0.4724, -2.4803 1.6669 0.4724, -2.6277 0.2102 0.5906, -2.6277 -0.1047 0.5906, -2.6277 -0.1047 0.2362, -2.6277 -3.4512 0.2362, 1.6588 0.2102 0.2362, -2.4803 -0.1047 0.2362, -0.5118 -0.1047 0.2362, -0.5118 0.2102 0.2362, -0.7481 0.2102 0.2362, 0.9842 0.2102 0.2362, 0.9842 -0.1047 0.2362, -0.7481 -0.1047 0.2362, -0.9449 -0.1047 0.2362, -0.2072 -3.4512 0.2362, 0.7874 -0.1047 0.2362, 0.0933 -3.4627 0.2362, 0.3921 -3.4971 0.2362, 0.6874 -3.5542 0.2362, 0.1181 -0.1047 0.2362, -0.0788 -0.1047 0.2362, -1.378 -0.1047 0.2362, -1.378 0.2102 0.2362, -1.6142 0.2102 0.2362, 0.3543 -0.1047 0.2362, 0.3543 0.2102 0.2362, 0.1181 0.2102 0.2362, -1.6142 -0.1047 0.2362, -1.811 -0.1047 0.2362, 0.5512 -0.1047 0.2362, 0.5512 0.2102 0.2362, 0.7874 0.2102 0.2362, -0.315 -0.1047 0.2362, -0.315 0.2102 0.2362, -0.0788 0.2102 0.2362, -1.1811 -0.1047 0.2362, -1.1811 0.2102 0.2362, -0.9449 0.2102 0.2362, -2.2441 -0.1047 0.2362, -2.2441 0.2102 0.2362, -2.4803 0.2102 0.2362, -2.0473 -0.1047 0.2362, -2.0473 0.2102 0.2362, -1.811 0.2102 0.2362, -2.4803 0.2102 0.5906, -2.0473 0.2102 0.5906, -1.811 0.2102 0.5906, -1.6142 0.2102 0.5906, -2.2441 0.2102 0.5906, -0.7481 0.2102 0.5906, -0.5118 0.2102 0.5906, -0.315 0.2102 0.5906, -1.378 0.2102 0.5906, -1.1811 0.2102 0.5906, -0.9449 0.2102 0.5906, 0.1181 0.2102 0.5906, 0.3543 0.2102 0.5906, 0.5512 0.2102 0.5906, -0.0788 0.2102 0.5906, 0.9842 0.2102 0.5906, 0.7874 0.2102 0.5906
            ]
        }
        coordIndex [
            0,1,2,-1,0,2,3,-1,3,2,4,-1,3,4,5,-1,5,4,6,-1,5,6,7,-1,7,6,8,-1,7,8,9,-1,9,8,10,-1,9,10,11,-1,11,10,12,-1,11,12,13,-1,14,15,16,-1,16,15,17,-1,16,17,18,-1,18,17,19,-1,17,20,19,-1,19,20,21,-1,19,21,22,-1,22,21,23,-1,22,23,24,-1,25,14,16,-1,26,27,28,-1,29,30,31,-1,32,33,34,-1,34,33,35,-1,34,35,36,-1,37,38,39,-1,39,38,40,-1,39,40,41,-1,42,43,44,-1,44,43,45,-1,45,43,46,-1,45,46,47,-1,47,46,48,-1,47,48,49,-1,49,48,50,-1,49,50,51,-1,52,53,54,-1,54,53,55,-1,54,55,46,-1,46,55,56,-1,46,56,48,-1,57,58,59,-1,60,61,62,-1,62,61,63,-1,62,63,64,-1,65,66,67,-1,67,66,68,-1,67,68,69,-1,69,68,70,-1,71,69,72,-1,72,69,70,-1,72,70,73,-1,73,70,64,-1,71,72,74,-1,74,72,59,-1,74,59,52,-1,52,59,58,-1,52,58,53,-1,60,66,61,-1,61,66,65,-1,61,65,75,-1,75,65,76,-1,75,76,54,-1,54,76,77,-1,54,77,52,-1,52,77,78,-1,52,78,74,-1,79,80,81,-1,81,80,61,-1,61,80,82,-1,61,82,63,-1,63,82,83,-1,63,83,84,-1,64,63,73,-1,73,63,84,-1,73,84,85,-1,85,84,86,-1,85,86,87,-1,88,89,81,-1,81,89,87,-1,81,87,79,-1,79,87,86,-1,90,91,92,-1,93,94,95,-1,95,94,96,-1,95,96,97,-1,89,98,87,-1,87,98,99,-1,87,99,85,-1,85,99,100,-1,101,94,90,-1,90,94,93,-1,90,93,91,-1,101,90,102,-1,102,90,103,-1,102,103,104,-1,104,103,105,-1,104,105,106,-1,106,105,31,-1,106,31,107,-1,108,109,110,-1,111,112,113,-1,110,109,113,-1,113,109,114,-1,113,114,111,-1,112,111,103,-1,103,111,115,-1,103,115,105,-1,116,117,50,-1,118,119,120,-1,56,121,48,-1,48,121,57,-1,48,57,50,-1,50,57,59,-1,50,59,116,-1,117,122,50,-1,50,122,123,-1,50,123,124,-1,125,126,119,-1,119,126,127,-1,119,127,120,-1,124,128,50,-1,50,128,129,-1,50,129,119,-1,119,129,130,-1,119,130,125,-1,131,132,133,-1,120,134,118,-1,118,134,135,-1,118,135,133,-1,133,135,136,-1,133,136,131,-1,132,137,133,-1,133,137,138,-1,133,138,139,-1,140,141,72,-1,140,72,142,-1,141,143,72,-1,72,143,144,-1,72,144,59,-1,59,144,145,-1,59,145,116,-1,146,147,96,-1,96,147,148,-1,148,149,96,-1,96,149,85,-1,96,85,97,-1,97,85,100,-1,97,100,150,-1,150,100,151,-1,150,151,92,-1,92,151,88,-1,92,88,90,-1,90,88,81,-1,30,146,31,-1,31,146,96,-1,31,96,107,-1,107,96,94,-1,107,94,152,-1,152,94,101,-1,153,29,110,-1,110,29,31,-1,110,31,108,-1,108,31,105,-1,108,105,154,-1,154,105,115,-1,155,156,110,-1,156,157,110,-1,110,157,158,-1,110,158,159,-1,159,160,110,-1,110,160,161,-1,110,161,153,-1,161,162,153,-1,153,162,163,-1,153,163,164,-1,164,165,153,-1,153,165,166,-1,153,166,27,-1,27,166,167,-1,27,167,168,-1,169,170,28,-1,28,170,171,-1,28,171,172,-1,168,173,27,-1,27,173,174,-1,27,174,175,-1,175,176,27,-1,27,176,177,-1,27,177,28,-1,28,177,178,-1,28,178,169,-1,179,33,37,-1,37,33,32,-1,37,32,38,-1,180,181,182,-1,183,184,185,-1,185,184,112,-1,185,112,182,-1,182,112,103,-1,182,103,180,-1,186,187,188,-1,189,190,191,-1,192,193,194,-1,195,196,90,-1,194,195,192,-1,192,195,90,-1,192,90,191,-1,191,90,81,-1,191,81,189,-1,197,180,198,-1,198,180,103,-1,198,103,188,-1,188,103,90,-1,188,90,186,-1,186,90,196,-1,186,196,199,-1,200,201,202,-1,203,204,205,-1,206,207,61,-1,208,189,209,-1,209,189,81,-1,209,81,202,-1,202,81,61,-1,202,61,200,-1,200,61,207,-1,200,207,210,-1,211,212,213,-1,205,206,203,-1,203,206,61,-1,203,61,214,-1,214,61,75,-1,214,75,213,-1,213,75,54,-1,213,54,211,-1,215,216,217,-1,218,219,43,-1,43,219,220,-1,43,220,46,-1,46,220,221,-1,222,211,223,-1,223,211,54,-1,223,54,217,-1,217,54,46,-1,217,46,215,-1,215,46,221,-1,215,221,224,-1,44,225,42,-1,42,225,51,-1,42,51,226,-1,226,51,50,-1,226,50,227,-1,227,50,119,-1,149,228,85,-1,85,228,229,-1,85,229,73,-1,73,229,133,-1,73,133,72,-1,72,133,139,-1,72,139,142,-1,184,39,112,-1,112,39,41,-1,112,41,113,-1,113,41,230,-1,113,230,110,-1,110,230,28,-1,110,28,155,-1,155,28,172,-1,40,231,41,-1,41,231,36,-1,41,36,230,-1,230,36,35,-1,230,35,28,-1,28,35,232,-1,28,232,26,-1,26,232,233,-1,179,25,33,-1,33,25,16,-1,33,16,35,-1,35,16,18,-1,35,18,232,-1,232,18,19,-1,232,19,233,-1,233,19,22,-1,234,1,0,-1,227,235,226,-1,226,235,236,-1,226,236,237,-1,0,218,234,-1,234,218,43,-1,234,43,237,-1,237,43,42,-1,237,42,226,-1,236,235,238,-1,236,238,239,-1,239,238,240,-1,239,240,241,-1,241,240,242,-1,241,242,243,-1,243,242,244,-1,243,244,245,-1,245,244,246,-1,245,246,247,-1,247,246,248,-1,247,248,249,-1,250,249,248,-1,251,252,253,-1,253,252,254,-1,255,253,256,-1,256,253,254,-1,256,254,257,-1,257,254,258,-1,259,260,261,-1,261,262,259,-1,259,262,263,-1,259,263,264,-1,264,263,257,-1,264,257,265,-1,265,257,258,-1,248,266,250,-1,250,266,267,-1,250,267,268,-1,262,269,263,-1,263,269,270,-1,263,270,267,-1,267,270,271,-1,267,271,268,-1,268,271,13,-1,268,13,12,-1,269,262,272,-1,260,273,274,-1,255,256,275,-1,273,276,277,-1,277,276,255,-1,262,261,278,-1,278,261,260,-1,255,275,277,-1,277,275,279,-1,277,279,280,-1,280,279,281,-1,280,281,282,-1,282,281,283,-1,282,283,284,-1,284,283,285,-1,284,285,286,-1,286,285,24,-1,286,24,23,-1,273,277,274,-1,274,277,280,-1,274,280,287,-1,287,280,282,-1,287,282,288,-1,288,282,284,-1,288,284,289,-1,289,284,286,-1,289,286,290,-1,290,286,23,-1,290,23,21,-1,260,274,278,-1,278,274,287,-1,278,287,291,-1,291,287,288,-1,291,288,292,-1,292,288,289,-1,292,289,293,-1,293,289,290,-1,293,290,294,-1,294,290,21,-1,294,21,20,-1,262,278,272,-1,272,278,291,-1,272,291,295,-1,295,291,292,-1,295,292,296,-1,296,292,293,-1,296,293,297,-1,297,293,294,-1,297,294,298,-1,298,294,20,-1,298,20,17,-1,269,272,299,-1,299,272,295,-1,299,295,300,-1,300,295,296,-1,300,296,301,-1,301,296,297,-1,301,297,302,-1,302,297,298,-1,302,298,303,-1,303,298,17,-1,303,17,15,-1,184,183,304,-1,180,197,305,-1,271,179,37,-1,13,271,306,-1,306,271,304,-1,271,37,304,-1,304,37,39,-1,304,39,184,-1,307,187,186,-1,308,309,13,-1,181,180,306,-1,306,180,305,-1,306,305,13,-1,13,305,307,-1,13,307,308,-1,308,307,186,-1,308,186,199,-1,310,190,189,-1,311,312,13,-1,194,193,309,-1,309,193,313,-1,309,313,13,-1,13,313,310,-1,13,310,311,-1,311,310,189,-1,311,189,208,-1,200,210,314,-1,315,205,204,-1,211,222,316,-1,317,216,215,-1,318,319,13,-1,204,318,315,-1,315,318,13,-1,315,13,314,-1,314,13,312,-1,314,312,200,-1,200,312,201,-1,212,211,319,-1,319,211,316,-1,319,316,13,-1,13,316,317,-1,13,317,320,-1,320,317,215,-1,320,215,224,-1,320,5,7,-1,219,218,321,-1,321,218,0,-1,321,0,320,-1,320,0,3,-1,320,3,5,-1,7,9,320,-1,320,9,11,-1,320,11,13,-1,233,22,24,-1,322,26,323,-1,323,26,233,-1,323,233,257,-1,257,233,24,-1,257,24,256,-1,256,24,275,-1,24,285,283,-1,283,281,24,-1,24,281,279,-1,24,279,275,-1,25,270,14,-1,14,270,269,-1,14,269,15,-1,15,269,299,-1,299,300,15,-1,15,300,301,-1,15,301,303,-1,303,301,302,-1,271,270,179,-1,179,270,25,-1,324,255,276,-1,324,276,325,-1,325,276,273,-1,325,273,260,-1,324,326,255,-1,255,326,253,-1,251,253,327,-1,327,253,326,-1,328,329,252,-1,252,329,254,-1,329,330,254,-1,254,330,258,-1,330,331,258,-1,258,331,265,-1,331,332,265,-1,265,332,264,-1,332,333,264,-1,264,333,259,-1,333,325,259,-1,259,325,260,-1,326,324,327,-1,327,324,325,-1,327,325,328,-1,330,329,331,-1,331,329,328,-1,331,328,332,-1,332,328,325,-1,332,325,333,-1,234,334,1,-1,1,334,268,-1,4,10,6,-1,6,10,8,-1,268,12,1,-1,1,12,10,-1,1,10,2,-1,2,10,4,-1,335,336,337,-1,337,336,250,-1,337,250,338,-1,338,250,268,-1,338,268,339,-1,339,268,334,-1,336,237,250,-1,250,237,236,-1,239,247,236,-1,236,247,249,-1,236,249,250,-1,239,241,247,-1,247,241,243,-1,247,243,245,-1,339,334,340,-1,340,334,234,-1,340,234,341,-1,341,234,237,-1,341,237,335,-1,335,237,336,-1,306,342,181,-1,181,342,182,-1,342,343,182,-1,182,343,185,-1,343,304,185,-1,185,304,183,-1,343,342,304,-1,304,342,306,-1,307,344,187,-1,187,344,188,-1,344,345,188,-1,188,345,198,-1,345,305,198,-1,198,305,197,-1,345,344,305,-1,305,344,307,-1,309,346,194,-1,194,346,195,-1,346,347,195,-1,195,347,196,-1,347,308,196,-1,196,308,199,-1,347,346,308,-1,308,346,309,-1,310,348,190,-1,190,348,191,-1,348,349,191,-1,191,349,192,-1,349,313,192,-1,192,313,193,-1,349,348,313,-1,313,348,310,-1,312,350,201,-1,201,350,202,-1,350,351,202,-1,202,351,209,-1,351,311,209,-1,209,311,208,-1,351,350,311,-1,311,350,312,-1,315,352,205,-1,205,352,206,-1,352,353,206,-1,206,353,207,-1,353,314,207,-1,207,314,210,-1,353,352,314,-1,314,352,315,-1,319,354,212,-1,212,354,213,-1,213,354,214,-1,214,354,355,-1,214,355,203,-1,355,318,203,-1,203,318,204,-1,355,354,318,-1,318,354,319,-1,317,356,216,-1,216,356,217,-1,356,357,217,-1,217,357,223,-1,357,316,223,-1,223,316,222,-1,357,356,316,-1,316,356,317,-1,321,358,219,-1,219,358,220,-1,358,359,220,-1,220,359,221,-1,359,320,221,-1,221,320,224,-1,320,359,321,-1,321,359,358,-1,360,267,361,-1,361,267,266,-1,361,266,362,-1,362,266,363,-1,263,364,257,-1,257,364,323,-1,365,362,363,-1,366,367,368,-1,364,369,370,-1,371,372,363,-1,363,373,374,-1,374,373,375,-1,374,375,370,-1,370,375,376,-1,370,376,377,-1,378,379,363,-1,380,381,382,-1,377,322,370,-1,370,322,323,-1,370,323,364,-1,383,384,385,-1,386,387,363,-1,385,378,383,-1,383,378,363,-1,383,363,388,-1,388,363,374,-1,388,374,389,-1,389,374,390,-1,368,371,366,-1,366,371,363,-1,366,363,391,-1,391,363,379,-1,391,379,392,-1,392,379,393,-1,382,386,380,-1,380,386,363,-1,380,363,394,-1,394,363,372,-1,394,372,395,-1,395,372,396,-1,397,398,399,-1,399,365,397,-1,397,365,363,-1,397,363,400,-1,400,363,387,-1,400,387,401,-1,401,387,402,-1,263,267,403,-1,403,267,360,-1,404,401,402,-1,405,406,263,-1,402,405,404,-1,404,405,263,-1,404,263,407,-1,407,263,403,-1,407,403,398,-1,398,403,399,-1,408,368,367,-1,409,410,263,-1,382,381,406,-1,406,381,411,-1,406,411,263,-1,263,411,412,-1,367,409,408,-1,408,409,263,-1,408,263,413,-1,413,263,412,-1,413,412,396,-1,396,412,395,-1,414,385,384,-1,415,416,263,-1,384,415,414,-1,414,415,263,-1,414,263,417,-1,417,263,410,-1,417,410,393,-1,393,410,392,-1,369,364,418,-1,418,364,263,-1,418,263,419,-1,419,263,416,-1,419,416,390,-1,390,416,389,-1,
        ]
    }
}
Shape{
    appearance Appearance {
        material  Material 	{
            diffuseColor 0.5019607843137255 0.5019607843137255 0.5019607843137255
            specularColor 0.25098039215686274 0.25098039215686274 0.25098039215686274
            ambientIntensity 0.502
            transparency 0.0
            shininess 0.5
        }
    }
    geometry IndexedFaceSet {
        ccw TRUE
        solid FALSE
        coord DEF co Coordinate {
            point [
                1.9856 0.5953 0.0, 1.9856 0.5953 0.5906, 1.9856 1.2886 0.0, 1.9856 1.5008 0.5906, 1.9856 1.5008 0.0, 1.7631 1.5008 0.0939, 1.7508 1.5008 0.0894, 1.7473 1.5008 0.0888, 1.7224 1.5008 0.0845, 1.8435 1.5008 0.1422, 1.8246 1.5008 0.1267, 1.8125 1.5008 0.1168, 1.7997 1.5008 0.1095, 1.788 1.5008 0.1028, 1.5981 1.5008 0.1164, 1.5941 1.5008 0.12, 1.3951 1.5008 0.0, 1.5908 1.5008 0.123, 1.5767 1.5008 0.1359, 1.3951 1.5008 0.5906, 1.5631 1.5008 0.1721, 1.5643 1.5008 0.173, 1.5648 1.5008 0.1733, 1.5668 1.5008 0.1739, 1.5675 1.5008 0.174, 1.6566 1.5008 0.0895, 1.6395 1.5008 0.0956, 1.6992 1.5008 0.0846, 1.6916 1.5008 0.0846, 1.6834 1.5008 0.0847, 1.6339 1.5008 0.0976, 1.6228 1.5008 0.1016, 1.5677 1.5008 0.1488, 1.5657 1.5008 0.1516, 1.5645 1.5008 0.1539, 1.5617 1.5008 0.1614, 1.5617 1.5008 0.1618, 1.5612 1.5008 0.1642, 1.568 1.5008 0.174, 1.5721 1.5008 0.174, 1.5727 1.5008 0.1739, 1.653 1.5008 0.1535, 1.653 1.5008 0.1535, 1.5617 1.5008 0.17, 1.5619 1.5008 0.1705, 1.5627 1.5008 0.1717, 1.5742 1.5008 0.1737, 1.5887 1.5008 0.1692, 1.6018 1.5008 0.1651, 1.7599 1.5008 0.1766, 1.7682 1.5008 0.1813, 1.7878 1.5008 0.1978, 1.6392 1.5008 0.1548, 1.6157 1.5008 0.1613, 1.6153 1.5008 0.1614, 1.6757 1.5008 0.1514, 1.6839 1.5008 0.1517, 1.6902 1.5008 0.1528, 1.5611 1.5008 0.1672, 1.5611 1.5008 0.1675, 1.5612 1.5008 0.1682, 1.7012 1.5008 0.1547, 1.7195 1.5008 0.1578, 1.7269 1.5008 0.1604, 1.7374 1.5008 0.1641, 1.7455 1.5008 0.1687, 1.3951 1.2886 0.0, 1.3951 0.5953 0.5906, 1.3951 0.5953 0.0
            ]
        }
        coordIndex [
            0,1,2,-1,2,1,3,-1,2,3,4,-1,5,6,4,-1,4,6,7,-1,4,7,8,-1,3,9,4,-1,4,9,10,-1,4,10,11,-1,11,12,4,-1,4,12,13,-1,4,13,5,-1,14,15,16,-1,16,15,17,-1,16,17,18,-1,19,20,21,-1,21,22,19,-1,19,22,23,-1,19,23,24,-1,16,25,26,-1,8,27,4,-1,4,27,28,-1,4,28,16,-1,16,28,29,-1,16,29,25,-1,26,30,16,-1,16,30,31,-1,16,31,14,-1,18,32,16,-1,16,32,33,-1,16,33,34,-1,34,35,16,-1,16,35,36,-1,16,36,37,-1,24,38,19,-1,19,38,39,-1,19,39,3,-1,3,39,40,-1,41,42,3,-1,43,44,19,-1,19,44,45,-1,19,45,20,-1,40,46,3,-1,3,46,47,-1,3,47,48,-1,49,50,3,-1,3,50,51,-1,3,51,9,-1,52,41,53,-1,53,41,3,-1,53,3,54,-1,54,3,48,-1,42,55,3,-1,3,55,56,-1,3,56,57,-1,37,58,16,-1,16,58,59,-1,16,59,19,-1,19,59,60,-1,19,60,43,-1,57,61,3,-1,3,61,62,-1,3,62,63,-1,63,64,3,-1,3,64,65,-1,3,65,49,-1,16,19,66,-1,66,19,67,-1,66,67,68,-1,67,1,68,-1,68,1,0,-1,67,19,1,-1,1,19,3,-1,
        ]
    }
}
Shape{
    appearance Appearance {
        material  Material 	{
            diffuseColor 0.7529411764705882 0.7529411764705882 0.7529411764705882
            specularColor 0.3764705882352941 0.3764705882352941 0.3764705882352941
            ambientIntensity 0.7529
            transparency 0.0
            shininess 0.5
        }
    }
    geometry IndexedFaceSet {
        ccw TRUE
        solid FALSE
        coord DEF co Coordinate {
            point [
                1.8435 1.5008 0.1422, 1.7878 1.5008 0.1978, 1.7889 1.4942 0.1981, 1.8437 1.4934 0.1434, 1.7913 1.4862 0.1973, 1.8426 1.4849 0.1462, 1.8315 1.4658 0.1612, 1.8364 1.4708 0.1552, 1.8403 1.4774 0.1501, 1.806 1.4663 0.1865, 1.8126 1.463 0.1806, 1.8195 1.4618 0.1739, 1.8256 1.4628 0.1676, 1.7949 1.4787 0.1951, 1.8002 1.4715 0.1913, 1.573 1.4648 0.221, 1.5582 1.4586 0.2527, 1.5596 1.4496 0.2518, 1.7682 1.5008 0.1813, 1.7599 1.5008 0.1766, 1.7607 1.4947 0.1768, 1.7374 1.5008 0.1641, 1.7269 1.5008 0.1604, 1.7272 1.497 0.1614, 1.6757 1.5008 0.1514, 1.653 1.5008 0.1535, 1.6553 1.4926 0.1577, 1.6018 1.5008 0.1651, 1.5887 1.5008 0.1692, 1.5774 1.4987 0.1787, 1.5721 1.5008 0.174, 1.568 1.5008 0.174, 1.5428 1.4945 0.2065, 1.5767 1.5008 0.1359, 1.5908 1.5008 0.123, 1.5528 1.4948 0.1508, 1.788 1.5008 0.1028, 1.7997 1.5008 0.1095, 1.8006 1.4974 0.109, 1.8125 1.5008 0.1168, 1.8246 1.5008 0.1267, 1.8015 1.4874 0.1102, 1.7493 1.4907 0.087, 1.7631 1.5008 0.0939, 1.7478 1.4988 0.0881, 1.7473 1.5008 0.0888, 1.7508 1.5008 0.0894, 1.7224 1.5008 0.0845, 1.6929 1.492 0.0803, 1.6992 1.5008 0.0846, 1.6395 1.5008 0.0956, 1.6566 1.5008 0.0895, 1.6391 1.4937 0.0897, 1.6834 1.5008 0.0847, 1.6918 1.4995 0.0842, 1.6916 1.5008 0.0846, 1.5941 1.5008 0.12, 1.5981 1.5008 0.1164, 1.5917 1.4955 0.1141, 1.6228 1.5008 0.1016, 1.6339 1.5008 0.0976, 1.5677 1.5008 0.1488, 1.5617 1.5008 0.1618, 1.5617 1.5008 0.1614, 1.5579 1.4991 0.1573, 1.5645 1.5008 0.1539, 1.5657 1.5008 0.1516, 1.5612 1.5008 0.1642, 1.527 1.4923 0.1959, 1.5611 1.5008 0.1672, 1.5675 1.5008 0.174, 1.5668 1.5008 0.1739, 1.5648 1.5008 0.1733, 1.5643 1.5008 0.173, 1.5631 1.5008 0.1721, 1.5346 1.4946 0.2012, 1.5627 1.5008 0.1717, 1.5619 1.5008 0.1705, 1.5617 1.5008 0.17, 1.5612 1.5008 0.1682, 1.5611 1.5008 0.1675, 1.5742 1.5008 0.1737, 1.5727 1.5008 0.1739, 1.5513 1.492 0.2115, 1.6839 1.5008 0.1517, 1.7195 1.5008 0.1578, 1.7012 1.5008 0.1547, 1.6917 1.4903 0.1564, 1.5929 0.6346 0.3927, 1.5919 0.6281 0.3925, 1.5719 0.6406 0.3656, 1.5709 0.6341 0.3651, 1.5578 0.6473 0.333, 1.5571 0.6408 0.3323, 1.5526 0.6541 0.2979, 1.552 0.6475 0.2969, 1.5563 0.6602 0.2636, 1.5559 0.6536 0.2625, 1.5682 0.6661 0.2316, 1.5681 0.6596 0.2305, 1.5884 0.6728 0.2026, 1.5886 0.6662 0.2015, 1.6156 0.6795 0.1795, 1.6161 0.673 0.1785, 1.6469 0.6857 0.1645, 1.6476 0.6792 0.1637, 1.6802 0.6916 0.1579, 1.6811 0.685 0.1572, 1.7154 0.6982 0.1598, 1.7165 0.6916 0.1594, 1.7494 0.705 0.1708, 1.7505 0.6984 0.1706, 1.7787 0.7113 0.1895, 1.7798 0.7047 0.1897, 1.8019 0.7171 0.2143, 1.8029 0.7105 0.2147, 1.8187 0.7236 0.2452, 1.8196 0.717 0.2458, 1.8273 0.7304 0.2798, 1.828 0.7238 0.2807, 1.8268 0.7368 0.3148, 1.8272 0.7303 0.3158, 1.8179 0.7426 0.3475, 1.818 0.736 0.3486, 1.8006 0.749 0.378, 1.8005 0.7425 0.3791, 1.7756 0.7558 0.4035, 1.7753 0.7493 0.4045, 1.7455 0.7623 0.4216, 1.7449 0.7558 0.4225, 1.713 0.7681 0.4312, 1.7122 0.7616 0.4319, 1.6781 0.7745 0.4325, 1.6772 0.7679 0.433, 1.6433 0.7813 0.4248, 1.6423 0.7747 0.425, 1.612 0.7878 0.4086, 1.6109 0.7813 0.4085, 1.5866 0.7937 0.386, 1.5856 0.7871 0.3857, 1.5673 0.7999 0.3572, 1.5663 0.7934 0.3566, 1.5555 0.8067 0.3235, 1.5548 0.8001 0.3228, 1.5527 0.8133 0.2883, 1.5522 0.8067 0.2873, 1.5587 0.8192 0.2547, 1.5584 0.8126 0.2537, 1.5729 0.8254 0.2232, 1.5729 0.8188 0.2222, 1.5953 0.8321 0.1956, 1.5955 0.8255 0.1945, 1.6239 0.8388 0.1746, 1.6244 0.8322 0.1736, 1.6557 0.8448 0.1619, 1.6564 0.8382 0.1611, 1.6897 0.8508 0.1575, 1.6907 0.8443 0.1569, 1.725 0.8575 0.1619, 1.726 0.851 0.1616, 1.758 0.8642 0.1752, 1.759 0.8577 0.1752, 1.7856 0.8703 0.1957, 1.7867 0.8638 0.1959, 1.8072 0.8763 0.2222, 1.8082 0.8697 0.2227, 1.822 0.8829 0.2544, 1.8228 0.8764 0.2551, 1.828 0.8897 0.2895, 1.8286 0.8831 0.2904, 1.8251 0.8959 0.324, 1.8255 0.8893 0.325, 1.814 0.9018 0.3561, 1.8141 0.8952 0.3572, 1.7945 0.9084 0.3856, 1.7943 0.9018 0.3866, 1.7678 0.9151 0.4093, 1.7674 0.9086 0.4102, 1.7368 0.9214 0.425, 1.7361 0.9149 0.4259, 1.7037 0.9273 0.4324, 1.7028 0.9207 0.4331, 1.6685 0.9338 0.4313, 1.6675 0.9272 0.4317, 1.6343 0.9406 0.4211, 1.6332 0.934 0.4213, 1.6044 0.947 0.403, 1.6033 0.9404 0.4028, 1.5807 0.9528 0.3788, 1.5797 0.9462 0.3784, 1.5632 0.9592 0.3484, 1.5623 0.9527 0.3477, 1.5538 0.966 0.3139, 1.5532 0.9595 0.3131, 1.5536 0.9725 0.2788, 1.5531 0.9659 0.2778, 1.5617 0.9783 0.246, 1.5615 0.9717 0.2449, 1.5782 0.9846 0.2152, 1.5783 0.9781 0.2141, 1.6026 0.9914 0.1891, 1.6029 0.9849 0.1881, 1.6324 0.998 0.1703, 1.633 0.9914 0.1694, 1.6647 1.0038 0.1599, 1.6655 0.9972 0.1592, 1.6994 1.0101 0.1578, 1.7003 1.0035 0.1573, 1.7343 1.0169 0.1647, 1.7354 1.0103 0.1645, 1.7661 1.0235 0.1802, 1.7672 1.0169 0.1802, 1.792 1.0293 0.2023, 1.7931 1.0228 0.2026, 1.812 1.0355 0.2305, 1.8129 1.029 0.2311, 1.8245 1.0423 0.2638, 1.8253 1.0357 0.2646, 1.8281 1.0489 0.2991, 1.8286 1.0424 0.3, 1.8229 1.0549 0.3329, 1.8232 1.0484 0.3339, 1.8095 1.061 0.3646, 1.8095 1.0544 0.3656, 1.7878 1.0677 0.3927, 1.7875 1.0611 0.3938, 1.7596 1.0744 0.4144, 1.7591 1.0679 0.4153, 1.728 1.0805 0.4278, 1.7272 1.0739 0.4286, 1.6942 1.0864 0.433, 1.6933 1.0799 0.4336, 1.6589 1.0931 0.4294, 1.6579 1.0866 0.4298, 1.6256 1.0999 0.4169, 1.6245 1.0933 0.417, 1.5973 1.106 0.3969, 1.5963 1.0995 0.3967, 1.5753 1.1119 0.371, 1.5743 1.1054 0.3706, 1.5598 1.1185 0.3393, 1.559 1.112 0.3386, 1.5529 1.1253 0.3043, 1.5522 1.1188 0.3034, 1.555 1.1316 0.2696, 1.5546 1.125 0.2686, 1.5654 1.1374 0.2373, 1.5653 1.1309 0.2362, 1.5842 1.144 0.2075, 1.5843 1.1374 0.2064, 1.6103 1.1508 0.1831, 1.6107 1.1442 0.1822, 1.641 1.1571 0.1666, 1.6417 1.1506 0.1658, 1.6739 1.1629 0.1585, 1.6748 1.1564 0.1578, 1.709 1.1694 0.1588, 1.71 1.1628 0.1583, 1.7435 1.1762 0.1681, 1.7445 1.1696 0.168, 1.7739 1.1826 0.1857, 1.7749 1.1761 0.1858, 1.7981 1.1884 0.2093, 1.7991 1.1819 0.2097, 1.8162 1.1948 0.2392, 1.8171 1.1883 0.2398, 1.8264 1.2016 0.2734, 1.8271 1.1951 0.2742, 1.8275 1.2081 0.3086, 1.828 1.2016 0.3096, 1.8201 1.214 0.3417, 1.8203 1.2074 0.3427, 1.8043 1.2203 0.3727, 1.8043 1.2137 0.3738, 1.7807 1.227 0.3994, 1.7803 1.2205 0.4004, 1.7512 1.2336 0.4189, 1.7506 1.2271 0.4198, 1.7191 1.2395 0.43, 1.7183 1.2329 0.4308, 1.6846 1.2457 0.4329, 1.6836 1.2391 0.4335, 1.6495 1.2525 0.4269, 1.6484 1.2459 0.4271, 1.6173 1.2591 0.4121, 1.6162 1.2526 0.4121, 1.5908 1.2651 0.3905, 1.5898 1.2585 0.3903, 1.5703 1.2712 0.3629, 1.5693 1.2646 0.3623, 1.557 1.2779 0.3299, 1.5562 1.2713 0.3291, 1.5526 1.2846 0.2946, 1.552 1.278 0.2937, 1.557 1.2906 0.2606, 1.5567 1.2841 0.2596, 1.5697 1.2966 0.2288, 1.5696 1.2901 0.2277, 1.5907 1.3033 0.2002, 1.5909 1.2967 0.1991, 1.6183 1.31 0.1778, 1.6188 1.3035 0.1768, 1.6498 1.3162 0.1636, 1.6505 1.3096 0.1628, 1.6834 1.3221 0.1577, 1.6843 1.3155 0.1571, 1.7186 1.3287 0.1604, 1.7197 1.3222 0.1601, 1.7523 1.3355 0.1722, 1.7534 1.3289 0.1721, 1.7811 1.3417 0.1916, 1.7822 1.3352 0.1917, 1.8037 1.3476 0.2169, 1.8047 1.341 0.2173, 1.8199 1.3541 0.2482, 1.8207 1.3476 0.2489, 1.8276 1.3609 0.283, 1.8283 1.3544 0.2839, 1.8263 1.3673 0.3179, 1.8267 1.3607 0.3189, 1.8167 1.3731 0.3504, 1.8168 1.3665 0.3515, 1.7986 1.3796 0.3806, 1.7985 1.373 0.3816, 1.7731 1.3864 0.4055, 1.7727 1.3798 0.4065, 1.7426 1.3928 0.4228, 1.742 1.3862 0.4237, 1.7099 1.3986 0.4317, 1.7091 1.392 0.4324, 1.6749 1.405 0.4322, 1.6739 1.3984 0.4327, 1.6403 1.4118 0.4236, 1.6392 1.4052 0.4238, 1.6094 1.4183 0.4068, 1.6083 1.4117 0.4067, 1.5846 1.4241 0.3836, 1.5836 1.4175 0.3833, 1.5658 1.4304 0.3543, 1.5649 1.4239 0.3537, 1.5549 1.4372 0.3204, 1.5542 1.4307 0.3195, 1.5529 1.4438 0.2851, 1.5525 1.4372 0.2841, 1.6939 1.4748 0.157, 1.7292 1.4815 0.1625, 1.7281 1.4881 0.1628, 1.5895 0.6201 0.3933, 1.5684 0.6261 0.3653, 1.5545 0.6328 0.3318, 1.5497 0.6395 0.2958, 1.554 0.6456 0.2609, 1.5666 0.6515 0.2284, 1.5877 0.6582 0.1991, 1.6158 0.665 0.176, 1.6479 0.6712 0.1612, 1.682 0.677 0.1549, 1.718 0.6836 0.1574, 1.7525 0.6904 0.1691, 1.7821 0.6967 0.1887, 1.8054 0.7025 0.2143, 1.8221 0.709 0.2461, 1.8304 0.7158 0.2816, 1.8293 0.7222 0.3173, 1.8197 0.728 0.3505, 1.8016 0.7345 0.3813, 1.7758 0.7413 0.407, 1.7447 0.7478 0.425, 1.7114 0.7536 0.4344, 1.6758 0.7599 0.4352, 1.6404 0.7667 0.4268, 1.6087 0.7733 0.4098, 1.5831 0.7791 0.3863, 1.5638 0.7853 0.3566, 1.5523 0.7921 0.3221, 1.55 0.7987 0.2861, 1.5566 0.8046 0.2519, 1.5715 0.8108 0.22, 1.5948 0.8175 0.1921, 1.6243 0.8242 0.1711, 1.657 0.8302 0.1586, 1.6918 0.8362 0.1546, 1.7277 0.8429 0.1597, 1.7612 0.8497 0.1737, 1.7891 0.8558 0.1951, 1.8107 0.8617 0.2224, 1.8253 0.8684 0.2555, 1.831 0.8751 0.2914, 1.8275 0.8813 0.3266, 1.8156 0.8872 0.3592, 1.7953 0.8938 0.389, 1.7677 0.9006 0.4128, 1.7358 0.9069 0.4284, 1.7019 0.9127 0.4355, 1.666 0.9192 0.4338, 1.6313 0.926 0.4229, 1.601 0.9324 0.4039, 1.5772 0.9382 0.3789, 1.5598 0.9446 0.3476, 1.5507 0.9514 0.3123, 1.551 0.9579 0.2764, 1.5598 0.9637 0.243, 1.5771 0.9701 0.2118, 1.6023 0.9769 0.1856, 1.633 0.9834 0.1668, 1.6662 0.9892 0.1567, 1.7016 0.9955 0.1551, 1.7372 1.0023 0.1626, 1.7694 1.0089 0.1789, 1.7955 1.0148 0.2019, 1.8155 1.021 0.231, 1.8278 1.0277 0.2652, 1.8309 1.0344 0.3012, 1.8251 1.0403 0.3357, 1.8109 1.0464 0.3678, 1.7884 1.0531 0.3962, 1.7593 1.0598 0.4179, 1.7268 1.0659 0.4311, 1.6922 1.0719 0.4359, 1.6563 1.0785 0.4317, 1.6224 1.0853 0.4184, 1.5939 1.0915 0.3977, 1.5718 1.0974 0.3709, 1.5564 1.104 0.3382, 1.5499 1.1107 0.3024, 1.5526 1.117 0.267, 1.5637 1.1228 0.2342, 1.5833 1.1294 0.2041, 1.6103 1.1362 0.1796, 1.6419 1.1426 0.1632, 1.6756 1.1483 0.1554, 1.7115 1.1548 0.1562, 1.7465 1.1616 0.1663, 1.7772 1.1681 0.1846, 1.8016 1.1739 0.2092, 1.8197 1.1803 0.2399, 1.8296 1.187 0.275, 1.8302 1.1936 0.3109, 1.8221 1.1994 0.3446, 1.8055 1.2057 0.376, 1.781 1.2125 0.4029, 1.7506 1.2191 0.4224, 1.7177 1.2249 0.4333, 1.6824 1.2311 0.4357, 1.6467 1.2379 0.429, 1.614 1.2445 0.4134, 1.5873 1.2505 0.391, 1.5668 1.2566 0.3625, 1.5537 1.2633 0.3286, 1.5497 1.27 0.2926, 1.5548 1.2761 0.2579, 1.5682 1.2821 0.2256, 1.59 1.2887 0.1967, 1.6186 1.2955 0.1743, 1.6509 1.3016 0.1603, 1.6853 1.3075 0.1547, 1.7212 1.3142 0.158, 1.7554 1.3209 0.1706, 1.7845 1.3272 0.1908, 1.8072 1.333 0.217, 1.8233 1.3396 0.2492, 1.8306 1.3464 0.2848, 1.8288 1.3527 0.3204, 1.8184 1.3585 0.3534, 1.7996 1.365 0.3839, 1.7731 1.3718 0.409, 1.7418 1.3782 0.4262, 1.7083 1.384 0.4348, 1.6726 1.3904 0.4348, 1.6373 1.3972 0.4256, 1.6061 1.4037 0.4079, 1.5811 1.4095 0.3839, 1.5624 1.4159 0.3536, 1.5517 1.4226 0.3188, 1.7309 1.4735 0.1606, 1.6951 1.4668 0.1547, 1.66 1.4606 0.1579, 1.5858 0.6125 0.3954, 1.5643 0.6185 0.3665, 1.5503 0.6252 0.3319, 1.5456 0.632 0.2949, 1.5502 0.6381 0.2589, 1.5635 0.644 0.2256, 1.5854 0.6507 0.1956, 1.6145 0.6574 0.172, 1.6477 0.6636 0.1569, 1.6828 0.6695 0.1507, 1.7198 0.6761 0.1535, 1.7552 0.6829 0.1658, 1.7856 0.6892 0.1862, 1.8093 0.695 0.2128, 1.8263 0.7015 0.2456, 1.8345 0.7083 0.2822, 1.8332 0.7147 0.3189, 1.8231 0.7205 0.353, 1.8043 0.7269 0.3847, 1.7775 0.7337 0.4109, 1.7454 0.7402 0.4292, 1.7111 0.746 0.4386, 1.6744 0.7524 0.4392, 1.638 0.7591 0.4302, 1.6055 0.7657 0.4125, 1.5794 0.7715 0.3882, 1.5597 0.7778 0.3575, 1.5481 0.7846 0.3219, 1.546 0.7912 0.2848, 1.553 0.7971 0.2497, 1.5686 0.8033 0.217, 1.5927 0.81 0.1884, 1.6233 0.8167 0.167, 1.657 0.8227 0.1544, 1.6928 0.8287 0.1505, 1.7298 0.8354 0.156, 1.7641 0.8421 0.1707, 1.7927 0.8482 0.1929, 1.8147 0.8542 0.2212, 1.8295 0.8608 0.2553, 1.8351 0.8676 0.2923, 1.8313 0.8738 0.3285, 1.8188 0.8797 0.362, 1.7977 0.8863 0.3925, 1.7691 0.893 0.4167, 1.7362 0.8993 0.4326, 1.7012 0.9051 0.4396, 1.6643 0.9117 0.4377, 1.6286 0.9185 0.4262, 1.5976 0.9249 0.4065, 1.5733 0.9307 0.3805, 1.5556 0.9371 0.3482, 1.5465 0.9439 0.3118, 1.547 0.9504 0.2749, 1.5563 0.9562 0.2405, 1.5744 0.9625 0.2086, 1.6005 0.9693 0.1817, 1.6323 0.9759 0.1627, 1.6664 0.9817 0.1525, 1.7029 0.988 0.1511, 1.7395 0.9948 0.1591, 1.7726 1.0014 0.1761, 1.7993 1.0072 0.1999, 1.8196 1.0134 0.23, 1.832 1.0202 0.2653, 1.835 1.0268 0.3024, 1.8288 1.0328 0.3378, 1.8139 1.0389 0.3707, 1.7905 1.0456 0.3998, 1.7604 1.0523 0.422, 1.7269 1.0584 0.4354, 1.6913 1.0643 0.44, 1.6543 1.071 0.4355, 1.6196 1.0778 0.4216, 1.5904 1.0839 0.3999, 1.5678 1.0898 0.3722, 1.5522 1.0964 0.3385, 1.5457 1.1032 0.3016, 1.5488 1.1095 0.2652, 1.5604 1.1153 0.2315, 1.5808 1.1219 0.2006, 1.6088 1.1286 0.1757, 1.6415 1.135 0.159, 1.6762 1.1408 0.1512, 1.7131 1.1473 0.1523, 1.749 1.1541 0.1629, 1.7805 1.1605 0.182, 1.8054 1.1663 0.2074, 1.8238 1.1727 0.2392, 1.8338 1.1795 0.2754, 1.8341 1.186 0.3124, 1.8256 1.1918 0.347, 1.8083 1.1982 0.3792, 1.7828 1.2049 0.4067, 1.7515 1.2115 0.4265, 1.7175 1.2174 0.4375, 1.6812 1.2236 0.4398, 1.6444 1.2304 0.4326, 1.6109 1.237 0.4163, 1.5836 1.2429 0.3931, 1.5627 1.2491 0.3635, 1.5495 1.2558 0.3286, 1.5456 1.2625 0.2915, 1.5511 1.2685 0.2558, 1.5651 1.2745 0.2227, 1.5878 1.2812 0.1931, 1.6174 1.2879 0.1703, 1.6508 1.2941 0.156, 1.6861 1.3 0.1506, 1.7231 1.3066 0.1543, 1.7582 1.3134 0.1674, 1.788 1.3196 0.1884, 1.8112 1.3255 0.2155, 1.8275 1.332 0.2488, 1.8348 1.3388 0.2855, 1.8326 1.3452 0.3221, 1.8218 1.351 0.356, 1.8021 1.3575 0.3873, 1.7747 1.3643 0.4129, 1.7423 1.3707 0.4304, 1.7078 1.3765 0.439, 1.671 1.3829 0.4387, 1.6348 1.3897 0.429, 1.6028 1.3962 0.4106, 1.5773 1.402 0.3857, 1.5582 1.4083 0.3544, 1.733 1.466 0.1569, 1.6962 1.4592 0.1506, 1.6601 1.4531 0.1537, 1.6262 1.4472 0.1655, 1.5806 0.6054 0.3992, 1.5583 0.6114 0.3689, 1.5439 0.6181 0.3327, 1.5392 0.6248 0.294, 1.5443 0.631 0.2565, 1.5583 0.6369 0.2218, 1.5814 0.6435 0.1905, 1.6119 0.6503 0.1661, 1.6466 0.6565 0.1506, 1.6833 0.6624 0.1443, 1.7219 0.6689 0.1474, 1.7588 0.6757 0.1605, 1.7905 0.6821 0.182, 1.8151 0.6879 0.2098, 1.8327 0.6944 0.2442, 1.841 0.7012 0.2824, 1.8394 0.7076 0.3208, 1.8286 0.7134 0.3564, 1.8088 0.7198 0.3893, 1.7806 0.7266 0.4165, 1.747 0.7331 0.4354, 1.7111 0.7389 0.445, 1.6728 0.7452 0.4454, 1.6349 0.752 0.4359, 1.601 0.7586 0.4172, 1.5739 0.7644 0.3917, 1.5535 0.7707 0.3595, 1.5416 0.7774 0.3222, 1.5396 0.7841 0.2835, 1.5472 0.79 0.2468, 1.5637 0.7961 0.2128, 1.5891 0.8029 0.1831, 1.6211 0.8095 0.1609, 1.6563 0.8155 0.148, 1.6938 0.8216 0.1441, 1.7323 0.8283 0.15, 1.7681 0.835 0.1656, 1.7978 0.8411 0.1889, 1.8207 0.847 0.2186, 1.8359 0.8537 0.2544, 1.8415 0.8605 0.2931, 1.8373 0.8667 0.3308, 1.8241 0.8725 0.3657, 1.8018 0.8791 0.3974, 1.7719 0.8859 0.4226, 1.7374 0.8922 0.439, 1.7009 0.898 0.4461, 1.6623 0.9045 0.4438, 1.6251 0.9113 0.4316, 1.5929 0.9177 0.4108, 1.5676 0.9235 0.3835, 1.5493 0.93 0.3497, 1.5401 0.9368 0.3116, 1.5408 0.9432 0.2731, 1.5507 0.949 0.2373, 1.5698 0.9554 0.2041, 1.5973 0.9622 0.1762, 1.6305 0.9687 0.1564, 1.6662 0.9746 0.146, 1.7044 0.9808 0.1447, 1.7425 0.9876 0.1534, 1.7769 0.9942 0.1713, 1.8047 1.0001 0.1963, 1.8257 1.0063 0.2279, 1.8384 1.013 0.2648, 1.8413 1.0197 0.3036, 1.8346 1.0257 0.3405, 1.8189 1.0317 0.3748, 1.7943 1.0385 0.4051, 1.7628 1.0452 0.428, 1.7276 1.0512 0.4418, 1.6904 1.0572 0.4465, 1.6518 1.0639 0.4415, 1.6157 1.0706 0.4267, 1.5853 1.0768 0.404, 1.5619 1.0827 0.3749, 1.5458 1.0893 0.3396, 1.5393 1.0961 0.301, 1.5427 1.1024 0.263, 1.555 1.1082 0.2279, 1.5765 1.1147 0.1958, 1.6059 1.1215 0.1699, 1.6401 1.1279 0.1527, 1.6764 1.1337 0.1447, 1.7149 1.1401 0.1461, 1.7524 1.1469 0.1574, 1.7852 1.1534 0.1776, 1.8111 1.1592 0.2042, 1.8301 1.1656 0.2376, 1.8402 1.1724 0.2754, 1.8404 1.1789 0.314, 1.8313 1.1847 0.3501, 1.813 1.191 0.3836, 1.7863 1.1978 0.4121, 1.7534 1.2044 0.4327, 1.7178 1.2103 0.4439, 1.6799 1.2165 0.4461, 1.6416 1.2232 0.4384, 1.6067 1.2299 0.4212, 1.5783 1.2358 0.3968, 1.5566 1.2419 0.3658, 1.543 1.2486 0.3292, 1.5393 1.2553 0.2905, 1.5451 1.2614 0.2532, 1.56 1.2674 0.2187, 1.5839 1.2741 0.188, 1.6149 1.2808 0.1643, 1.6498 1.287 0.1496, 1.6868 1.2929 0.1441, 1.7254 1.2995 0.1482, 1.762 1.3062 0.1621, 1.793 1.3125 0.1842, 1.817 1.3183 0.2127, 1.8338 1.3249 0.2476, 1.8413 1.3317 0.286, 1.8388 1.338 0.3242, 1.8272 1.3438 0.3595, 1.8065 1.3503 0.3921, 1.7778 1.3571 0.4186, 1.7438 1.3636 0.4367, 1.7077 1.3693 0.4455, 1.6693 1.3758 0.445, 1.6316 1.3826 0.4346, 1.5982 1.3891 0.4151, 1.5718 1.3949 0.389, 1.7358 1.4588 0.1511, 1.6973 1.4521 0.1443, 1.6596 1.446 0.1473, 1.6242 1.44 0.1593, 1.5917 1.4334 0.1807, 1.5747 0.6002 0.404, 1.5514 0.6062 0.3721, 1.5364 0.6129 0.3341, 1.5316 0.6196 0.2934, 1.5371 0.6258 0.254, 1.5519 0.6317 0.2176, 1.5763 0.6383 0.1849, 1.6084 0.6451 0.1593, 1.6449 0.6513 0.1432, 1.6835 0.6572 0.1367, 1.724 0.6638 0.1401, 1.7627 0.6705 0.154, 1.7959 0.6769 0.1766, 1.8216 0.6827 0.206, 1.84 0.6892 0.2421, 1.8486 0.696 0.2823, 1.8468 0.7024 0.3226, 1.8354 0.7082 0.3599, 1.8144 0.7146 0.3944, 1.7847 0.7214 0.4229, 1.7494 0.7279 0.4427, 1.7116 0.7337 0.4526, 1.6714 0.74 0.4529, 1.6316 0.7468 0.4428, 1.5961 0.7534 0.423, 1.5677 0.7592 0.3961, 1.5464 0.7655 0.3622, 1.5341 0.7723 0.3231, 1.5321 0.7789 0.2823, 1.5401 0.7848 0.2439, 1.5576 0.7909 0.2082, 1.5844 0.7977 0.1771, 1.6181 0.8044 0.1539, 1.6551 0.8103 0.1405, 1.6945 0.8164 0.1366, 1.7349 0.8231 0.1429, 1.7724 0.8298 0.1594, 1.8036 0.8359 0.184, 1.8275 0.8419 0.2152, 1.8433 0.8485 0.2529, 1.8491 0.8553 0.2935, 1.8445 0.8615 0.3331, 1.8306 0.8673 0.3697, 1.807 0.8739 0.4029, 1.7755 0.8807 0.4293, 1.7392 0.887 0.4463, 1.7009 0.8928 0.4537, 1.6604 0.8994 0.4512, 1.6213 0.9062 0.4382, 1.5876 0.9125 0.4163, 1.5612 0.9183 0.3875, 1.5421 0.9248 0.3519, 1.5325 0.9316 0.3119, 1.5334 0.9381 0.2715, 1.5439 0.9439 0.2339, 1.5641 0.9502 0.1991, 1.593 0.957 0.1699, 1.628 0.9636 0.1493, 1.6656 0.9694 0.1385, 1.7056 0.9757 0.1373, 1.7456 0.9824 0.1464, 1.7817 0.989 0.1654, 1.8107 0.9949 0.1918, 1.8327 1.0011 0.225, 1.846 1.0079 0.2638, 1.8489 1.0145 0.3045, 1.8417 1.0205 0.3433, 1.8251 1.0266 0.3793, 1.7991 1.0333 0.4109, 1.7659 1.04 0.4349, 1.729 1.0461 0.4493, 1.6899 1.052 0.454, 1.6494 1.0587 0.4487, 1.6115 1.0654 0.433, 1.5797 1.0716 0.4091, 1.5551 1.0775 0.3785, 1.5384 1.0841 0.3413, 1.5317 1.0909 0.3008, 1.5354 1.0972 0.2609, 1.5485 1.103 0.2241, 1.5712 1.1095 0.1904, 1.6021 1.1163 0.1633, 1.6381 1.1227 0.1454, 1.6763 1.1285 0.1371, 1.7167 1.135 0.1387, 1.756 1.1418 0.1507, 1.7904 1.1482 0.172, 1.8174 1.154 0.2001, 1.8373 1.1604 0.2352, 1.8478 1.1672 0.2749, 1.8478 1.1737 0.3155, 1.8381 1.1795 0.3533, 1.8189 1.1858 0.3885, 1.7907 1.1926 0.4183, 1.7561 1.1992 0.4398, 1.7187 1.2051 0.4515, 1.6788 1.2113 0.4536, 1.6386 1.218 0.4454, 1.6021 1.2247 0.4272, 1.5723 1.2306 0.4015, 1.5497 1.2367 0.3689, 1.5355 1.2435 0.3304, 1.5317 1.2502 0.2897, 1.538 1.2562 0.2506, 1.5537 1.2622 0.2144, 1.5789 1.2689 0.1822, 1.6116 1.2756 0.1575, 1.6483 1.2818 0.1422, 1.6872 1.2877 0.1366, 1.7277 1.2943 0.141, 1.766 1.3011 0.1557, 1.7985 1.3073 0.179, 1.8236 1.3132 0.209, 1.8412 1.3197 0.2457, 1.8489 1.3265 0.286, 1.8461 1.3329 0.3262, 1.8339 1.3387 0.3632, 1.812 1.3451 0.3973, 1.7817 1.3519 0.4251, 1.746 1.3584 0.444, 1.7081 1.3642 0.453, 1.6677 1.3706 0.4524, 1.6282 1.3774 0.4413, 1.5932 1.3839 0.4208, 1.7385 1.4536 0.144, 1.6982 1.4469 0.1367, 1.6586 1.4408 0.1397, 1.6213 1.4349 0.1523, 1.5872 1.4282 0.1746, 1.5597 1.4215 0.2051, 1.5681 0.5968 0.4099, 1.5436 0.6029 0.3762, 1.5278 0.6095 0.336, 1.5228 0.6163 0.2931, 1.5286 0.6224 0.2515, 1.5443 0.6283 0.2131, 1.57 0.635 0.1786, 1.604 0.6417 0.1517, 1.6426 0.648 0.1346, 1.6833 0.6538 0.1278, 1.7261 0.6604 0.1315, 1.7669 0.6672 0.1462, 1.8019 0.6735 0.1702, 1.8291 0.6793 0.2012, 1.8484 0.6858 0.2394, 1.8574 0.6926 0.2818, 1.8554 0.699 0.3243, 1.8434 0.7048 0.3637, 1.8211 0.7112 0.4001, 1.7898 0.718 0.4302, 1.7525 0.7245 0.4509, 1.7126 0.7303 0.4614, 1.6702 0.7367 0.4617, 1.6281 0.7435 0.4509, 1.5907 0.75 0.43, 1.5608 0.7559 0.4015, 1.5383 0.7621 0.3658, 1.5253 0.7689 0.3244, 1.5233 0.7755 0.2814, 1.5318 0.7814 0.2409, 1.5504 0.7876 0.2032, 1.5786 0.7943 0.1704, 1.6142 0.801 0.146, 1.6534 0.807 0.1318, 1.6949 0.813 0.1277, 1.7376 0.8197 0.1345, 1.7772 0.8264 0.1519, 1.81 0.8325 0.1779, 1.8352 0.8385 0.211, 1.8519 0.8451 0.2507, 1.858 0.8519 0.2936, 1.8531 0.8581 0.3354, 1.8383 0.864 0.374, 1.8134 0.8706 0.4091, 1.7801 0.8773 0.4368, 1.7418 0.8836 0.4548, 1.7012 0.8895 0.4625, 1.6585 0.896 0.4598, 1.6173 0.9028 0.4461, 1.5817 0.9092 0.4229, 1.5539 0.915 0.3925, 1.5337 0.9214 0.3549, 1.5237 0.9282 0.3127, 1.5247 0.9347 0.27, 1.5359 0.9405 0.2303, 1.5572 0.9468 0.1936, 1.5877 0.9536 0.1628, 1.6247 0.9602 0.1411, 1.6644 0.966 0.1297, 1.7067 0.9723 0.1285, 1.7489 0.9791 0.1382, 1.7869 0.9857 0.1583, 1.8176 0.9916 0.1861, 1.8407 0.9977 0.2213, 1.8547 1.0045 0.2622, 1.8577 1.0112 0.3053, 1.8501 1.0171 0.3462, 1.8325 1.0232 0.3841, 1.805 1.0299 0.4175, 1.77 1.0366 0.4428, 1.731 1.0427 0.4579, 1.6897 1.0487 0.4629, 1.6469 1.0553 0.4571, 1.6069 1.0621 0.4406, 1.5733 1.0683 0.4153, 1.5475 1.0741 0.3829, 1.5299 1.0807 0.3437, 1.5229 1.0875 0.3009, 1.5268 1.0938 0.2588, 1.5407 1.0996 0.2199, 1.5647 1.1062 0.1844, 1.5973 1.113 0.1559, 1.6354 1.1193 0.1369, 1.6757 1.1251 0.1283, 1.7184 1.1316 0.13, 1.7598 1.1384 0.1428, 1.7961 1.1448 0.1652, 1.8246 1.1506 0.195, 1.8456 1.157 0.232, 1.8566 1.1638 0.274, 1.8566 1.1703 0.3168, 1.8463 1.1762 0.3567, 1.8259 1.1825 0.3938, 1.7961 1.1892 0.4253, 1.7595 1.1958 0.4479, 1.7201 1.2017 0.4602, 1.678 1.2079 0.4624, 1.6356 1.2147 0.4537, 1.597 1.2213 0.4344, 1.5656 1.2273 0.4072, 1.5418 1.2334 0.3728, 1.5269 1.2401 0.3322, 1.5229 1.2468 0.2892, 1.5296 1.2528 0.2479, 1.5462 1.2588 0.2098, 1.5728 1.2655 0.1758, 1.6074 1.2722 0.1497, 1.6462 1.2784 0.1336, 1.6872 1.2843 0.1277, 1.73 1.2909 0.1324, 1.7704 1.2977 0.148, 1.8047 1.3039 0.1727, 1.8312 1.3098 0.2044, 1.8496 1.3163 0.2431, 1.8577 1.3231 0.2857, 1.8547 1.3295 0.3281, 1.8418 1.3353 0.3672, 1.8186 1.3418 0.4031, 1.7866 1.3486 0.4325, 1.7489 1.355 0.4523, 1.7088 1.3608 0.4619, 1.6663 1.3672 0.4611, 1.6245 1.374 0.4494, 1.7414 1.4503 0.1356, 1.6988 1.4435 0.1279, 1.657 1.4374 0.131, 1.6177 1.4315 0.1443, 1.5816 1.4248 0.1678, 1.5525 1.4181 0.1999, 1.5331 1.4119 0.2373, 1.5612 0.5956 0.4167, 1.5352 0.6017 0.381, 1.5185 0.6084 0.3385, 1.5131 0.6151 0.2931, 1.5192 0.6212 0.2491, 1.5358 0.6271 0.2085, 1.563 0.6338 0.172, 1.5989 0.6405 0.1435, 1.6397 0.6468 0.1254, 1.6828 0.6526 0.1182, 1.728 0.6592 0.1221, 1.7712 0.666 0.1375, 1.8082 0.6723 0.1629, 1.837 0.6781 0.1956, 1.8574 0.6846 0.236, 1.867 0.6914 0.2809, 1.865 0.6978 0.3259, 1.8522 0.7036 0.3675, 1.8288 0.71 0.406, 1.7957 0.7168 0.4378, 1.7562 0.7233 0.4599, 1.714 0.7291 0.4709, 1.6692 0.7355 0.4713, 1.6247 0.7423 0.4599, 1.585 0.7488 0.4378, 1.5534 0.7547 0.4078, 1.5296 0.7609 0.37, 1.5158 0.7677 0.3262, 1.5137 0.7743 0.2808, 1.5227 0.7802 0.2379, 1.5422 0.7864 0.198, 1.5721 0.7931 0.1633, 1.6097 0.7998 0.1374, 1.6511 0.8058 0.1224, 1.6951 0.8118 0.1181, 1.7402 0.8185 0.1252, 1.7821 0.8253 0.1436, 1.8168 0.8314 0.1711, 1.8435 0.8373 0.206, 1.8612 0.844 0.248, 1.8676 0.8507 0.2933, 1.8625 0.8569 0.3376, 1.8469 0.8628 0.3785, 1.8206 0.8694 0.4155, 1.7854 0.8762 0.4449, 1.7448 0.8825 0.4639, 1.702 0.8883 0.4721, 1.6568 0.8948 0.4693, 1.6132 0.9016 0.4549, 1.5755 0.908 0.4303, 1.5461 0.9138 0.3982, 1.5248 0.9202 0.3585, 1.5141 0.927 0.3138, 1.5151 0.9335 0.2687, 1.5269 0.9393 0.2267, 1.5494 0.9457 0.1878, 1.5817 0.9525 0.1552, 1.6208 0.959 0.1322, 1.6627 0.9648 0.1202, 1.7075 0.9711 0.1189, 1.7521 0.9779 0.1291, 1.7924 0.9845 0.1503, 1.8248 0.9904 0.1798, 1.8493 0.9965 0.2169, 1.8641 1.0033 0.2602, 1.8673 1.01 0.3057, 1.8593 1.0159 0.349, 1.8407 1.022 0.3891, 1.8117 1.0287 0.4245, 1.7747 1.0354 0.4512, 1.7334 1.0415 0.4672, 1.6898 1.0475 0.4725, 1.6446 1.0541 0.4665, 1.6022 1.0609 0.4491, 1.5667 1.0671 0.4223, 1.5394 1.0729 0.3881, 1.5207 1.0796 0.3466, 1.5132 1.0863 0.3014, 1.5173 1.0926 0.2568, 1.532 1.0984 0.2157, 1.5573 1.105 0.1781, 1.5919 1.1118 0.1479, 1.6321 1.1181 0.1279, 1.6747 1.1239 0.1187, 1.7198 1.1304 0.1205, 1.7637 1.1372 0.1339, 1.8021 1.1437 0.1577, 1.8323 1.1494 0.1891, 1.8544 1.1558 0.2282, 1.8662 1.1626 0.2726, 1.8662 1.1692 0.3179, 1.8553 1.175 0.3601, 1.8338 1.1813 0.3994, 1.8023 1.1881 0.4327, 1.7637 1.1947 0.4567, 1.7219 1.2005 0.4697, 1.6774 1.2067 0.4721, 1.6325 1.2135 0.4628, 1.5917 1.2201 0.4425, 1.5585 1.2261 0.4138, 1.5333 1.2322 0.3774, 1.5175 1.2389 0.3344, 1.5132 1.2456 0.289, 1.5203 1.2516 0.2453, 1.5379 1.2576 0.205, 1.566 1.2643 0.169, 1.6025 1.2711 0.1414, 1.6435 1.2772 0.1243, 1.6869 1.2831 0.1181, 1.7321 1.2897 0.123, 1.7749 1.2965 0.1395, 1.8112 1.3028 0.1656, 1.8392 1.3086 0.199, 1.8588 1.3152 0.24, 1.8673 1.3219 0.285, 1.8642 1.3283 0.3298, 1.8505 1.3341 0.3712, 1.8261 1.3406 0.4093, 1.7923 1.3474 0.4403, 1.7524 1.3538 0.4613, 1.7101 1.3596 0.4714, 1.665 1.366 0.4707, 1.7442 1.4491 0.1264, 1.6992 1.4423 0.1182, 1.655 1.4362 0.1216, 1.6134 1.4303 0.1356, 1.5752 1.4237 0.1605, 1.5445 1.4169 0.1945, 1.524 1.4107 0.2341, 1.5141 1.4048 0.2767, 1.5551 0.5966 0.4229, 1.5278 0.6026 0.3856, 1.5101 0.6093 0.341, 1.5044 0.6161 0.2934, 1.5107 0.6222 0.2473, 1.528 0.6281 0.2046, 1.5565 0.6347 0.1662, 1.594 0.6415 0.1362, 1.6368 0.6477 0.1172, 1.682 0.6536 0.1095, 1.7295 0.6602 0.1135, 1.7748 0.6669 0.1296, 1.8137 0.6733 0.1561, 1.8439 0.6791 0.1904, 1.8655 0.6856 0.2327, 1.8757 0.6924 0.2798, 1.8736 0.6988 0.327, 1.8604 0.7046 0.3707, 1.8358 0.711 0.4112, 1.8012 0.7178 0.4446, 1.7598 0.7243 0.4678, 1.7156 0.7301 0.4795, 1.6685 0.7365 0.48, 1.6218 0.7432 0.4682, 1.5802 0.7498 0.4451, 1.5469 0.7556 0.4136, 1.5219 0.7619 0.374, 1.5073 0.7687 0.3282, 1.505 0.7753 0.2805, 1.5143 0.7812 0.2354, 1.5347 0.7873 0.1935, 1.566 0.7941 0.157, 1.6054 0.8008 0.1299, 1.6488 0.8068 0.114, 1.6949 0.8128 0.1094, 1.7423 0.8195 0.1167, 1.7862 0.8262 0.1359, 1.8228 0.8323 0.1647, 1.8508 0.8383 0.2012, 1.8695 0.8449 0.2453, 1.8763 0.8517 0.2928, 1.8711 0.8579 0.3393, 1.8548 0.8637 0.3822, 1.8273 0.8703 0.4211, 1.7904 0.8771 0.4521, 1.7479 0.8834 0.4721, 1.703 0.8892 0.4808, 1.6555 0.8958 0.478, 1.6098 0.9026 0.4629, 1.5702 0.909 0.4372, 1.5392 0.9147 0.4036, 1.5168 0.9212 0.3619, 1.5055 0.928 0.3151, 1.5064 0.9345 0.2677, 1.5187 0.9403 0.2237, 1.5422 0.9466 0.1828, 1.5761 0.9534 0.1486, 1.617 0.96 0.1244, 1.661 0.9658 0.1116, 1.7079 0.9721 0.1101, 1.7548 0.9788 0.1208, 1.7971 0.9855 0.143, 1.8311 0.9913 0.1738, 1.857 0.9975 0.2126, 1.8726 1.0043 0.2581, 1.876 1.0109 0.3058, 1.8677 1.0169 0.3512, 1.8484 1.023 0.3934, 1.818 1.0297 0.4305, 1.7792 1.0364 0.4587, 1.7359 1.0425 0.4756, 1.6901 1.0484 0.4812, 1.6427 1.0551 0.475, 1.5982 1.0619 0.4568, 1.5609 1.068 0.4288, 1.5321 1.0739 0.393, 1.5125 1.0805 0.3495, 1.5045 1.0873 0.3021, 1.5087 1.0936 0.2553, 1.524 1.0994 0.2122, 1.5505 1.1059 0.1727, 1.5867 1.1127 0.1409, 1.6288 1.1191 0.1198, 1.6735 1.1249 0.1101, 1.7209 1.1314 0.1118, 1.767 1.1382 0.1258, 1.8073 1.1446 0.1506, 1.839 1.1504 0.1835, 1.8624 1.1568 0.2245, 1.8748 1.1636 0.2711, 1.8749 1.1701 0.3186, 1.8636 1.1759 0.3629, 1.8411 1.1822 0.4042, 1.8081 1.189 0.4392, 1.7676 1.1956 0.4644, 1.7239 1.2015 0.4782, 1.6772 1.2077 0.4808, 1.6301 1.2144 0.4712, 1.5872 1.2211 0.45, 1.5523 1.227 0.4199, 1.5257 1.2331 0.3818, 1.5091 1.2399 0.3368, 1.5045 1.2466 0.2891, 1.5118 1.2526 0.2433, 1.5301 1.2586 0.2009, 1.5596 1.2653 0.1631, 1.5978 1.272 0.134, 1.6408 1.2782 0.116, 1.6863 1.2841 0.1093, 1.7338 1.2907 0.1144, 1.7787 1.2975 0.1316, 1.8168 1.3037 0.1589, 1.8463 1.3096 0.1939, 1.8669 1.3161 0.2369, 1.876 1.3229 0.2841, 1.8729 1.3293 0.3311, 1.8586 1.3351 0.3746, 1.8331 1.3416 0.4145, 1.7976 1.3483 0.4472, 1.7559 1.3548 0.4693, 1.7114 1.3606 0.4801, 1.7465 1.45 0.118, 1.6992 1.4433 0.1095, 1.6528 1.4372 0.1131, 1.6092 1.4313 0.1279, 1.5693 1.4246 0.1541, 1.5371 1.4179 0.1899, 1.5157 1.4116 0.2315, 1.5054 1.4058 0.2762, 1.5066 1.3992 0.3238, 1.5493 0.5997 0.4294, 1.5205 0.6057 0.3904, 1.5019 0.6124 0.3438, 1.4957 0.6191 0.294, 1.5021 0.6252 0.2457, 1.5201 0.6312 0.201, 1.5497 0.6378 0.1607, 1.589 0.6446 0.1291, 1.6336 0.6508 0.1091, 1.6809 0.6566 0.1008, 1.7306 0.6632 0.1048, 1.7782 0.67 0.1215, 1.819 0.6763 0.1491, 1.8507 0.6821 0.1849, 1.8735 0.6887 0.2291, 1.8843 0.6954 0.2784, 1.8823 0.7019 0.3278, 1.8686 0.7076 0.3736, 1.843 0.7141 0.416, 1.8069 0.7209 0.4512, 1.7637 0.7274 0.4756, 1.7175 0.7332 0.488, 1.6682 0.7395 0.4887, 1.6193 0.7463 0.4765, 1.5756 0.7529 0.4525, 1.5406 0.7587 0.4197, 1.5143 0.765 0.3783, 1.4989 0.7717 0.3304, 1.4963 0.7784 0.2804, 1.5058 0.7842 0.2333, 1.5271 0.7904 0.1893, 1.5596 0.7971 0.151, 1.6008 0.8038 0.1224, 1.6462 0.8098 0.1057, 1.6944 0.8159 0.1007, 1.744 0.8226 0.1082, 1.7901 0.8293 0.1281, 1.8285 0.8354 0.1581, 1.858 0.8413 0.1963, 1.8777 0.848 0.2423, 1.885 0.8547 0.292, 1.8797 0.8609 0.3407, 1.8628 0.8668 0.3856, 1.8341 0.8734 0.4265, 1.7956 0.8802 0.459, 1.7513 0.8865 0.4802, 1.7043 0.8923 0.4894, 1.6546 0.8988 0.4866, 1.6067 0.9056 0.471, 1.5651 0.912 0.4443, 1.5326 0.9178 0.4092, 1.5089 0.9243 0.3657, 1.4969 0.9311 0.3167, 1.4977 0.9375 0.2671, 1.5104 0.9433 0.221, 1.5349 0.9497 0.1781, 1.5702 0.9565 0.1422, 1.613 0.963 0.1167, 1.6589 0.9688 0.1032, 1.708 0.9751 0.1014, 1.7572 0.9819 0.1124, 1.8015 0.9885 0.1354, 1.8373 0.9944 0.1676, 1.8645 1.0006 0.2082, 1.881 1.0073 0.2557, 1.8848 1.014 0.3056, 1.8762 1.02 0.3532, 1.8561 1.026 0.3974, 1.8245 1.0327 0.4364, 1.7839 1.0395 0.466, 1.7387 1.0455 0.4838, 1.6908 1.0515 0.4899, 1.6411 1.0582 0.4836, 1.5945 1.0649 0.4647, 1.5554 1.0711 0.4355, 1.5251 1.077 0.3981, 1.5044 1.0836 0.3527, 1.4959 1.0904 0.3031, 1.5001 1.0966 0.2541, 1.5159 1.1025 0.2089, 1.5435 1.109 0.1675, 1.5813 1.1158 0.1341, 1.6253 1.1222 0.1118, 1.672 1.128 0.1015, 1.7216 1.1344 0.1031, 1.7699 1.1412 0.1176, 1.8122 1.1477 0.1435, 1.8456 1.1535 0.1778, 1.8701 1.1599 0.2206, 1.8833 1.1667 0.2693, 1.8836 1.1732 0.319, 1.8719 1.179 0.3655, 1.8485 1.1853 0.4087, 1.8141 1.1921 0.4455, 1.7719 1.1987 0.4721, 1.7261 1.2045 0.4866, 1.6773 1.2107 0.4895, 1.6279 1.2175 0.4796, 1.583 1.2242 0.4576, 1.5463 1.2301 0.4262, 1.5184 1.2362 0.3864, 1.5008 1.2429 0.3394, 1.4958 1.2496 0.2894, 1.5033 1.2557 0.2415, 1.5223 1.2617 0.197, 1.553 1.2683 0.1574, 1.5929 1.2751 0.1268, 1.6378 1.2812 0.1078, 1.6854 1.2871 0.1007, 1.7351 1.2938 0.1058, 1.7822 1.3005 0.1236, 1.8222 1.3068 0.1521, 1.8532 1.3126 0.1886, 1.875 1.3192 0.2335, 1.8846 1.326 0.2829, 1.8815 1.3323 0.3321, 1.8667 1.3381 0.3777, 1.8402 1.3446 0.4196, 1.8032 1.3514 0.4539, 1.7596 1.3578 0.4772, 1.7484 1.4531 0.1095, 1.6989 1.4464 0.1008, 1.6504 1.4402 0.1048, 1.6048 1.4343 0.1204, 1.5631 1.4277 0.148, 1.5296 1.4209 0.1856, 1.5073 1.4147 0.2292, 1.4967 1.4088 0.276, 1.4981 1.4023 0.3258, 1.5124 1.3955 0.3741, 1.5443 0.6046 0.4353, 1.5142 0.6107 0.3949, 1.4946 0.6174 0.3466, 1.488 0.6241 0.2948, 1.4944 0.6302 0.2446, 1.5129 0.6361 0.198, 1.5436 0.6428 0.156, 1.5842 0.6495 0.123, 1.6305 0.6558 0.1019, 1.6797 0.6616 0.0932, 1.7314 0.6682 0.0971, 1.7808 0.675 0.1143, 1.8234 0.6813 0.1427, 1.8566 0.6871 0.1798, 1.8804 0.6936 0.2257, 1.8919 0.7004 0.2768, 1.89 0.7068 0.3282, 1.876 0.7126 0.3759, 1.8497 0.7191 0.4201, 1.8123 0.7258 0.4568, 1.7674 0.7323 0.4824, 1.7194 0.7381 0.4956, 1.6682 0.7445 0.4964, 1.6173 0.7513 0.484, 1.5718 0.7578 0.4593, 1.5353 0.7637 0.4253, 1.5077 0.7699 0.3824, 1.4915 0.7767 0.3326, 1.4885 0.7833 0.2808, 1.4982 0.7892 0.2317, 1.5201 0.7954 0.1859, 1.5538 0.8021 0.1459, 1.5964 0.8088 0.116, 1.6435 0.8148 0.0984, 1.6937 0.8208 0.0929, 1.7453 0.8275 0.1005, 1.7933 0.8343 0.121, 1.8333 0.8404 0.152, 1.8641 0.8463 0.1916, 1.8848 0.853 0.2393, 1.8927 0.8597 0.291, 1.8874 0.8659 0.3416, 1.87 0.8718 0.3884, 1.8404 0.8784 0.4311, 1.8006 0.8852 0.465, 1.7545 0.8915 0.4872, 1.7057 0.8973 0.4971, 1.6541 0.9038 0.4944, 1.6042 0.9106 0.4784, 1.5608 0.917 0.4508, 1.5268 0.9228 0.4145, 1.502 0.9292 0.3693, 1.4893 0.936 0.3185, 1.49 0.9425 0.2669, 1.503 0.9483 0.2189, 1.5282 0.9547 0.1742, 1.5647 0.9615 0.1366, 1.6091 0.968 0.11, 1.6568 0.9738 0.0957, 1.7078 0.9801 0.0937, 1.759 0.9869 0.1049, 1.8052 0.9935 0.1286, 1.8425 0.9994 0.1618, 1.8709 1.0055 0.2039, 1.8883 1.0123 0.2532, 1.8925 1.019 0.3051, 1.8839 1.0249 0.3546, 1.8631 1.031 0.4007, 1.8304 1.0377 0.4413, 1.7884 1.0444 0.4723, 1.7415 1.0505 0.4911, 1.6917 1.0565 0.4976, 1.6401 1.0631 0.4913, 1.5915 1.0699 0.4719, 1.5507 1.0761 0.4417, 1.519 1.0819 0.403, 1.4973 1.0886 0.3558, 1.4882 1.0953 0.3043, 1.4924 1.1016 0.2534, 1.5086 1.1074 0.2063, 1.5371 1.114 0.1631, 1.5762 1.1208 0.1282, 1.6219 1.1271 0.1048, 1.6704 1.1329 0.0939, 1.722 1.1394 0.0954, 1.7722 1.1462 0.1102, 1.8163 1.1527 0.1369, 1.8512 1.1584 0.1724, 1.8769 1.1648 0.2168, 1.8908 1.1716 0.2673, 1.8913 1.1782 0.3191, 1.8794 1.184 0.3674, 1.8553 1.1903 0.4125, 1.8197 1.1971 0.4509, 1.7759 1.2037 0.4787, 1.7284 1.2095 0.494, 1.6776 1.2157 0.4972, 1.6263 1.2225 0.4872, 1.5795 1.2291 0.4646, 1.5412 1.2351 0.4321, 1.512 1.2412 0.3908, 1.4935 1.2479 0.342, 1.4881 1.2546 0.2901, 1.4956 1.2606 0.2402, 1.5152 1.2666 0.1939, 1.5469 1.2733 0.1526, 1.5882 1.2801 0.1206, 1.6349 1.2862 0.1007, 1.6843 1.2921 0.093, 1.736 1.2987 0.0981, 1.7851 1.3055 0.1164, 1.8268 1.3118 0.1458, 1.8592 1.3176 0.1837, 1.882 1.3242 0.2302, 1.8923 1.3309 0.2815, 1.8893 1.3373 0.3327, 1.8741 1.3431 0.3801, 1.8467 1.3496 0.4238, 1.8084 1.3564 0.4597, 1.7499 1.4581 0.1019, 1.6984 1.4513 0.0931, 1.6479 1.4452 0.0974, 1.6006 1.4393 0.1139, 1.5574 1.4327 0.1428, 1.5227 1.4259 0.1819, 1.4997 1.4197 0.2274, 1.4889 1.4138 0.2761, 1.4906 1.4072 0.3279, 1.5057 1.4005 0.3781, 1.5324 1.3941 0.4218, 1.5405 0.6112 0.4405, 1.5093 0.6173 0.399, 1.4888 0.6239 0.3493, 1.4817 0.6307 0.2959, 1.4881 0.6368 0.244, 1.5069 0.6427 0.1959, 1.5382 0.6494 0.1524, 1.5799 0.6561 0.1182, 1.6277 0.6624 0.0962, 1.6783 0.6682 0.0869, 1.7316 0.6748 0.0907, 1.7827 0.6816 0.1081, 1.8267 0.6879 0.1373, 1.8612 0.6937 0.1754, 1.886 0.7002 0.2225, 1.8981 0.707 0.2752, 1.8964 0.7134 0.3282, 1.8822 0.7192 0.3774, 1.8553 0.7256 0.4232, 1.8169 0.7324 0.4612, 1.7708 0.7389 0.4878, 1.7214 0.7447 0.5016, 1.6686 0.7511 0.5028, 1.616 0.7579 0.4903, 1.5689 0.7644 0.465, 1.5311 0.7703 0.4302, 1.5025 0.7765 0.3861, 1.4855 0.7833 0.3349, 1.4821 0.7899 0.2814, 1.4919 0.7958 0.2307, 1.5142 0.802 0.1834, 1.5487 0.8087 0.142, 1.5926 0.8154 0.1109, 1.641 0.8214 0.0925, 1.6927 0.8274 0.0866, 1.746 0.8341 0.0941, 1.7956 0.8408 0.1151, 1.837 0.847 0.1468, 1.869 0.8529 0.1874, 1.8906 0.8595 0.2365, 1.899 0.8663 0.2898, 1.8938 0.8725 0.342, 1.8761 0.8784 0.3904, 1.8458 0.885 0.4345, 1.8049 0.8917 0.4697, 1.7575 0.8981 0.4929, 1.7072 0.9039 0.5033, 1.654 0.9104 0.5008, 1.6024 0.9172 0.4845, 1.5576 0.9236 0.4563, 1.5224 0.9294 0.4191, 1.4965 0.9358 0.3726, 1.4832 0.9426 0.3203, 1.4836 0.9491 0.2671, 1.4967 0.9549 0.2175, 1.5225 0.9613 0.1713, 1.56 0.968 0.1324, 1.6055 0.9746 0.1046, 1.6547 0.9804 0.0897, 1.7073 0.9867 0.0873, 1.7601 0.9935 0.0986, 1.8079 1.0001 0.1228, 1.8465 1.006 0.1569, 1.8761 1.0121 0.2001, 1.8943 1.0189 0.2509, 1.8989 1.0256 0.3044, 1.8902 1.0315 0.3554, 1.8691 1.0376 0.403, 1.8356 1.0443 0.4452, 1.7924 1.051 0.4773, 1.7442 1.0571 0.4969, 1.6928 1.0631 0.5039, 1.6395 1.0697 0.4977, 1.5894 1.0765 0.4779, 1.5471 1.0827 0.447, 1.5143 1.0885 0.4072, 1.4916 1.0951 0.3587, 1.4819 1.1019 0.3056, 1.486 1.1082 0.2531, 1.5025 1.114 0.2045, 1.5317 1.1206 0.1598, 1.5718 1.1274 0.1236, 1.6188 1.1337 0.0993, 1.6687 1.1395 0.0877, 1.7219 1.146 0.089, 1.7738 1.1528 0.104, 1.8194 1.1592 0.1313, 1.8555 1.165 0.1677, 1.8823 1.1714 0.2134, 1.8969 1.1782 0.2654, 1.8977 1.1848 0.3187, 1.8857 1.1906 0.3687, 1.8611 1.1969 0.4153, 1.8246 1.2036 0.4551, 1.7795 1.2102 0.484, 1.7306 1.2161 0.5, 1.6783 1.2223 0.5036, 1.6253 1.2291 0.4936, 1.5769 1.2357 0.4704, 1.5373 1.2417 0.4371, 1.5069 1.2478 0.3947, 1.4876 1.2545 0.3445, 1.4817 1.2612 0.291, 1.4893 1.2672 0.2396, 1.5092 1.2732 0.1917, 1.5417 1.2799 0.1489, 1.5841 1.2866 0.1157, 1.6321 1.2928 0.0949, 1.6831 1.2987 0.0867, 1.7364 1.3053 0.0917, 1.7871 1.3121 0.1103, 1.8302 1.3184 0.1404, 1.8639 1.3242 0.1793, 1.8876 1.3307 0.2271, 1.8985 1.3375 0.2801, 1.8956 1.3439 0.3328, 1.8803 1.3497 0.3818, 1.8522 1.3562 0.427, 1.7507 1.4647 0.0955, 1.6976 1.4579 0.0867, 1.6456 1.4518 0.0915, 1.5969 1.4459 0.1087, 1.5524 1.4392 0.1387, 1.5169 1.4325 0.1793, 1.4934 1.4263 0.2263, 1.4825 1.4204 0.2766, 1.4846 1.4138 0.33, 1.5004 1.407 0.3816, 1.5281 1.4007 0.4265, 1.5651 1.3949 0.4622, 1.5381 0.6187 0.4444, 1.506 0.6247 0.4022, 1.4848 0.6314 0.3515, 1.4773 0.6382 0.297, 1.4835 0.6443 0.244, 1.5024 0.6502 0.1948, 1.5342 0.6568 0.1502, 1.5766 0.6636 0.115, 1.6252 0.6698 0.0923, 1.6769 0.6757 0.0826, 1.7314 0.6823 0.0861, 1.7837 0.6891 0.1037, 1.8288 0.6954 0.1332, 1.8641 0.7012 0.1719, 1.8897 0.7077 0.2199, 1.9024 0.7145 0.2736, 1.901 0.7209 0.3278, 1.8867 0.7267 0.3781, 1.8595 0.7331 0.425, 1.8205 0.7399 0.4641, 1.7736 0.7464 0.4915, 1.7232 0.7522 0.5059, 1.6692 0.7586 0.5073, 1.6155 0.7653 0.4948, 1.5673 0.7719 0.4693, 1.5285 0.7777 0.4339, 1.499 0.784 0.389, 1.4813 0.7908 0.3368, 1.4776 0.7974 0.2822, 1.4874 0.8033 0.2304, 1.5099 0.8094 0.182, 1.5449 0.8162 0.1395, 1.5895 0.8229 0.1075, 1.6389 0.8289 0.0885, 1.6916 0.8349 0.0822, 1.7461 0.8416 0.0896, 1.7969 0.8483 0.1107, 1.8393 0.8544 0.1428, 1.8722 0.8604 0.1842, 1.8945 0.867 0.2342, 1.9034 0.8738 0.2886, 1.8983 0.88 0.3419, 1.8806 0.8859 0.3914, 1.8499 0.8924 0.4366, 1.8083 0.8992 0.4728, 1.76 0.9055 0.4967, 1.7087 0.9113 0.5076, 1.6543 0.9179 0.5053, 1.6016 0.9247 0.489, 1.5557 0.9311 0.4604, 1.5195 0.9368 0.4226, 1.4928 0.9433 0.3753, 1.4789 0.9501 0.3219, 1.4791 0.9566 0.2676, 1.4922 0.9624 0.2169, 1.5183 0.9687 0.1696, 1.5563 0.9755 0.1296, 1.6027 0.9821 0.101, 1.6528 0.9879 0.0855, 1.7065 0.9942 0.0828, 1.7605 1.0009 0.094, 1.8094 1.0076 0.1185, 1.8491 1.0134 0.1531, 1.8795 1.0196 0.1971, 1.8984 1.0264 0.2488, 1.9033 1.033 0.3034, 1.8948 1.039 0.3556, 1.8735 1.0451 0.4044, 1.8395 1.0518 0.4476, 1.7956 1.0585 0.4806, 1.7464 1.0646 0.5009, 1.694 1.0705 0.5084, 1.6395 1.0772 0.5022, 1.5882 1.084 0.4823, 1.5448 1.0901 0.451, 1.5111 1.096 0.4106, 1.4877 1.1026 0.3612, 1.4776 1.1094 0.307, 1.4814 1.1157 0.2533, 1.498 1.1215 0.2035, 1.5276 1.1281 0.1577, 1.5683 1.1348 0.1206, 1.6162 1.1412 0.0955, 1.6672 1.147 0.0834, 1.7215 1.1535 0.0844, 1.7746 1.1603 0.0995, 1.8213 1.1667 0.1271, 1.8583 1.1725 0.1641, 1.8859 1.1789 0.2106, 1.9011 1.1857 0.2637, 1.9023 1.1922 0.3181, 1.8903 1.198 0.3692, 1.8654 1.2043 0.4169, 1.8283 1.2111 0.4577, 1.7825 1.2177 0.4875, 1.7326 1.2236 0.5042, 1.6792 1.2298 0.5081, 1.625 1.2365 0.4981, 1.5754 1.2432 0.4747, 1.5348 1.2491 0.441, 1.5036 1.2552 0.3978, 1.4835 1.262 0.3466, 1.4773 1.2687 0.2921, 1.4847 1.2747 0.2395, 1.5048 1.2807 0.1905, 1.5377 1.2874 0.1466, 1.5809 1.2941 0.1124, 1.6298 1.3003 0.0909, 1.6818 1.3062 0.0823, 1.7363 1.3128 0.0872, 1.7881 1.3196 0.1059, 1.8324 1.3258 0.1364, 1.8669 1.3317 0.1759, 1.8914 1.3382 0.2246, 1.9028 1.345 0.2786, 1.9002 1.3514 0.3325, 1.8848 1.3572 0.3826, 1.7509 1.4722 0.0909, 1.6966 1.4654 0.0822, 1.6435 1.4593 0.0874, 1.5939 1.4534 0.1053, 1.5486 1.4467 0.1361, 1.5126 1.44 0.1778, 1.4889 1.4337 0.2259, 1.478 1.4279 0.2773, 1.4804 1.4213 0.3319, 1.4968 1.4145 0.3845, 1.5254 1.4082 0.4302, 1.5633 1.4024 0.4664, 1.6108 1.3959 0.493, 1.537 0.6273 0.4472, 1.5043 0.6333 0.4046, 1.4825 0.64 0.3534, 1.4746 0.6467 0.2983, 1.4806 0.6528 0.2446, 1.4995 0.6588 0.1946, 1.5314 0.6654 0.1493, 1.5742 0.6722 0.1134, 1.6232 0.6784 0.0901, 1.6755 0.6842 0.08, 1.7307 0.6908 0.0832, 1.7837 0.6976 0.1007, 1.8296 0.7039 0.1303, 1.8656 0.7097 0.1693, 1.8918 0.7163 0.2178, 1.905 0.723 0.2721, 1.9039 0.7295 0.3269, 1.8897 0.7352 0.378, 1.8624 0.7417 0.4257, 1.8231 0.7485 0.4654, 1.7757 0.755 0.4935, 1.7248 0.7608 0.5083, 1.6702 0.7671 0.5102, 1.6157 0.7739 0.4978, 1.5667 0.7805 0.4722, 1.5272 0.7863 0.4366, 1.4971 0.7926 0.3913, 1.4789 0.7993 0.3385, 1.4749 0.806 0.2833, 1.4844 0.8119 0.2308, 1.5069 0.818 0.1816, 1.5422 0.8247 0.1384, 1.5871 0.8314 0.1057, 1.637 0.8374 0.0861, 1.6904 0.8435 0.0794, 1.7456 0.8502 0.0866, 1.7971 0.8569 0.1077, 1.8403 0.863 0.14, 1.8739 0.8689 0.1817, 1.8968 0.8756 0.2322, 1.906 0.8823 0.2872, 1.9012 0.8885 0.3413, 1.8836 0.8944 0.3915, 1.8527 0.901 0.4375, 1.8108 0.9078 0.4744, 1.7621 0.9141 0.4988, 1.7102 0.9199 0.5102, 1.6551 0.9264 0.5082, 1.6016 0.9332 0.492, 1.5549 0.9396 0.4633, 1.518 0.9454 0.4252, 1.4908 0.9519 0.3775, 1.4764 0.9587 0.3235, 1.4762 0.9651 0.2685, 1.4892 0.9709 0.217, 1.5153 0.9773 0.169, 1.5536 0.9841 0.1283, 1.6005 0.9906 0.0991, 1.6511 0.9965 0.083, 1.7055 1.0027 0.08, 1.7602 1.0095 0.0911, 1.8099 1.0161 0.1156, 1.8503 1.022 0.1503, 1.8814 1.0282 0.1947, 1.9007 1.0349 0.247, 1.9061 1.0416 0.3023, 1.8977 1.0476 0.3552, 1.8764 1.0536 0.4047, 1.8422 1.0603 0.4486, 1.798 1.0671 0.4824, 1.7483 1.0731 0.5032, 1.6953 1.0791 0.5111, 1.6401 1.0858 0.5052, 1.588 1.0925 0.4853, 1.5439 1.0987 0.4538, 1.5095 1.1046 0.4131, 1.4855 1.1112 0.3632, 1.4749 1.118 0.3083, 1.4785 1.1242 0.254, 1.495 1.1301 0.2035, 1.5247 1.1366 0.1569, 1.5658 1.1434 0.119, 1.6141 1.1498 0.0934, 1.6656 1.1556 0.0809, 1.7206 1.162 0.0816, 1.7745 1.1688 0.0965, 1.822 1.1753 0.1242, 1.8597 1.1811 0.1615, 1.8879 1.1875 0.2084, 1.9036 1.1943 0.262, 1.9051 1.2008 0.3172, 1.8932 1.2066 0.3689, 1.8683 1.2129 0.4174, 1.831 1.2197 0.459, 1.7847 1.2263 0.4894, 1.7343 1.2321 0.5066, 1.6803 1.2384 0.5109, 1.6253 1.2451 0.5011, 1.575 1.2518 0.4777, 1.5337 1.2577 0.4437, 1.5018 1.2638 0.4002, 1.4812 1.2705 0.3485, 1.4745 1.2772 0.2933, 1.4817 1.2833 0.2399, 1.5018 1.2893 0.1902, 1.5349 1.2959 0.1456, 1.5784 1.3027 0.1107, 1.6278 1.3088 0.0887, 1.6804 1.3147 0.0797, 1.7357 1.3214 0.0843, 1.7883 1.3281 0.1029, 1.8332 1.3344 0.1335, 1.8685 1.3402 0.1734, 1.8936 1.3468 0.2226, 1.9054 1.3536 0.2772, 1.9031 1.3599 0.3318, 1.7505 1.4807 0.088, 1.6954 1.474 0.0795, 1.6417 1.4678 0.085, 1.5915 1.4619 0.1034, 1.5459 1.4553 0.1349, 1.5096 1.4485 0.1773, 1.4859 1.4423 0.2262, 1.4752 1.4364 0.2783, 1.478 1.4299 0.3335, 1.4949 1.4231 0.3868, 1.5241 1.4168 0.4329, 1.5627 1.411 0.4693, 1.6109 1.4044 0.496, 1.6651 1.3976 0.5096, 1.7618 1.4882 0.1768, 1.764 1.4802 0.1754, 1.767 1.4726 0.1724, 1.7711 1.4655 0.1674, 1.7756 1.4603 0.1613, 1.7805 1.457 0.154, 1.7856 1.4558 0.1458, 1.7899 1.4567 0.1382, 1.794 1.4598 0.1305, 1.7973 1.4648 0.1235, 1.7998 1.4714 0.1176, 1.8011 1.4788 0.1132, 1.5376 0.6372 0.4486, 1.5045 0.6433 0.4061, 1.4823 0.65 0.3549, 1.474 0.6567 0.2997, 1.4796 0.6628 0.2458, 1.4983 0.6687 0.1956, 1.53 0.6754 0.1499, 1.5726 0.6821 0.1136, 1.6217 0.6884 0.09, 1.674 0.6942 0.0794, 1.7294 0.7008 0.0824, 1.7827 0.7076 0.0995, 1.8289 0.7139 0.129, 1.8653 0.7197 0.1678, 1.8919 0.7262 0.2163, 1.9054 0.733 0.2706, 1.9047 0.7394 0.3256, 1.8908 0.7452 0.377, 1.8637 0.7516 0.4249, 1.8246 0.7584 0.4651, 1.7773 0.7649 0.4935, 1.7263 0.7707 0.5087, 1.6715 0.7771 0.5109, 1.6168 0.7839 0.4988, 1.5675 0.7904 0.4735, 1.5277 0.7963 0.4381, 1.4972 0.8025 0.3929, 1.4786 0.8093 0.34, 1.4742 0.8159 0.2846, 1.4834 0.8218 0.2319, 1.5057 0.828 0.1824, 1.5407 0.8347 0.1389, 1.5856 0.8414 0.1059, 1.6355 0.8474 0.0859, 1.689 0.8534 0.0788, 1.7444 0.8601 0.0857, 1.7962 0.8669 0.1065, 1.8397 0.873 0.1386, 1.8737 0.8789 0.1802, 1.897 0.8856 0.2307, 1.9066 0.8923 0.2858, 1.9021 0.8985 0.34, 1.8847 0.9044 0.3905, 1.8541 0.911 0.4368, 1.8123 0.9178 0.4741, 1.7636 0.9241 0.499, 1.7117 0.9299 0.5107, 1.6564 0.9364 0.509, 1.6026 0.9432 0.4931, 1.5556 0.9496 0.4647, 1.5184 0.9554 0.4267, 1.4908 0.9618 0.379, 1.476 0.9686 0.325, 1.4754 0.9751 0.2698, 1.4881 0.9809 0.2181, 1.514 0.9873 0.1698, 1.5522 0.994 0.1287, 1.5989 1.0006 0.0991, 1.6496 1.0064 0.0827, 1.7041 1.0127 0.0793, 1.7591 1.0195 0.09, 1.8091 1.0261 0.1143, 1.8498 1.032 0.1489, 1.8812 1.0381 0.1932, 1.901 1.0449 0.2455, 1.9067 1.0516 0.3009, 1.8987 1.0575 0.354, 1.8777 1.0636 0.4038, 1.8437 1.0703 0.4481, 1.7995 1.077 0.4822, 1.7498 1.0831 0.5034, 1.6967 1.0891 0.5116, 1.6413 1.0957 0.5061, 1.589 1.1025 0.4865, 1.5445 1.1087 0.4552, 1.5098 1.1145 0.4146, 1.4854 1.1212 0.3647, 1.4744 1.1279 0.3098, 1.4776 1.1342 0.2553, 1.4939 1.14 0.2045, 1.5233 1.1466 0.1576, 1.5643 1.1534 0.1194, 1.6125 1.1597 0.0933, 1.6642 1.1655 0.0804, 1.7193 1.172 0.0808, 1.7734 1.1788 0.0954, 1.8212 1.1853 0.1229, 1.8593 1.191 0.16, 1.8879 1.1974 0.2069, 1.904 1.2042 0.2605, 1.9058 1.2108 0.3158, 1.8943 1.2166 0.3678, 1.8696 1.2229 0.4166, 1.8325 1.2297 0.4585, 1.7863 1.2362 0.4893, 1.7358 1.2421 0.5069, 1.6816 1.2483 0.5115, 1.6265 1.2551 0.5021, 1.5759 1.2617 0.479, 1.5342 1.2677 0.4452, 1.5019 1.2738 0.4018, 1.481 1.2805 0.35, 1.4739 1.2872 0.2947, 1.4808 1.2932 0.2412, 1.5006 1.2992 0.1912, 1.5335 1.3059 0.1462, 1.5769 1.3127 0.111, 1.6263 1.3188 0.0885, 1.679 1.3247 0.0791, 1.7344 1.3313 0.0834, 1.7873 1.3381 0.1017, 1.8326 1.3444 0.1321, 1.8682 1.3502 0.1718, 1.8937 1.3568 0.221, 1.9059 1.3635 0.2757, 1.694 1.4839 0.0789, 1.6402 1.4778 0.0847, 1.59 1.4719 0.1035, 1.5444 1.4653 0.1354, 1.5083 1.4585 0.1782, 1.4849 1.4523 0.2273, 1.4745 1.4464 0.2797, 1.4776 1.4398 0.335, 1.4949 1.433 0.3883, 1.5245 1.4267 0.4344, 1.5635 1.4209 0.4706, 1.612 1.4144 0.4971, 1.6665 1.4076 0.5104, 1.7215 1.4012 0.5095, 1.7455 1.5008 0.1687, 1.5394 0.6453 0.4484, 1.5063 0.6513 0.4064, 1.484 0.658 0.3557, 1.4754 0.6648 0.3008, 1.4808 0.6709 0.2473, 1.499 0.6768 0.1972, 1.5303 0.6835 0.1517, 1.5724 0.6902 0.1155, 1.6211 0.6964 0.0917, 1.673 0.7023 0.0809, 1.728 0.7089 0.0836, 1.7811 0.7157 0.1003, 1.8271 0.722 0.1293, 1.8635 0.7278 0.1677, 1.8901 0.7343 0.2157, 1.9039 0.7411 0.2697, 1.9034 0.7475 0.3243, 1.8899 0.7533 0.3754, 1.8633 0.7597 0.4231, 1.8246 0.7665 0.4632, 1.7778 0.773 0.4917, 1.7272 0.7788 0.5071, 1.6728 0.7852 0.5096, 1.6184 0.7919 0.4979, 1.5693 0.7985 0.473, 1.5295 0.8043 0.438, 1.4989 0.8106 0.3932, 1.4802 0.8174 0.3409, 1.4755 0.824 0.2859, 1.4844 0.8299 0.2334, 1.5063 0.8361 0.1842, 1.5409 0.8428 0.1407, 1.5853 0.8495 0.1077, 1.6348 0.8555 0.0876, 1.6879 0.8615 0.0803, 1.7429 0.8682 0.0868, 1.7945 0.8749 0.1072, 1.8379 0.881 0.1389, 1.8719 0.887 0.1799, 1.8953 0.8936 0.23, 1.9051 0.9004 0.2847, 1.901 0.9066 0.3386, 1.884 0.9125 0.3889, 1.8538 0.9191 0.435, 1.8125 0.9258 0.4723, 1.7642 0.9321 0.4972, 1.7127 0.9379 0.5091, 1.6577 0.9445 0.5078, 1.6042 0.9513 0.4923, 1.5574 0.9577 0.4643, 1.5202 0.9634 0.4268, 1.4925 0.9699 0.3795, 1.4775 0.9767 0.3259, 1.4767 0.9832 0.2711, 1.489 0.989 0.2197, 1.5145 0.9953 0.1715, 1.5522 1.0021 0.1305, 1.5985 1.0087 0.1009, 1.6488 1.0145 0.0843, 1.7029 1.0208 0.0806, 1.7576 1.0276 0.091, 1.8073 1.0342 0.1148, 1.848 1.04 0.149, 1.8794 1.0462 0.1929, 1.8994 1.053 0.2447, 1.9054 1.0596 0.2997, 1.8976 1.0656 0.3525, 1.877 1.0717 0.4021, 1.8435 1.0784 0.4463, 1.7998 1.0851 0.4804, 1.7505 1.0912 0.5017, 1.6978 1.0971 0.5102, 1.6428 1.1038 0.505, 1.5906 1.1106 0.4858, 1.5463 1.1167 0.4549, 1.5116 1.1226 0.4148, 1.4871 1.1292 0.3653, 1.4759 1.136 0.3108, 1.4788 1.1423 0.2567, 1.4947 1.1481 0.2062, 1.5237 1.1547 0.1594, 1.5642 1.1614 0.1212, 1.612 1.1678 0.095, 1.6632 1.1736 0.082, 1.718 1.1801 0.082, 1.7718 1.1869 0.0963, 1.8194 1.1933 0.1233, 1.8575 1.1991 0.16, 1.8862 1.2055 0.2064, 1.9024 1.2123 0.2596, 1.9045 1.2188 0.3146, 1.8933 1.2246 0.3663, 1.8691 1.231 0.4149, 1.8324 1.2377 0.4567, 1.7867 1.2443 0.4875, 1.7367 1.2502 0.5053, 1.6828 1.2564 0.5102, 1.628 1.2632 0.5011, 1.5776 1.2698 0.4784, 1.536 1.2757 0.445, 1.5037 1.2818 0.4021, 1.4826 1.2886 0.3508, 1.4753 1.2953 0.2958, 1.4819 1.3013 0.2426, 1.5013 1.3073 0.1928, 1.5337 1.314 0.148, 1.5767 1.3207 0.1128, 1.6256 1.3269 0.0902, 1.6779 1.3328 0.0806, 1.733 1.3394 0.0845, 1.7856 1.3462 0.1025, 1.8308 1.3524 0.1324, 1.8663 1.3583 0.1717, 1.892 1.3648 0.2204, 1.6394 1.4859 0.0864, 1.5896 1.48 0.1053, 1.5446 1.4733 0.1372, 1.5089 1.4666 0.1799, 1.4859 1.4603 0.2289, 1.4758 1.4545 0.2809, 1.4792 1.4479 0.3359, 1.4967 1.4411 0.3887, 1.5263 1.4348 0.4343, 1.5652 1.429 0.4702, 1.6136 1.4225 0.4961, 1.6678 1.4157 0.5091, 1.7224 1.4093 0.5079, 1.7733 1.4035 0.4937, 1.5424 0.6531 0.4469, 1.5096 0.6591 0.4057, 1.4874 0.6658 0.3558, 1.4786 0.6726 0.3019, 1.4836 0.6787 0.2491, 1.5013 0.6846 0.1997, 1.5319 0.6913 0.1547, 1.5733 0.698 0.1188, 1.621 0.7043 0.0951, 1.6721 0.7101 0.0842, 1.7263 0.7167 0.0865, 1.7787 0.7235 0.1027, 1.8242 0.7298 0.1311, 1.8602 0.7356 0.1687, 1.8867 0.7421 0.2158, 1.9006 0.7489 0.2689, 1.9004 0.7553 0.3227, 1.8874 0.7611 0.3731, 1.8614 0.7675 0.4203, 1.8235 0.7743 0.46, 1.7775 0.7808 0.4884, 1.7278 0.7866 0.5038, 1.6742 0.793 0.5065, 1.6205 0.7998 0.4953, 1.572 0.8063 0.471, 1.5327 0.8122 0.4367, 1.5023 0.8184 0.3928, 1.4836 0.8252 0.3413, 1.4787 0.8318 0.2871, 1.4872 0.8377 0.2354, 1.5084 0.8439 0.1868, 1.5423 0.8506 0.1438, 1.5859 0.8573 0.111, 1.6345 0.8633 0.0909, 1.6868 0.8693 0.0835, 1.741 0.876 0.0896, 1.792 0.8827 0.1094, 1.8349 0.8888 0.1404, 1.8685 0.8948 0.1807, 1.8919 0.9014 0.2299, 1.9019 0.9082 0.2838, 1.8981 0.9144 0.3369, 1.8816 0.9203 0.3865, 1.8521 0.9269 0.4321, 1.8116 0.9336 0.469, 1.7642 0.9399 0.4938, 1.7134 0.9458 0.5058, 1.6593 0.9523 0.5048, 1.6066 0.9591 0.4898, 1.5603 0.9655 0.4625, 1.5234 0.9713 0.4257, 1.4959 0.9777 0.3793, 1.4809 0.9845 0.3266, 1.4798 0.991 0.2726, 1.4916 0.9968 0.2219, 1.5165 1.0031 0.1743, 1.5534 1.0099 0.1337, 1.5988 1.0165 0.1042, 1.6483 1.0223 0.0877, 1.7016 1.0286 0.0837, 1.7555 1.0354 0.0937, 1.8046 1.042 0.1169, 1.8449 1.0478 0.1504, 1.8761 1.054 0.1934, 1.896 1.0608 0.2444, 1.9022 1.0674 0.2985, 1.8949 1.0734 0.3506, 1.8748 1.0795 0.3995, 1.842 1.0862 0.4432, 1.7991 1.0929 0.4771, 1.7507 1.099 0.4983, 1.6989 1.105 0.5069, 1.6446 1.1116 0.5021, 1.5931 1.1184 0.4835, 1.5493 1.1245 0.4533, 1.5149 1.1304 0.4139, 1.4905 1.137 0.3654, 1.4792 1.1438 0.3117, 1.4818 1.1501 0.2583, 1.4971 1.1559 0.2085, 1.5255 1.1625 0.1623, 1.5651 1.1693 0.1244, 1.6121 1.1756 0.0984, 1.6625 1.1814 0.0853, 1.7165 1.1879 0.0851, 1.7696 1.1947 0.0988, 1.8166 1.2011 0.1252, 1.8543 1.2069 0.1611, 1.8828 1.2133 0.2067, 1.8991 1.2201 0.2591, 1.9014 1.2266 0.3131, 1.8907 1.2325 0.3642, 1.867 1.2388 0.4122, 1.8311 1.2455 0.4536, 1.7863 1.2521 0.4842, 1.7371 1.258 0.5019, 1.6841 1.2642 0.507, 1.63 1.271 0.4983, 1.5802 1.2776 0.4762, 1.5391 1.2836 0.4436, 1.5071 1.2897 0.4015, 1.486 1.2964 0.351, 1.4785 1.3031 0.2969, 1.4847 1.3091 0.2445, 1.5036 1.3151 0.1954, 1.5353 1.3218 0.151, 1.5774 1.3285 0.1161, 1.6255 1.3347 0.0936, 1.677 1.3406 0.0839, 1.7313 1.3472 0.0874, 1.7832 1.354 0.1049, 1.8279 1.3602 0.1341, 1.8631 1.3661 0.1726, 1.5902 1.4878 0.1086, 1.5459 1.4811 0.1403, 1.511 1.4744 0.1826, 1.4885 1.4681 0.2309, 1.4789 1.4623 0.2822, 1.4826 1.4557 0.3364, 1.5001 1.4489 0.3884, 1.5295 1.4426 0.4331, 1.568 1.4368 0.4682, 1.6158 1.4303 0.4936, 1.6692 1.4235 0.5061, 1.723 1.4171 0.5046, 1.7731 1.4113 0.4903, 1.8196 1.4049 0.4631, 1.5471 0.6609 0.4438, 1.5149 0.6669 0.4038, 1.493 0.6736 0.3554, 1.4842 0.6803 0.3028, 1.4888 0.6864 0.2514, 1.5057 0.6923 0.2032, 1.5353 0.699 0.1592, 1.5753 0.7057 0.124, 1.6217 0.712 0.1007, 1.6714 0.7178 0.0898, 1.7243 0.7244 0.0918, 1.7754 0.7312 0.1073, 1.8198 0.7375 0.1346, 1.8551 0.7433 0.1711, 1.8812 0.7498 0.2168, 1.8949 0.7566 0.2685, 1.8951 0.763 0.3209, 1.8827 0.7688 0.37, 1.8576 0.7753 0.4161, 1.821 0.7821 0.455, 1.7763 0.7885 0.4829, 1.7279 0.7943 0.4982, 1.6758 0.8007 0.5011, 1.6234 0.8075 0.4904, 1.5761 0.814 0.467, 1.5375 0.8199 0.4339, 1.5077 0.8261 0.3913, 1.4892 0.8329 0.3412, 1.4842 0.8395 0.2885, 1.4921 0.8454 0.2381, 1.5126 0.8516 0.1906, 1.5453 0.8583 0.1486, 1.5876 0.865 0.1164, 1.6349 0.871 0.0966, 1.6857 0.877 0.089, 1.7386 0.8837 0.0947, 1.7883 0.8905 0.1137, 1.8303 0.8966 0.1436, 1.8633 0.9025 0.1827, 1.8863 0.9092 0.2305, 1.8963 0.9159 0.2829, 1.8929 0.9221 0.3346, 1.8771 0.928 0.383, 1.8486 0.9346 0.4276, 1.8094 0.9414 0.4638, 1.7633 0.9477 0.4883, 1.714 0.9535 0.5002, 1.6613 0.96 0.4995, 1.6098 0.9668 0.4852, 1.5646 0.9732 0.4588, 1.5285 0.979 0.4232, 1.5014 0.9854 0.3782, 1.4865 0.9922 0.3269, 1.4851 0.9987 0.2743, 1.4964 1.0045 0.2249, 1.5203 1.0109 0.1784, 1.5561 1.0177 0.1387, 1.6002 1.0242 0.1097, 1.6483 1.03 0.0933, 1.7001 1.0363 0.0892, 1.7527 1.0431 0.0986, 1.8007 1.0497 0.1209, 1.8401 1.0556 0.1533, 1.8707 1.0618 0.195, 1.8904 1.0685 0.2446, 1.8967 1.0752 0.2973, 1.8898 1.0811 0.348, 1.8706 1.0872 0.3958, 1.8389 1.0939 0.4385, 1.7973 1.1006 0.4717, 1.7503 1.1067 0.4927, 1.6998 1.1127 0.5014, 1.6469 1.1193 0.497, 1.5967 1.1261 0.4791, 1.5538 1.1323 0.45, 1.5201 1.1382 0.4118, 1.496 1.1448 0.3646, 1.4848 1.1515 0.3125, 1.487 1.1578 0.2605, 1.5017 1.1636 0.2118, 1.529 1.1702 0.1667, 1.5674 1.177 0.1296, 1.6131 1.1833 0.104, 1.6621 1.1891 0.0909, 1.7146 1.1956 0.0904, 1.7664 1.2024 0.1035, 1.8124 1.2089 0.1289, 1.8493 1.2147 0.1637, 1.8773 1.221 0.2079, 1.8935 1.2278 0.2589, 1.8961 1.2344 0.3115, 1.8859 1.2402 0.3613, 1.8631 1.2465 0.4081, 1.8283 1.2533 0.4487, 1.7848 1.2599 0.4787, 1.737 1.2657 0.4963, 1.6854 1.2719 0.5015, 1.6327 1.2787 0.4934, 1.5841 1.2853 0.4721, 1.5439 1.2913 0.4406, 1.5124 1.2974 0.3997, 1.4916 1.3041 0.3507, 1.4841 1.3108 0.298, 1.4898 1.3169 0.2469, 1.5079 1.3228 0.199, 1.5385 1.3295 0.1556, 1.5794 1.3363 0.1214, 1.6261 1.3424 0.0992, 1.6762 1.3483 0.0894, 1.7291 1.3549 0.0926, 1.7797 1.3617 0.1093, 1.8234 1.368 0.1376, 1.8547 1.4058 0.42, 1.8172 1.4126 0.458, 1.772 1.419 0.4848, 1.7233 1.4248 0.499, 1.6709 1.4312 0.5007, 1.6188 1.438 0.4888, 1.5722 1.4445 0.4644, 1.5345 1.4503 0.4304, 1.5055 1.4567 0.387, 1.4882 1.4634 0.3365, 1.4844 1.47 0.2837, 1.4934 1.4759 0.2337, 1.5151 1.4821 0.1865, 1.5488 1.4889 0.1452, 1.5525 0.6668 0.4395, 1.5212 0.6728 0.401, 1.4998 0.6795 0.3543, 1.491 0.6862 0.3035, 1.4952 0.6923 0.2538, 1.5114 0.6982 0.2071, 1.5398 0.7049 0.1644, 1.5783 0.7116 0.1302, 1.6231 0.7179 0.1074, 1.6711 0.7237 0.0967, 1.7222 0.7303 0.0983, 1.7717 0.7371 0.1131, 1.8148 0.7434 0.1393, 1.8491 0.7492 0.1744, 1.8745 0.7557 0.2185, 1.8881 0.7625 0.2684, 1.8885 0.7689 0.3191, 1.8767 0.7747 0.3667, 1.8526 0.7812 0.4114, 1.8174 0.788 0.4491, 1.7743 0.7944 0.4763, 1.7276 0.8002 0.4913, 1.6772 0.8066 0.4944, 1.6265 0.8134 0.4843, 1.5806 0.8199 0.4619, 1.5432 0.8258 0.43, 1.5142 0.832 0.389, 1.4961 0.8388 0.3407, 1.4909 0.8454 0.2897, 1.4984 0.8513 0.2409, 1.518 0.8575 0.1949, 1.5494 0.8642 0.1541, 1.5901 0.8709 0.1228, 1.6358 0.8769 0.1034, 1.6849 0.8829 0.0958, 1.7361 0.8896 0.1011, 1.7842 0.8964 0.1192, 1.825 0.9025 0.148, 1.8571 0.9084 0.1856, 1.8795 0.9151 0.2318, 1.8895 0.9218 0.2824, 1.8864 0.928 0.3324, 1.8713 0.9339 0.3793, 1.844 0.9405 0.4225, 1.8062 0.9473 0.4577, 1.7618 0.9536 0.4816, 1.7142 0.9594 0.4934, 1.6632 0.9659 0.4929, 1.6134 0.9727 0.4793, 1.5695 0.9791 0.454, 1.5344 0.9849 0.4197, 1.5081 0.9913 0.3763, 1.4934 0.9981 0.3268, 1.4918 1.0046 0.276, 1.5025 1.0104 0.2281, 1.5254 1.0168 0.183, 1.5598 1.0236 0.1445, 1.6023 1.0301 0.1163, 1.6487 1.0359 0.1002, 1.6989 1.0422 0.0959, 1.7497 1.049 0.1048, 1.7962 1.0556 0.1262, 1.8345 1.0615 0.1573, 1.8643 1.0677 0.1975, 1.8835 1.0744 0.2453, 1.8899 1.0811 0.2963, 1.8835 1.087 0.3454, 1.8651 1.0931 0.3916, 1.8346 1.0998 0.4331, 1.7946 1.1065 0.4654, 1.7492 1.1126 0.4859, 1.7004 1.1186 0.4945, 1.6493 1.1252 0.4905, 1.6006 1.132 0.4735, 1.5591 1.1382 0.4455, 1.5263 1.1441 0.4087, 1.5028 1.1507 0.3632, 1.4916 1.1574 0.3128, 1.4936 1.1637 0.2625, 1.5075 1.1695 0.2155, 1.5338 1.1761 0.1717, 1.5707 1.1829 0.1356, 1.6147 1.1892 0.1107, 1.662 1.195 0.0978, 1.7129 1.2015 0.097, 1.763 1.2083 0.1095, 1.8076 1.2148 0.1338, 1.8434 1.2206 0.1673, 1.8707 1.2269 0.21, 1.8866 1.2337 0.2591, 1.8893 1.2403 0.31, 1.8797 1.2461 0.3582, 1.8579 1.2524 0.4036, 1.8245 1.2592 0.443, 1.7825 1.2658 0.4722, 1.7364 1.2716 0.4894, 1.6865 1.2778 0.4948, 1.6355 1.2846 0.4871, 1.5884 1.2912 0.4668, 1.5494 1.2972 0.4364, 1.5188 1.3033 0.3971, 1.4984 1.31 0.3498, 1.4909 1.3167 0.2989, 1.4962 1.3228 0.2495, 1.5135 1.3287 0.203, 1.5429 1.3354 0.1609, 1.5822 1.3422 0.1276, 1.6273 1.3483 0.106, 1.6757 1.3542 0.0963, 1.7268 1.3608 0.0991, 1.7759 1.3676 0.115, 1.875 1.4052 0.3709, 1.8499 1.4117 0.4152, 1.8137 1.4185 0.4521, 1.7702 1.4249 0.4781, 1.7232 1.4307 0.4921, 1.6725 1.4371 0.494, 1.6221 1.4439 0.4827, 1.5768 1.4504 0.4593, 1.5402 1.4562 0.4267, 1.5121 1.4626 0.3848, 1.4951 1.4693 0.336, 1.4911 1.4759 0.2851, 1.4997 1.4818 0.2366, 1.5203 1.488 0.1909, 1.5588 0.671 0.4341, 1.5286 0.6771 0.3973, 1.5079 0.6838 0.3526, 1.4993 0.6905 0.304, 1.5031 0.6966 0.2563, 1.5184 0.7025 0.2115, 1.5455 0.7092 0.1704, 1.5823 0.7159 0.1375, 1.6251 0.7222 0.1155, 1.6711 0.728 0.105, 1.7201 0.7346 0.1063, 1.7676 0.7414 0.1203, 1.809 0.7477 0.1453, 1.8421 0.7535 0.1788, 1.8666 0.76 0.221, 1.8798 0.7668 0.2687, 1.8804 0.7732 0.3173, 1.8693 0.779 0.363, 1.8464 0.7855 0.4059, 1.8127 0.7922 0.4423, 1.7716 0.7987 0.4685, 1.7269 0.8045 0.483, 1.6785 0.8109 0.4862, 1.6299 0.8177 0.4767, 1.5858 0.8242 0.4555, 1.5498 0.8301 0.425, 1.5219 0.8363 0.3858, 1.5043 0.8431 0.3395, 1.4992 0.8497 0.2907, 1.5061 0.8556 0.2439, 1.5247 0.8618 0.1997, 1.5547 0.8685 0.1605, 1.5936 0.8752 0.1303, 1.6373 0.8812 0.1115, 1.6843 0.8872 0.1041, 1.7334 0.8939 0.1089, 1.7797 0.9007 0.1261, 1.8188 0.9068 0.1536, 1.8497 0.9127 0.1895, 1.8714 0.9194 0.2336, 1.8812 0.9261 0.2821, 1.8784 0.9323 0.3301, 1.8642 0.9382 0.3751, 1.8382 0.9448 0.4167, 1.8021 0.9516 0.4505, 1.7596 0.9579 0.4736, 1.714 0.9637 0.4851, 1.6651 0.9702 0.4849, 1.6173 0.977 0.472, 1.5751 0.9834 0.4479, 1.5414 0.9892 0.4152, 1.5159 0.9956 0.3737, 1.5016 1.0024 0.3263, 1.4999 1.0089 0.2776, 1.51 1.0147 0.2316, 1.5318 1.0211 0.1883, 1.5646 1.0279 0.1512, 1.6052 1.0344 0.124, 1.6497 1.0402 0.1084, 1.6977 1.0465 0.1041, 1.7465 1.0533 0.1124, 1.7912 1.0599 0.1327, 1.828 1.0658 0.1624, 1.8567 1.0719 0.2009, 1.8753 1.0787 0.2466, 1.8816 1.0854 0.2954, 1.8757 1.0913 0.3425, 1.8582 1.0974 0.3869, 1.8292 1.1041 0.4268, 1.7909 1.1108 0.458, 1.7475 1.1169 0.4778, 1.7008 1.1229 0.4863, 1.6517 1.1295 0.4826, 1.605 1.1363 0.4665, 1.5651 1.1425 0.4398, 1.5335 1.1483 0.4047, 1.5108 1.155 0.3612, 1.4999 1.1617 0.3129, 1.5016 1.168 0.2647, 1.5148 1.1738 0.2195, 1.5397 1.1804 0.1774, 1.575 1.1872 0.1427, 1.6171 1.1935 0.1186, 1.6624 1.1993 0.1061, 1.7112 1.2058 0.1051, 1.7593 1.2126 0.1169, 1.8021 1.2191 0.14, 1.8366 1.2248 0.172, 1.8629 1.2312 0.2128, 1.8783 1.238 0.2598, 1.8812 1.2446 0.3086, 1.8721 1.2504 0.3548, 1.8514 1.2567 0.3985, 1.8195 1.2635 0.4363, 1.7794 1.2701 0.4645, 1.7353 1.2759 0.4812, 1.6875 1.2821 0.4865, 1.6386 1.2889 0.4794, 1.5933 1.2955 0.4601, 1.5558 1.3015 0.4312, 1.5263 1.3076 0.3935, 1.5066 1.3143 0.3483, 1.4991 1.321 0.2996, 1.504 1.327 0.2521, 1.5204 1.333 0.2075, 1.5485 1.3397 0.167, 1.586 1.3465 0.135, 1.6292 1.3526 0.1141, 1.6755 1.3585 0.1046, 1.7246 1.3651 0.1071, 1.5073 1.4861 0.2398, 1.4993 1.4802 0.2863, 1.5033 1.4736 0.3351, 1.5198 1.4669 0.3818, 1.547 1.4605 0.4218, 1.5822 1.4547 0.453, 1.6257 1.4482 0.4753, 1.6741 1.4414 0.4858, 1.7226 1.435 0.4838, 1.7676 1.4292 0.4703, 1.8093 1.4228 0.4451, 1.8437 1.416 0.4096, 1.8677 1.4095 0.367, 1.8798 1.4037 0.3216, 1.5656 0.6733 0.4277, 1.5368 0.6793 0.3928, 1.517 0.686 0.3504, 1.5086 0.6928 0.3042, 1.5121 0.6989 0.2587, 1.5266 0.7048 0.2161, 1.5521 0.7115 0.1769, 1.5871 0.7182 0.1455, 1.6278 0.7245 0.1244, 1.6715 0.7303 0.1143, 1.7181 0.7369 0.1154, 1.7633 0.7437 0.1286, 1.8028 0.75 0.1522, 1.8343 0.7558 0.184, 1.8578 0.7623 0.2241, 1.8705 0.7691 0.2694, 1.8712 0.7755 0.3157, 1.8607 0.7813 0.3591, 1.8391 0.7877 0.4001, 1.8072 0.7945 0.4347, 1.7681 0.801 0.4598, 1.7256 0.8068 0.4738, 1.6797 0.8132 0.4769, 1.6334 0.82 0.4681, 1.5914 0.8265 0.448, 1.5571 0.8324 0.4191, 1.5304 0.8386 0.3819, 1.5135 0.8454 0.338, 1.5085 0.852 0.2915, 1.5149 0.8579 0.247, 1.5325 0.8641 0.2049, 1.5609 0.8708 0.1675, 1.5978 0.8775 0.1386, 1.6393 0.8835 0.1206, 1.6841 0.8895 0.1134, 1.7308 0.8962 0.1179, 1.7748 0.9029 0.1341, 1.8121 0.909 0.1601, 1.8416 0.915 0.1942, 1.8624 0.9216 0.2361, 1.8718 0.9284 0.2822, 1.8694 0.9346 0.3278, 1.856 0.9405 0.3707, 1.8313 0.9471 0.4103, 1.7971 0.9538 0.4426, 1.7568 0.9601 0.4647, 1.7134 0.966 0.4758, 1.6669 0.9725 0.4757, 1.6214 0.9793 0.4636, 1.5812 0.9857 0.4408, 1.549 0.9915 0.4098, 1.5247 0.9979 0.3704, 1.5109 1.0047 0.3253, 1.5091 1.0112 0.279, 1.5186 1.017 0.2353, 1.5392 1.0233 0.194, 1.5703 1.0301 0.1586, 1.6089 1.0367 0.1326, 1.6511 1.0425 0.1176, 1.6968 1.0488 0.1134, 1.7432 1.0556 0.1212, 1.7858 1.0622 0.1404, 1.8208 1.068 0.1685, 1.8483 1.0742 0.205, 1.8662 1.081 0.2484, 1.8723 1.0876 0.2948, 1.8668 1.0936 0.3397, 1.8503 1.0997 0.382, 1.8228 1.1064 0.42, 1.7865 1.1131 0.4497, 1.7453 1.1192 0.4687, 1.7009 1.1252 0.4769, 1.6542 1.1318 0.4736, 1.6097 1.1386 0.4584, 1.5716 1.1447 0.4332, 1.5415 1.1506 0.3998, 1.5198 1.1572 0.3585, 1.5092 1.164 0.3126, 1.5107 1.1703 0.2667, 1.5231 1.1761 0.2237, 1.5467 1.1827 0.1836, 1.5802 1.1895 0.1505, 1.6202 1.1958 0.1274, 1.6632 1.2016 0.1154, 1.7096 1.2081 0.1143, 1.7554 1.2149 0.1253, 1.7962 1.2213 0.1473, 1.8291 1.2271 0.1776, 1.8543 1.2335 0.2163, 1.8691 1.2403 0.261, 1.8719 1.2468 0.3074, 1.8635 1.2527 0.3514, 1.8439 1.259 0.393, 1.8137 1.2657 0.4291, 1.7756 1.2723 0.456, 1.7336 1.2782 0.472, 1.6882 1.2844 0.4772, 1.6416 1.2912 0.4706, 1.5985 1.2978 0.4524, 1.5627 1.3038 0.425, 1.5346 1.3099 0.3893, 1.5157 1.3166 0.3463, 1.5085 1.3233 0.2999, 1.513 1.3293 0.2548, 1.5284 1.3353 0.2123, 1.555 1.342 0.1737, 1.5906 1.3487 0.1431, 1.6316 1.3549 0.1231, 1.6757 1.3608 0.1139, 1.5161 1.4883 0.2431, 1.5086 1.4825 0.2873, 1.5125 1.4759 0.3338, 1.5284 1.4691 0.3781, 1.5543 1.4628 0.4161, 1.5879 1.457 0.4457, 1.6294 1.4505 0.4667, 1.6754 1.4437 0.4766, 1.7216 1.4373 0.4745, 1.7644 1.4315 0.4615, 1.8039 1.4251 0.4375, 1.8366 1.4183 0.4035, 1.8592 1.4118 0.363, 1.8707 1.406 0.3198, 1.871 1.3996 0.2737, 1.5725 0.6733 0.4209, 1.5451 0.6793 0.3879, 1.5263 0.686 0.3477, 1.5183 0.6927 0.304, 1.5215 0.6989 0.261, 1.5351 0.7048 0.2205, 1.5593 0.7114 0.1835, 1.5924 0.7182 0.1536, 1.6308 0.7244 0.1336, 1.6722 0.7303 0.124, 1.7163 0.7368 0.125, 1.7592 0.7436 0.1373, 1.7966 0.75 0.1596, 1.8265 0.7558 0.1897, 1.8488 0.7623 0.2276, 1.8609 0.7691 0.2705, 1.8616 0.7755 0.3143, 1.8518 0.7813 0.3555, 1.8314 0.7877 0.3943, 1.8012 0.7945 0.4271, 1.7643 0.801 0.4509, 1.7241 0.8068 0.4642, 1.6805 0.8131 0.4673, 1.6367 0.8199 0.459, 1.5969 0.8265 0.44, 1.5644 0.8323 0.4128, 1.539 0.8386 0.3775, 1.523 0.8453 0.336, 1.5181 0.852 0.292, 1.5242 0.8579 0.2498, 1.5407 0.864 0.2099, 1.5676 0.8708 0.1745, 1.6025 0.8774 0.1471, 1.6417 0.8834 0.13, 1.6841 0.8895 0.1231, 1.7283 0.8962 0.1272, 1.7701 0.9029 0.1425, 1.8054 0.909 0.1671, 1.8334 0.915 0.1993, 1.8532 0.9216 0.239, 1.8622 0.9284 0.2826, 1.8599 0.9346 0.3258, 1.8473 0.9404 0.3664, 1.824 0.947 0.404, 1.7917 0.9538 0.4346, 1.7535 0.9601 0.4556, 1.7125 0.9659 0.4661, 1.6684 0.9724 0.4661, 1.6253 0.9792 0.4548, 1.5872 0.9856 0.4333, 1.5567 0.9914 0.404, 1.5336 0.9979 0.3667, 1.5205 1.0047 0.324, 1.5188 1.0111 0.2802, 1.5276 1.0169 0.2387, 1.5471 1.0233 0.1996, 1.5764 1.0301 0.1661, 1.6129 1.0366 0.1414, 1.6529 1.0425 0.1271, 1.6962 1.0487 0.1231, 1.7401 1.0555 0.1303, 1.7805 1.0621 0.1484, 1.8137 1.068 0.175, 1.8398 1.0742 0.2095, 1.8568 1.0809 0.2506, 1.8626 1.0876 0.2946, 1.8575 1.0936 0.337, 1.842 1.0997 0.3771, 1.816 1.1064 0.4132, 1.7817 1.1131 0.4414, 1.7426 1.1192 0.4594, 1.7006 1.1251 0.4672, 1.6564 1.1318 0.4642, 1.6143 1.1385 0.4498, 1.5782 1.1447 0.426, 1.5496 1.1506 0.3945, 1.5289 1.1572 0.3554, 1.5189 1.164 0.312, 1.5202 1.1703 0.2685, 1.5319 1.1761 0.2278, 1.5542 1.1826 0.1898, 1.5858 1.1894 0.1583, 1.6236 1.1958 0.1365, 1.6644 1.2016 0.125, 1.7083 1.2081 0.1239, 1.7517 1.2149 0.1343, 1.7903 1.2213 0.155, 1.8215 1.2271 0.1836, 1.8454 1.2335 0.2202, 1.8595 1.2403 0.2625, 1.8623 1.2468 0.3065, 1.8543 1.2526 0.3481, 1.8359 1.2589 0.3875, 1.8073 1.2657 0.4218, 1.7713 1.2723 0.4473, 1.7316 1.2782 0.4625, 1.6886 1.2844 0.4675, 1.6445 1.2911 0.4613, 1.6037 1.2978 0.4441, 1.5697 1.3037 0.4183, 1.543 1.3098 0.3845, 1.5251 1.3165 0.3438, 1.5182 1.3232 0.3, 1.5223 1.3293 0.2572, 1.5369 1.3353 0.217, 1.562 1.342 0.1804, 1.5957 1.3487 0.1513, 1.6345 1.3549 0.1323, 1.5253 1.4883 0.2461, 1.5182 1.4825 0.288, 1.5221 1.4759 0.332, 1.5371 1.4691 0.374, 1.5618 1.4628 0.4099, 1.5936 1.457 0.4378, 1.6329 1.4505 0.4577, 1.6765 1.4437 0.467, 1.7202 1.4372 0.4649, 1.7607 1.4315 0.4525, 1.7981 1.425 0.4297, 1.829 1.4182 0.3975, 1.8504 1.4117 0.3591, 1.8611 1.4059 0.3182, 1.8614 1.3996 0.2745, 1.8503 1.3928 0.2313, 1.5792 0.6707 0.4137, 1.5534 0.6767 0.3825, 1.5357 0.6834 0.3447, 1.5282 0.6902 0.3034, 1.5312 0.6963 0.2629, 1.5441 0.7022 0.2248, 1.5669 0.7089 0.1898, 1.598 0.7156 0.1617, 1.6343 0.7218 0.1429, 1.6733 0.7277 0.1338, 1.7149 0.7343 0.1348, 1.7553 0.7411 0.1464, 1.7905 0.7474 0.1675, 1.8187 0.7532 0.1958, 1.8397 0.7597 0.2315, 1.8511 0.7665 0.272, 1.8518 0.7729 0.3133, 1.8425 0.7787 0.3521, 1.8232 0.7851 0.3886, 1.7948 0.7919 0.4196, 1.76 0.7984 0.442, 1.7221 0.8042 0.4545, 1.6811 0.8106 0.4574, 1.6398 0.8174 0.4496, 1.6022 0.8239 0.4317, 1.5716 0.8297 0.406, 1.5477 0.836 0.3728, 1.5326 0.8428 0.3336, 1.528 0.8494 0.2921, 1.5337 0.8553 0.2524, 1.5493 0.8615 0.2148, 1.5747 0.8682 0.1814, 1.6076 0.8749 0.1556, 1.6446 0.8809 0.1395, 1.6845 0.8869 0.133, 1.7262 0.8936 0.1369, 1.7655 0.9003 0.1513, 1.7989 0.9064 0.1745, 1.8253 0.9124 0.2049, 1.8438 0.919 0.2422, 1.8523 0.9258 0.2834, 1.8502 0.932 0.3241, 1.8382 0.9379 0.3624, 1.8163 0.9445 0.3978, 1.7858 0.9512 0.4267, 1.7498 0.9575 0.4464, 1.7111 0.9633 0.4563, 1.6696 0.9699 0.4563, 1.629 0.9767 0.4456, 1.5931 0.9831 0.4253, 1.5643 0.9889 0.3977, 1.5426 0.9953 0.3625, 1.5303 1.0021 0.3223, 1.5286 1.0086 0.281, 1.537 1.0144 0.2419, 1.5553 1.0207 0.2051, 1.583 1.0275 0.1734, 1.6174 1.0341 0.1502, 1.6551 1.0399 0.1368, 1.6959 1.0462 0.133, 1.7373 1.053 0.1398, 1.7753 1.0596 0.1569, 1.8067 1.0654 0.1819, 1.8312 1.0716 0.2145, 1.8472 1.0784 0.2533, 1.8527 1.085 0.2947, 1.8479 1.091 0.3347, 1.8332 1.0971 0.3725, 1.8087 1.1038 0.4064, 1.7764 1.1105 0.433, 1.7396 1.1166 0.45, 1.7 1.1225 0.4574, 1.6583 1.1292 0.4545, 1.6186 1.136 0.4409, 1.5846 1.1421 0.4185, 1.5576 1.148 0.3888, 1.5382 1.1546 0.3519, 1.5287 1.1614 0.311, 1.53 1.1677 0.27, 1.541 1.1735 0.2316, 1.562 1.1801 0.1958, 1.5919 1.1868 0.1662, 1.6275 1.1932 0.1456, 1.6659 1.199 0.1347, 1.7073 1.2055 0.1338, 1.7482 1.2123 0.1435, 1.7846 1.2187 0.1631, 1.814 1.2245 0.19, 1.8365 1.2309 0.2246, 1.8498 1.2377 0.2645, 1.8524 1.2442 0.3059, 1.8449 1.2501 0.3451, 1.8275 1.2564 0.3823, 1.8006 1.2631 0.4145, 1.7666 1.2697 0.4386, 1.7292 1.2756 0.453, 1.6887 1.2818 0.4577, 1.6471 1.2886 0.4518, 1.6086 1.2952 0.4356, 1.5766 1.3012 0.4112, 1.5514 1.3073 0.3793, 1.5346 1.314 0.341, 1.528 1.3207 0.2996, 1.532 1.3267 0.2594, 1.5457 1.3327 0.2214, 1.5694 1.3394 0.187, 1.6012 1.3461 0.1596, 1.5347 1.4857 0.2489, 1.5281 1.4799 0.2884, 1.5317 1.4733 0.3298, 1.5459 1.4665 0.3694, 1.5691 1.4602 0.4033, 1.5991 1.4544 0.4296, 1.6361 1.4479 0.4483, 1.6772 1.4411 0.4571, 1.7185 1.4347 0.4552, 1.7566 1.4289 0.4435, 1.7919 1.4225 0.422, 1.821 1.4157 0.3917, 1.8412 1.4092 0.3555, 1.8513 1.4034 0.3169, 1.8516 1.397 0.2758, 1.8412 1.3902 0.2351, 1.8209 1.3837 0.1987, 1.5845 0.6663 0.4075, 1.56 0.6723 0.3779, 1.5433 0.679 0.3418, 1.5362 0.6857 0.3026, 1.5392 0.6919 0.2641, 1.5515 0.6978 0.228, 1.5733 0.7044 0.1948, 1.6029 0.7112 0.1681, 1.6374 0.7174 0.1503, 1.6745 0.7233 0.1418, 1.714 0.7299 0.1428, 1.7524 0.7366 0.154, 1.7858 0.743 0.1741, 1.8125 0.7488 0.201, 1.8324 0.7553 0.235, 1.8431 0.7621 0.2735, 1.8437 0.7685 0.3127, 1.8348 0.7743 0.3496, 1.8164 0.7807 0.3843, 1.7893 0.7875 0.4136, 1.7562 0.794 0.4348, 1.7201 0.7998 0.4467, 1.6811 0.8061 0.4493, 1.6419 0.8129 0.4418, 1.6063 0.8195 0.4247, 1.5772 0.8253 0.4002, 1.5546 0.8316 0.3686, 1.5403 0.8384 0.3313, 1.5361 0.845 0.2919, 1.5417 0.8509 0.2542, 1.5565 0.857 0.2185, 1.5807 0.8638 0.1868, 1.612 0.8705 0.1624, 1.6472 0.8764 0.1471, 1.6852 0.8825 0.1411, 1.7248 0.8892 0.1449, 1.7621 0.8959 0.1587, 1.7937 0.902 0.1807, 1.8187 0.908 0.2097, 1.8363 0.9146 0.2452, 1.8443 0.9214 0.2843, 1.8421 0.9276 0.323, 1.8307 0.9334 0.3594, 1.8098 0.94 0.3929, 1.7808 0.9468 0.4203, 1.7465 0.9531 0.439, 1.7097 0.9589 0.4483, 1.6703 0.9655 0.4483, 1.6317 0.9723 0.438, 1.5977 0.9786 0.4186, 1.5704 0.9844 0.3923, 1.5498 0.9909 0.3588, 1.5382 0.9977 0.3206, 1.5367 1.0042 0.2813, 1.5448 1.01 0.2443, 1.5623 1.0163 0.2093, 1.5886 1.0231 0.1793, 1.6214 1.0297 0.1573, 1.6572 1.0355 0.1446, 1.696 1.0418 0.1411, 1.7353 1.0485 0.1477, 1.7714 1.0552 0.164, 1.8011 1.061 0.1879, 1.8244 1.0672 0.2188, 1.8395 1.074 0.2557, 1.8447 1.0806 0.2951, 1.84 1.0866 0.3331, 1.8259 1.0927 0.3689, 1.8026 1.0994 0.4012, 1.7718 1.1061 0.4263, 1.7368 1.1122 0.4424, 1.6991 1.1181 0.4493, 1.6595 1.1248 0.4465, 1.6218 1.1315 0.4335, 1.5896 1.1377 0.4121, 1.564 1.1436 0.3838, 1.5456 1.1502 0.3487, 1.5368 1.157 0.3098, 1.538 1.1633 0.2709, 1.5486 1.1691 0.2344, 1.5687 1.1756 0.2005, 1.5971 1.1824 0.1724, 1.631 1.1888 0.1529, 1.6675 1.1946 0.1427, 1.7068 1.2011 0.1419, 1.7457 1.2079 0.1512, 1.7802 1.2143 0.1699, 1.8081 1.2201 0.1956, 1.8294 1.2265 0.2284, 1.8419 1.2333 0.2664, 1.8443 1.2398 0.3057, 1.8371 1.2456 0.343, 1.8205 1.2519 0.3782, 1.7948 1.2587 0.4088, 1.7625 1.2653 0.4317, 1.7269 1.2712 0.4452, 1.6884 1.2774 0.4496, 1.6489 1.2841 0.4439, 1.6124 1.2908 0.4284, 1.582 1.2967 0.4051, 1.5582 1.3028 0.3748, 1.5422 1.3096 0.3384, 1.5361 1.3163 0.2991, 1.54 1.3223 0.2608, 1.5531 1.3283 0.2248, 1.5757 1.335 0.1921, 1.6153 1.5008 0.1614, 1.5833 1.4943 0.1842, 1.5584 1.4876 0.2154, 1.5426 1.4813 0.2509, 1.5362 1.4755 0.2884, 1.5395 1.4689 0.3278, 1.5529 1.4621 0.3654, 1.5749 1.4558 0.3976, 1.6034 1.45 0.4227, 1.6385 1.4435 0.4406, 1.6775 1.4367 0.449, 1.7167 1.4303 0.4473, 1.753 1.4245 0.4363, 1.7865 1.418 0.4159, 1.8143 1.4112 0.3872, 1.8335 1.4048 0.3529, 1.8432 1.399 0.3162, 1.8436 1.3926 0.2771, 1.8338 1.3858 0.2384, 1.8147 1.3793 0.2039, 1.7885 1.3734 0.1762, 1.5887 0.6602 0.4021, 1.5655 0.6662 0.3737, 1.5496 0.6729 0.3392, 1.543 0.6796 0.3016, 1.5461 0.6857 0.2649, 1.558 0.6917 0.2303, 1.5789 0.6983 0.1987, 1.6073 0.7051 0.1734, 1.6404 0.7113 0.1565, 1.6759 0.7171 0.1485, 1.7136 0.7237 0.1497, 1.7502 0.7305 0.1605, 1.7821 0.7368 0.1798, 1.8075 0.7426 0.2057, 1.8264 0.7492 0.2383, 1.8365 0.7559 0.2752, 1.8368 0.7624 0.3126, 1.8282 0.7681 0.3478, 1.8105 0.7746 0.3809, 1.7844 0.7814 0.4088, 1.7527 0.7879 0.429, 1.7182 0.7937 0.4401, 1.6809 0.8 0.4424, 1.6434 0.8068 0.4351, 1.6095 0.8134 0.4186, 1.5818 0.8192 0.3951, 1.5603 0.8255 0.3647, 1.5468 0.8322 0.3291, 1.5429 0.8389 0.2914, 1.5484 0.8448 0.2553, 1.5628 0.8509 0.2213, 1.586 0.8576 0.1911, 1.6161 0.8643 0.1679, 1.6498 0.8703 0.1535, 1.6861 0.8764 0.1479, 1.7239 0.8831 0.1517, 1.7595 0.8898 0.165, 1.7897 0.8959 0.1862, 1.8134 0.9018 0.214, 1.8301 0.9085 0.2481, 1.8375 0.9152 0.2855, 1.8353 0.9214 0.3225, 1.8242 0.9273 0.3571, 1.8041 0.9339 0.3891, 1.7762 0.9407 0.4152, 1.7434 0.947 0.4329, 1.7082 0.9528 0.4417, 1.6705 0.9593 0.4414, 1.6337 0.9661 0.4314, 1.6012 0.9725 0.4128, 1.5753 0.9783 0.3875, 1.5557 0.9848 0.3554, 1.5448 0.9916 0.3188, 1.5436 0.998 0.2813, 1.5514 1.0038 0.2459, 1.5683 1.0102 0.2125, 1.5936 1.017 0.184, 1.625 1.0235 0.1631, 1.6593 1.0294 0.1511, 1.6964 1.0356 0.1479, 1.734 1.0424 0.1544, 1.7684 1.049 0.1701, 1.7967 1.0549 0.1931, 1.8188 1.0611 0.2228, 1.8331 1.0678 0.2581, 1.8378 1.0745 0.2958, 1.8332 1.0805 0.3321, 1.8196 1.0865 0.3663, 1.7972 1.0932 0.397, 1.7676 1.1 0.4209, 1.7341 1.106 0.4361, 1.6981 1.112 0.4425, 1.6602 1.1187 0.4396, 1.6243 1.1254 0.4271, 1.5935 1.1316 0.4065, 1.5692 1.1375 0.3794, 1.5518 1.1441 0.3458, 1.5435 1.1509 0.3085, 1.5448 1.1571 0.2713, 1.5551 1.163 0.2365, 1.5744 1.1695 0.2041, 1.6017 1.1763 0.1774, 1.6342 1.1827 0.1589, 1.6692 1.1885 0.1493, 1.7068 1.1949 0.1487, 1.7438 1.2017 0.1578, 1.7768 1.2082 0.1758, 1.8033 1.214 0.2005, 1.8236 1.2204 0.232, 1.8354 1.2272 0.2683, 1.8375 1.2337 0.3059, 1.8304 1.2395 0.3415, 1.8143 1.2458 0.3751, 1.7897 1.2526 0.4043, 1.7587 1.2592 0.426, 1.7246 1.265 0.4387, 1.6878 1.2713 0.4427, 1.6501 1.278 0.4371, 1.6152 1.2847 0.4222, 1.5863 1.2906 0.3998, 1.5637 1.2967 0.3707, 1.5486 1.3034 0.3358, 1.5429 1.3101 0.2982, 1.5468 1.3162 0.2617, 1.5595 1.3222 0.2273, 1.6392 1.5008 0.1548, 1.6157 1.5008 0.1613, 1.619 1.4948 0.1662, 1.5885 1.4882 0.1886, 1.5646 1.4814 0.2183, 1.5493 1.4752 0.2522, 1.5431 1.4693 0.288, 1.5461 1.4628 0.3257, 1.5587 1.456 0.3617, 1.5796 1.4497 0.3926, 1.6067 1.4439 0.4167, 1.6401 1.4373 0.4339, 1.6774 1.4305 0.4422, 1.7149 1.4241 0.4407, 1.7496 1.4183 0.4303, 1.7817 1.4119 0.411, 1.8084 1.4051 0.3837, 1.8269 1.3986 0.3509, 1.8364 1.3928 0.3159, 1.8369 1.3865 0.2786, 1.8277 1.3797 0.2415, 1.8096 1.3731 0.2084, 1.7847 1.3673 0.1819, 1.7534 1.361 0.1619, 1.5917 0.652 0.3974, 1.5696 0.6581 0.3699, 1.5545 0.6647 0.3365, 1.5485 0.6715 0.3004, 1.5517 0.6776 0.265, 1.5634 0.6835 0.2319, 1.5837 0.6902 0.2016, 1.6113 0.6969 0.1774, 1.6432 0.7032 0.1614, 1.6774 0.709 0.1539, 1.7138 0.7156 0.1553, 1.7489 0.7224 0.166, 1.7795 0.7287 0.1848, 1.8038 0.7345 0.2099, 1.8217 0.741 0.2414, 1.8311 0.7478 0.2769, 1.8312 0.7542 0.313, 1.8226 0.76 0.3468, 1.8054 0.7664 0.3785, 1.7801 0.7732 0.4052, 1.7494 0.7797 0.4244, 1.7161 0.7855 0.4349, 1.6802 0.7919 0.4369, 1.6442 0.7987 0.4295, 1.6116 0.8052 0.4134, 1.5852 0.8111 0.3906, 1.5647 0.8173 0.3613, 1.552 0.8241 0.3268, 1.5485 0.8307 0.2905, 1.554 0.8366 0.2559, 1.5681 0.8428 0.2232, 1.5906 0.8495 0.1943, 1.6197 0.8562 0.1721, 1.6523 0.8622 0.1585, 1.6873 0.8682 0.1533, 1.7236 0.8749 0.1573, 1.7578 0.8816 0.1704, 1.7867 0.8877 0.191, 1.8094 0.8937 0.2179, 1.8252 0.9003 0.2508, 1.8321 0.9071 0.2869, 1.8297 0.9133 0.3225, 1.8188 0.9192 0.3557, 1.7992 0.9258 0.3864, 1.7722 0.9325 0.4113, 1.7405 0.9388 0.4281, 1.7065 0.9447 0.4363, 1.6703 0.9512 0.4358, 1.6349 0.958 0.4259, 1.6038 0.9644 0.4078, 1.5789 0.9702 0.3832, 1.5603 0.9766 0.3522, 1.5501 0.9834 0.3169, 1.5491 0.9899 0.2808, 1.557 0.9957 0.2468, 1.5734 1.0021 0.2148, 1.598 1.0088 0.1875, 1.6284 1.0154 0.1676, 1.6615 1.0212 0.1563, 1.6972 1.0275 0.1535, 1.7333 1.0343 0.16, 1.7664 1.0409 0.1754, 1.7934 1.0468 0.1976, 1.8145 1.0529 0.2264, 1.828 1.0597 0.2605, 1.8323 1.0664 0.2968, 1.8276 1.0723 0.3317, 1.8143 1.0784 0.3645, 1.7925 1.0851 0.3939, 1.7639 1.0918 0.4167, 1.7315 1.0979 0.4312, 1.6968 1.1039 0.4371, 1.6604 1.1105 0.434, 1.6258 1.1173 0.4217, 1.5964 1.1235 0.4017, 1.5732 1.1293 0.3754, 1.5566 1.1359 0.3429, 1.5489 1.1427 0.307, 1.5505 1.149 0.2712, 1.5606 1.1548 0.2378, 1.5794 1.1614 0.2067, 1.6059 1.1682 0.1812, 1.6373 1.1745 0.1636, 1.671 1.1803 0.1546, 1.7072 1.1868 0.1543, 1.7428 1.1936 0.1633, 1.7744 1.2 0.1809, 1.7998 1.2058 0.2048, 1.819 1.2122 0.2353, 1.8301 1.219 0.2703, 1.8319 1.2256 0.3065, 1.8248 1.2314 0.3408, 1.8092 1.2377 0.373, 1.7852 1.2444 0.4009, 1.7553 1.251 0.4215, 1.7224 1.2569 0.4336, 1.6869 1.2631 0.4372, 1.6506 1.2699 0.4316, 1.6172 1.2765 0.4169, 1.5895 1.2825 0.3952, 1.5679 1.2886 0.367, 1.5536 1.2953 0.3333, 1.5484 1.302 0.2971, 1.5524 1.308 0.2619, 1.7171 1.3461 0.1559, 1.7519 1.3529 0.1674, 1.782 1.3592 0.1868, 1.8057 1.365 0.2125, 1.8229 1.3715 0.2445, 1.8315 1.3783 0.2802, 1.8308 1.3847 0.3162, 1.8214 1.3905 0.3498, 1.8034 1.397 0.3812, 1.7775 1.4038 0.4073, 1.7464 1.4102 0.4257, 1.713 1.416 0.4354, 1.6769 1.4224 0.4366, 1.6411 1.4292 0.4284, 1.609 1.4357 0.4116, 1.583 1.4415 0.3882, 1.5632 1.4478 0.3583, 1.5512 1.4546 0.3235, 1.5486 1.4612 0.2873, 1.5549 1.4671 0.2528, 1.5698 1.4733 0.2203, 1.593 1.48 0.1919, 1.5931 0.6436 0.3944, 1.5716 0.6496 0.3673, 1.5572 0.6563 0.3345, 1.5516 0.663 0.2991, 1.555 0.6692 0.2645, 1.5667 0.6751 0.2322, 1.5868 0.6817 0.2028, 1.614 0.6885 0.1793, 1.6453 0.6947 0.1639, 1.6789 0.7006 0.1569, 1.7144 0.7071 0.1585, 1.7487 0.7139 0.1693, 1.7784 0.7202 0.1879, 1.802 0.726 0.2127, 1.8193 0.7326 0.2436, 1.8282 0.7394 0.2785, 1.828 0.7458 0.3137, 1.8193 0.7516 0.3467, 1.8022 0.758 0.3776, 1.7773 0.7648 0.4036, 1.7471 0.7713 0.422, 1.7144 0.7771 0.432, 1.6793 0.7834 0.4337, 1.6442 0.7902 0.4262, 1.6124 0.7968 0.4102, 1.5867 0.8026 0.3876, 1.5669 0.8089 0.3588, 1.5547 0.8156 0.325, 1.5516 0.8223 0.2895, 1.5573 0.8282 0.2556, 1.5713 0.8343 0.2238, 1.5936 0.8411 0.1957, 1.6223 0.8477 0.1743, 1.6542 0.8537 0.1612, 1.6885 0.8598 0.1564, 1.724 0.8665 0.1606, 1.7574 0.8732 0.1737, 1.7854 0.8793 0.1941, 1.8074 0.8852 0.2206, 1.8226 0.8919 0.2529, 1.829 0.8987 0.2882, 1.8264 0.9049 0.323, 1.8155 0.9107 0.3555, 1.7961 0.9173 0.3853, 1.7695 0.9241 0.4094, 1.7383 0.9304 0.4256, 1.7051 0.9362 0.4334, 1.6696 0.9427 0.4326, 1.635 0.9495 0.4226, 1.6047 0.9559 0.4046, 1.5807 0.9617 0.3804, 1.5627 0.9682 0.3499, 1.553 0.975 0.3153, 1.5524 0.9814 0.28, 1.5603 0.9872 0.2468, 1.5766 0.9936 0.2156, 1.6009 1.0004 0.1891, 1.6308 1.0069 0.1699, 1.6632 1.0128 0.1591, 1.6982 1.019 0.1566, 1.7335 1.0258 0.1633, 1.7657 1.0324 0.1786, 1.792 1.0383 0.2006, 1.8123 1.0445 0.2289, 1.8253 1.0512 0.2623, 1.8292 1.0579 0.2979, 1.8243 1.0639 0.332, 1.811 1.0699 0.364, 1.7894 1.0767 0.3926, 1.7613 1.0834 0.4147, 1.7295 1.0894 0.4285, 1.6955 1.0954 0.434, 1.6599 1.1021 0.4307, 1.6262 1.1088 0.4184, 1.5976 1.115 0.3986, 1.5751 1.1209 0.3727, 1.5592 1.1275 0.3408, 1.5519 1.1343 0.3056, 1.5537 1.1406 0.2706, 1.5639 1.1464 0.238, 1.5826 1.1529 0.2078, 1.6086 1.1597 0.183, 1.6395 1.1661 0.1661, 1.6725 1.1719 0.1576, 1.7079 1.1783 0.1575, 1.7427 1.1851 0.1667, 1.7735 1.1916 0.184, 1.7981 1.1974 0.2077, 1.8167 1.2038 0.2376, 1.8273 1.2106 0.272, 1.8287 1.2171 0.3074, 1.8215 1.2229 0.3408, 1.8059 1.2292 0.3723, 1.7823 1.236 0.3993, 1.7528 1.2426 0.4193, 1.7205 1.2485 0.4308, 1.6858 1.2547 0.4341, 1.6504 1.2614 0.4283, 1.6178 1.2681 0.4137, 1.5909 1.274 0.3922, 1.57 1.2801 0.3645, 1.5563 1.2868 0.3314, 1.5515 1.2935 0.2959, 1.682 1.331 0.1567, 1.7176 1.3377 0.1591, 1.7516 1.3444 0.1707, 1.7808 1.3507 0.1899, 1.8038 1.3565 0.2152, 1.8204 1.3631 0.2467, 1.8286 1.3699 0.2817, 1.8275 1.3762 0.3168, 1.8181 1.382 0.3497, 1.8002 1.3885 0.3802, 1.7747 1.3953 0.4056, 1.7442 1.4018 0.4233, 1.7113 1.4075 0.4325, 1.6761 1.414 0.4334, 1.6411 1.4208 0.4251, 1.6098 1.4273 0.4084, 1.5846 1.4331 0.3853, 1.5654 1.4394 0.3559, 1.5541 1.4462 0.3218, 1.5518 1.4528 0.2863, 1.5557 1.2996 0.2616, 1.5649 1.314 0.2289, 1.5812 1.3288 0.1961, 1.6059 1.3417 0.1661, 1.6377 1.3523 0.1417, 1.6761 1.3608 0.1236, 1.7223 1.3674 0.1162, 1.7717 1.3719 0.1221, 1.8183 1.3739 0.1421, 1.8579 1.3738 0.1749, 1.8886 1.3726 0.2205, 1.9044 1.3716 0.2747, 1.9039 1.3699 0.3305, 1.8878 1.3657 0.3826, 1.8564 1.3637 0.4289, 1.813 1.363 0.4642, 1.7631 1.3628 0.4841, 1.7131 1.3636 0.4886, 1.6642 1.367 0.4794, 1.6208 1.3728 0.4583, 1.5876 1.3805 0.4277, 1.5655 1.3897 0.3933, 1.552 1.4012 0.3563, 1.5475 1.4151 0.3185, 1.5503 1.4292 0.2828, 1.5594 1.4431 0.2507, 1.5746 1.4559 0.2205, 1.596 1.4716 0.1934, 1.6226 1.4867 0.1705, 1.653 1.5008 0.1535, 1.6251 1.4782 0.1727, 1.5976 1.4626 0.1933, 1.5746 1.4493 0.2194, 1.5576 1.4351 0.2489, 1.5463 1.4217 0.2815, 1.541 1.408 0.3187, 1.5449 1.396 0.3588, 1.5584 1.3863 0.3986, 1.5818 1.3793 0.4354, 1.6178 1.3738 0.4665, 1.6636 1.37 0.4881, 1.7149 1.3686 0.4962, 1.7664 1.3694 0.4896, 1.8165 1.3705 0.4671, 1.8593 1.3722 0.4297, 1.8889 1.3757 0.3815, 1.9027 1.378 0.3291, 1.9011 1.3794 0.2739, 1.883 1.3804 0.2214, 1.8518 1.3797 0.1781, 1.8124 1.3782 0.148, 1.7672 1.3742 0.1303, 1.7203 1.3674 0.1256, 1.677 1.3582 0.1334, 1.6407 1.3479 0.1492, 1.6102 1.3356 0.1715, 1.586 1.3207 0.1991, 1.5681 1.3056 0.2294, 1.6902 1.5008 0.1528, 1.6906 1.4987 0.1533, 1.6572 1.4842 0.1604, 1.6267 1.4693 0.1731, 1.598 1.4561 0.1923, 1.5733 1.4413 0.2172, 1.554 1.4275 0.2466, 1.54 1.4146 0.28, 1.5334 1.4028 0.3194, 1.5367 1.3926 0.3622, 1.5509 1.3851 0.4047, 1.5768 1.3803 0.4425, 1.615 1.3768 0.4748, 1.6635 1.375 0.4959, 1.7167 1.3752 0.5023, 1.7691 1.3769 0.4933, 1.8191 1.379 0.4685, 1.8606 1.3822 0.4289, 1.888 1.3838 0.3799, 1.8997 1.3858 0.3275, 1.8955 1.3872 0.2733, 1.8763 1.3863 0.2229, 1.8447 1.384 0.1823, 1.806 1.3804 0.1548, 1.7628 1.3742 0.139, 1.7187 1.3648 0.1354, 1.678 1.3538 0.1415, 1.6435 1.3417 0.1554, 1.6141 1.3274 0.1756, 1.589 1.3123 0.2004, 1.6167 1.319 0.1776, 1.6462 1.3336 0.1603, 1.6793 1.3476 0.1482, 1.7176 1.3604 0.1434, 1.7587 1.3716 0.148, 1.7996 1.3804 0.1621, 1.8368 1.3863 0.1873, 1.8683 1.3906 0.2252, 1.8886 1.3931 0.273, 1.8945 1.3935 0.3255, 1.8855 1.3916 0.3776, 1.8602 1.3903 0.4272, 1.8206 1.389 0.4682, 1.7712 1.3854 0.4954, 1.7184 1.3827 0.5065, 1.6637 1.3816 0.5023, 1.6129 1.3818 0.4822, 1.572 1.3834 0.4498, 1.5443 1.3861 0.4104, 1.5279 1.3914 0.3662, 1.5247 1.3994 0.3205, 1.5325 1.4094 0.2787, 1.5483 1.4204 0.2437, 1.5705 1.4338 0.2141, 1.5972 1.4481 0.1898, 1.6272 1.4627 0.1722, 1.6586 1.4752 0.1612, 1.6929 1.4813 0.1575, 1.6594 1.4686 0.1604, 1.6272 1.4547 0.1696, 1.5953 1.4405 0.1861, 1.5657 1.4266 0.2098, 1.5413 1.4152 0.2406, 1.5237 1.406 0.2776, 1.5152 1.3982 0.3221, 1.5201 1.3924 0.37, 1.5379 1.3892 0.4163, 1.5681 1.3883 0.4565, 1.6114 1.3884 0.4885, 1.6642 1.3891 0.5068, 1.72 1.3912 0.5091, 1.7728 1.3954 0.4954, 1.8206 1.3971 0.4664, 1.8584 1.3981 0.4243, 1.8809 1.3993 0.3744, 1.8879 1.3994 0.3236, 1.8804 1.3973 0.2732, 1.8594 1.3928 0.228, 1.8289 1.3862 0.1928, 1.7934 1.3778 0.1697, 1.7557 1.3672 0.1555, 1.7171 1.3543 0.1502, 1.6807 1.3395 0.1536, 1.6483 1.3252 0.1629, 1.5651 0.6346 0.4206
            ]
        }
        coordIndex [
            0,1,2,-1,0,2,3,-1,3,2,4,-1,3,4,5,-1,6,7,4,-1,4,7,8,-1,4,8,5,-1,9,10,11,-1,6,4,12,-1,12,4,13,-1,12,13,11,-1,11,13,14,-1,11,14,9,-1,15,16,17,-1,18,19,20,-1,21,22,23,-1,24,25,26,-1,27,28,29,-1,30,31,32,-1,33,34,35,-1,36,37,38,-1,37,39,38,-1,38,39,40,-1,38,40,41,-1,42,43,36,-1,44,45,46,-1,45,44,47,-1,47,44,48,-1,47,48,49,-1,50,51,52,-1,52,51,53,-1,52,53,54,-1,54,53,55,-1,56,57,58,-1,58,57,59,-1,58,59,60,-1,33,35,61,-1,62,63,64,-1,64,63,65,-1,64,65,66,-1,62,64,67,-1,67,64,68,-1,67,68,69,-1,31,70,32,-1,32,70,71,-1,32,71,72,-1,73,74,75,-1,75,74,76,-1,75,76,77,-1,77,78,75,-1,75,78,79,-1,75,79,80,-1,28,81,29,-1,29,81,82,-1,29,82,83,-1,24,26,84,-1,85,86,87,-1,88,89,90,-1,90,89,91,-1,90,91,92,-1,92,91,93,-1,92,93,94,-1,94,93,95,-1,94,95,96,-1,96,95,97,-1,96,97,98,-1,98,97,99,-1,98,99,100,-1,100,99,101,-1,100,101,102,-1,102,101,103,-1,102,103,104,-1,104,103,105,-1,104,105,106,-1,106,105,107,-1,106,107,108,-1,108,107,109,-1,108,109,110,-1,110,109,111,-1,110,111,112,-1,112,111,113,-1,112,113,114,-1,114,113,115,-1,114,115,116,-1,116,115,117,-1,116,117,118,-1,118,117,119,-1,118,119,120,-1,120,119,121,-1,120,121,122,-1,122,121,123,-1,122,123,124,-1,124,123,125,-1,124,125,126,-1,126,125,127,-1,126,127,128,-1,128,127,129,-1,128,129,130,-1,130,129,131,-1,130,131,132,-1,132,131,133,-1,132,133,134,-1,134,133,135,-1,134,135,136,-1,136,135,137,-1,136,137,138,-1,138,137,139,-1,138,139,140,-1,140,139,141,-1,140,141,142,-1,142,141,143,-1,142,143,144,-1,144,143,145,-1,144,145,146,-1,146,145,147,-1,146,147,148,-1,148,147,149,-1,148,149,150,-1,150,149,151,-1,150,151,152,-1,152,151,153,-1,152,153,154,-1,154,153,155,-1,154,155,156,-1,156,155,157,-1,156,157,158,-1,158,157,159,-1,158,159,160,-1,160,159,161,-1,160,161,162,-1,162,161,163,-1,162,163,164,-1,164,163,165,-1,164,165,166,-1,166,165,167,-1,166,167,168,-1,168,167,169,-1,168,169,170,-1,170,169,171,-1,170,171,172,-1,172,171,173,-1,172,173,174,-1,174,173,175,-1,174,175,176,-1,176,175,177,-1,176,177,178,-1,178,177,179,-1,178,179,180,-1,180,179,181,-1,180,181,182,-1,182,181,183,-1,182,183,184,-1,184,183,185,-1,184,185,186,-1,186,185,187,-1,186,187,188,-1,188,187,189,-1,188,189,190,-1,190,189,191,-1,190,191,192,-1,192,191,193,-1,192,193,194,-1,194,193,195,-1,194,195,196,-1,196,195,197,-1,196,197,198,-1,198,197,199,-1,198,199,200,-1,200,199,201,-1,200,201,202,-1,202,201,203,-1,202,203,204,-1,204,203,205,-1,204,205,206,-1,206,205,207,-1,206,207,208,-1,208,207,209,-1,208,209,210,-1,210,209,211,-1,210,211,212,-1,212,211,213,-1,212,213,214,-1,214,213,215,-1,214,215,216,-1,216,215,217,-1,216,217,218,-1,218,217,219,-1,218,219,220,-1,220,219,221,-1,220,221,222,-1,222,221,223,-1,222,223,224,-1,224,223,225,-1,224,225,226,-1,226,225,227,-1,226,227,228,-1,228,227,229,-1,228,229,230,-1,230,229,231,-1,230,231,232,-1,232,231,233,-1,232,233,234,-1,234,233,235,-1,234,235,236,-1,236,235,237,-1,236,237,238,-1,238,237,239,-1,238,239,240,-1,240,239,241,-1,240,241,242,-1,242,241,243,-1,242,243,244,-1,244,243,245,-1,244,245,246,-1,246,245,247,-1,246,247,248,-1,248,247,249,-1,248,249,250,-1,250,249,251,-1,250,251,252,-1,252,251,253,-1,252,253,254,-1,254,253,255,-1,254,255,256,-1,256,255,257,-1,256,257,258,-1,258,257,259,-1,258,259,260,-1,260,259,261,-1,260,261,262,-1,262,261,263,-1,262,263,264,-1,264,263,265,-1,264,265,266,-1,266,265,267,-1,266,267,268,-1,268,267,269,-1,268,269,270,-1,270,269,271,-1,270,271,272,-1,272,271,273,-1,272,273,274,-1,274,273,275,-1,274,275,276,-1,276,275,277,-1,276,277,278,-1,278,277,279,-1,278,279,280,-1,280,279,281,-1,280,281,282,-1,282,281,283,-1,282,283,284,-1,284,283,285,-1,284,285,286,-1,286,285,287,-1,286,287,288,-1,288,287,289,-1,288,289,290,-1,290,289,291,-1,290,291,292,-1,292,291,293,-1,292,293,294,-1,294,293,295,-1,294,295,296,-1,296,295,297,-1,296,297,298,-1,298,297,299,-1,298,299,300,-1,300,299,301,-1,300,301,302,-1,302,301,303,-1,302,303,304,-1,304,303,305,-1,304,305,306,-1,306,305,307,-1,306,307,308,-1,308,307,309,-1,308,309,310,-1,310,309,311,-1,310,311,312,-1,312,311,313,-1,312,313,314,-1,314,313,315,-1,314,315,316,-1,316,315,317,-1,316,317,318,-1,318,317,319,-1,318,319,320,-1,320,319,321,-1,320,321,322,-1,322,321,323,-1,322,323,324,-1,324,323,325,-1,324,325,326,-1,326,325,327,-1,326,327,328,-1,328,327,329,-1,328,329,330,-1,330,329,331,-1,330,331,332,-1,332,331,333,-1,332,333,334,-1,334,333,335,-1,334,335,336,-1,336,335,337,-1,336,337,338,-1,338,337,339,-1,338,339,340,-1,340,339,341,-1,340,341,342,-1,342,341,343,-1,342,343,17,-1,344,345,346,-1,89,347,91,-1,91,347,348,-1,91,348,93,-1,93,348,349,-1,93,349,95,-1,95,349,350,-1,95,350,97,-1,97,350,351,-1,97,351,99,-1,99,351,352,-1,99,352,101,-1,101,352,353,-1,101,353,103,-1,103,353,354,-1,103,354,105,-1,105,354,355,-1,105,355,107,-1,107,355,356,-1,107,356,109,-1,109,356,357,-1,109,357,111,-1,111,357,358,-1,111,358,113,-1,113,358,359,-1,113,359,115,-1,115,359,360,-1,115,360,117,-1,117,360,361,-1,117,361,119,-1,119,361,362,-1,119,362,121,-1,121,362,363,-1,121,363,123,-1,123,363,364,-1,123,364,125,-1,125,364,365,-1,125,365,127,-1,127,365,366,-1,127,366,129,-1,129,366,367,-1,129,367,131,-1,131,367,368,-1,131,368,133,-1,133,368,369,-1,133,369,135,-1,135,369,370,-1,135,370,137,-1,137,370,371,-1,137,371,139,-1,139,371,372,-1,139,372,141,-1,141,372,373,-1,141,373,143,-1,143,373,374,-1,143,374,145,-1,145,374,375,-1,145,375,147,-1,147,375,376,-1,147,376,149,-1,149,376,377,-1,149,377,151,-1,151,377,378,-1,151,378,153,-1,153,378,379,-1,153,379,155,-1,155,379,380,-1,155,380,157,-1,157,380,381,-1,157,381,159,-1,159,381,382,-1,159,382,161,-1,161,382,383,-1,161,383,163,-1,163,383,384,-1,163,384,165,-1,165,384,385,-1,165,385,167,-1,167,385,386,-1,167,386,169,-1,169,386,387,-1,169,387,171,-1,171,387,388,-1,171,388,173,-1,173,388,389,-1,173,389,175,-1,175,389,390,-1,175,390,177,-1,177,390,391,-1,177,391,179,-1,179,391,392,-1,179,392,181,-1,181,392,393,-1,181,393,183,-1,183,393,394,-1,183,394,185,-1,185,394,395,-1,185,395,187,-1,187,395,396,-1,187,396,189,-1,189,396,397,-1,189,397,191,-1,191,397,398,-1,191,398,193,-1,193,398,399,-1,193,399,195,-1,195,399,400,-1,195,400,197,-1,197,400,401,-1,197,401,199,-1,199,401,402,-1,199,402,201,-1,201,402,403,-1,201,403,203,-1,203,403,404,-1,203,404,205,-1,205,404,405,-1,205,405,207,-1,207,405,406,-1,207,406,209,-1,209,406,407,-1,209,407,211,-1,211,407,408,-1,211,408,213,-1,213,408,409,-1,213,409,215,-1,215,409,410,-1,215,410,217,-1,217,410,411,-1,217,411,219,-1,219,411,412,-1,219,412,221,-1,221,412,413,-1,221,413,223,-1,223,413,414,-1,223,414,225,-1,225,414,415,-1,225,415,227,-1,227,415,416,-1,227,416,229,-1,229,416,417,-1,229,417,231,-1,231,417,418,-1,231,418,233,-1,233,418,419,-1,233,419,235,-1,235,419,420,-1,235,420,237,-1,237,420,421,-1,237,421,239,-1,239,421,422,-1,239,422,241,-1,241,422,423,-1,241,423,243,-1,243,423,424,-1,243,424,245,-1,245,424,425,-1,245,425,247,-1,247,425,426,-1,247,426,249,-1,249,426,427,-1,249,427,251,-1,251,427,428,-1,251,428,253,-1,253,428,429,-1,253,429,255,-1,255,429,430,-1,255,430,257,-1,257,430,431,-1,257,431,259,-1,259,431,432,-1,259,432,261,-1,261,432,433,-1,261,433,263,-1,263,433,434,-1,263,434,265,-1,265,434,435,-1,265,435,267,-1,267,435,436,-1,267,436,269,-1,269,436,437,-1,269,437,271,-1,271,437,438,-1,271,438,273,-1,273,438,439,-1,273,439,275,-1,275,439,440,-1,275,440,277,-1,277,440,441,-1,277,441,279,-1,279,441,442,-1,279,442,281,-1,281,442,443,-1,281,443,283,-1,283,443,444,-1,283,444,285,-1,285,444,445,-1,285,445,287,-1,287,445,446,-1,287,446,289,-1,289,446,447,-1,289,447,291,-1,291,447,448,-1,291,448,293,-1,293,448,449,-1,293,449,295,-1,295,449,450,-1,295,450,297,-1,297,450,451,-1,297,451,299,-1,299,451,452,-1,299,452,301,-1,301,452,453,-1,301,453,303,-1,303,453,454,-1,303,454,305,-1,305,454,455,-1,305,455,307,-1,307,455,456,-1,307,456,309,-1,309,456,457,-1,309,457,311,-1,311,457,458,-1,311,458,313,-1,313,458,459,-1,313,459,315,-1,315,459,460,-1,315,460,317,-1,317,460,461,-1,317,461,319,-1,319,461,462,-1,319,462,321,-1,321,462,463,-1,321,463,323,-1,323,463,464,-1,323,464,325,-1,325,464,465,-1,325,465,327,-1,327,465,466,-1,327,466,329,-1,329,466,467,-1,329,467,331,-1,331,467,468,-1,331,468,333,-1,333,468,469,-1,333,469,335,-1,335,469,470,-1,335,470,337,-1,337,470,471,-1,337,471,339,-1,339,471,472,-1,339,472,341,-1,341,472,473,-1,341,473,343,-1,474,345,475,-1,475,345,344,-1,475,344,476,-1,347,477,348,-1,348,477,478,-1,348,478,349,-1,349,478,479,-1,349,479,350,-1,350,479,480,-1,350,480,351,-1,351,480,481,-1,351,481,352,-1,352,481,482,-1,352,482,353,-1,353,482,483,-1,353,483,354,-1,354,483,484,-1,354,484,355,-1,355,484,485,-1,355,485,356,-1,356,485,486,-1,356,486,357,-1,357,486,487,-1,357,487,358,-1,358,487,488,-1,358,488,359,-1,359,488,489,-1,359,489,360,-1,360,489,490,-1,360,490,361,-1,361,490,491,-1,361,491,362,-1,362,491,492,-1,362,492,363,-1,363,492,493,-1,363,493,364,-1,364,493,494,-1,364,494,365,-1,365,494,495,-1,365,495,366,-1,366,495,496,-1,366,496,367,-1,367,496,497,-1,367,497,368,-1,368,497,498,-1,368,498,369,-1,369,498,499,-1,369,499,370,-1,370,499,500,-1,370,500,371,-1,371,500,501,-1,371,501,372,-1,372,501,502,-1,372,502,373,-1,373,502,503,-1,373,503,374,-1,374,503,504,-1,374,504,375,-1,375,504,505,-1,375,505,376,-1,376,505,506,-1,376,506,377,-1,377,506,507,-1,377,507,378,-1,378,507,508,-1,378,508,379,-1,379,508,509,-1,379,509,380,-1,380,509,510,-1,380,510,381,-1,381,510,511,-1,381,511,382,-1,382,511,512,-1,382,512,383,-1,383,512,513,-1,383,513,384,-1,384,513,514,-1,384,514,385,-1,385,514,515,-1,385,515,386,-1,386,515,516,-1,386,516,387,-1,387,516,517,-1,387,517,388,-1,388,517,518,-1,388,518,389,-1,389,518,519,-1,389,519,390,-1,390,519,520,-1,390,520,391,-1,391,520,521,-1,391,521,392,-1,392,521,522,-1,392,522,393,-1,393,522,523,-1,393,523,394,-1,394,523,524,-1,394,524,395,-1,395,524,525,-1,395,525,396,-1,396,525,526,-1,396,526,397,-1,397,526,527,-1,397,527,398,-1,398,527,528,-1,398,528,399,-1,399,528,529,-1,399,529,400,-1,400,529,530,-1,400,530,401,-1,401,530,531,-1,401,531,402,-1,402,531,532,-1,402,532,403,-1,403,532,533,-1,403,533,404,-1,404,533,534,-1,404,534,405,-1,405,534,535,-1,405,535,406,-1,406,535,536,-1,406,536,407,-1,407,536,537,-1,407,537,408,-1,408,537,538,-1,408,538,409,-1,409,538,539,-1,409,539,410,-1,410,539,540,-1,410,540,411,-1,411,540,541,-1,411,541,412,-1,412,541,542,-1,412,542,413,-1,413,542,543,-1,413,543,414,-1,414,543,544,-1,414,544,415,-1,415,544,545,-1,415,545,416,-1,416,545,546,-1,416,546,417,-1,417,546,547,-1,417,547,418,-1,418,547,548,-1,418,548,419,-1,419,548,549,-1,419,549,420,-1,420,549,550,-1,420,550,421,-1,421,550,551,-1,421,551,422,-1,422,551,552,-1,422,552,423,-1,423,552,553,-1,423,553,424,-1,424,553,554,-1,424,554,425,-1,425,554,555,-1,425,555,426,-1,426,555,556,-1,426,556,427,-1,427,556,557,-1,427,557,428,-1,428,557,558,-1,428,558,429,-1,429,558,559,-1,429,559,430,-1,430,559,560,-1,430,560,431,-1,431,560,561,-1,431,561,432,-1,432,561,562,-1,432,562,433,-1,433,562,563,-1,433,563,434,-1,434,563,564,-1,434,564,435,-1,435,564,565,-1,435,565,436,-1,436,565,566,-1,436,566,437,-1,437,566,567,-1,437,567,438,-1,438,567,568,-1,438,568,439,-1,439,568,569,-1,439,569,440,-1,440,569,570,-1,440,570,441,-1,441,570,571,-1,441,571,442,-1,442,571,572,-1,442,572,443,-1,443,572,573,-1,443,573,444,-1,444,573,574,-1,444,574,445,-1,445,574,575,-1,445,575,446,-1,446,575,576,-1,446,576,447,-1,447,576,577,-1,447,577,448,-1,448,577,578,-1,448,578,449,-1,449,578,579,-1,449,579,450,-1,450,579,580,-1,450,580,451,-1,451,580,581,-1,451,581,452,-1,452,581,582,-1,452,582,453,-1,453,582,583,-1,453,583,454,-1,454,583,584,-1,454,584,455,-1,455,584,585,-1,455,585,456,-1,456,585,586,-1,456,586,457,-1,457,586,587,-1,457,587,458,-1,458,587,588,-1,458,588,459,-1,459,588,589,-1,459,589,460,-1,460,589,590,-1,460,590,461,-1,461,590,591,-1,461,591,462,-1,462,591,592,-1,462,592,463,-1,463,592,593,-1,463,593,464,-1,464,593,594,-1,464,594,465,-1,465,594,595,-1,465,595,466,-1,466,595,596,-1,466,596,467,-1,467,596,597,-1,467,597,468,-1,468,597,598,-1,468,598,469,-1,469,598,599,-1,469,599,470,-1,470,599,600,-1,470,600,471,-1,471,600,601,-1,471,601,472,-1,472,601,602,-1,472,602,473,-1,603,474,604,-1,604,474,475,-1,604,475,605,-1,605,475,476,-1,605,476,606,-1,477,607,478,-1,478,607,608,-1,478,608,479,-1,479,608,609,-1,479,609,480,-1,480,609,610,-1,480,610,481,-1,481,610,611,-1,481,611,482,-1,482,611,612,-1,482,612,483,-1,483,612,613,-1,483,613,484,-1,484,613,614,-1,484,614,485,-1,485,614,615,-1,485,615,486,-1,486,615,616,-1,486,616,487,-1,487,616,617,-1,487,617,488,-1,488,617,618,-1,488,618,489,-1,489,618,619,-1,489,619,490,-1,490,619,620,-1,490,620,491,-1,491,620,621,-1,491,621,492,-1,492,621,622,-1,492,622,493,-1,493,622,623,-1,493,623,494,-1,494,623,624,-1,494,624,495,-1,495,624,625,-1,495,625,496,-1,496,625,626,-1,496,626,497,-1,497,626,627,-1,497,627,498,-1,498,627,628,-1,498,628,499,-1,499,628,629,-1,499,629,500,-1,500,629,630,-1,500,630,501,-1,501,630,631,-1,501,631,502,-1,502,631,632,-1,502,632,503,-1,503,632,633,-1,503,633,504,-1,504,633,634,-1,504,634,505,-1,505,634,635,-1,505,635,506,-1,506,635,636,-1,506,636,507,-1,507,636,637,-1,507,637,508,-1,508,637,638,-1,508,638,509,-1,509,638,639,-1,509,639,510,-1,510,639,640,-1,510,640,511,-1,511,640,641,-1,511,641,512,-1,512,641,642,-1,512,642,513,-1,513,642,643,-1,513,643,514,-1,514,643,644,-1,514,644,515,-1,515,644,645,-1,515,645,516,-1,516,645,646,-1,516,646,517,-1,517,646,647,-1,517,647,518,-1,518,647,648,-1,518,648,519,-1,519,648,649,-1,519,649,520,-1,520,649,650,-1,520,650,521,-1,521,650,651,-1,521,651,522,-1,522,651,652,-1,522,652,523,-1,523,652,653,-1,523,653,524,-1,524,653,654,-1,524,654,525,-1,525,654,655,-1,525,655,526,-1,526,655,656,-1,526,656,527,-1,527,656,657,-1,527,657,528,-1,528,657,658,-1,528,658,529,-1,529,658,659,-1,529,659,530,-1,530,659,660,-1,530,660,531,-1,531,660,661,-1,531,661,532,-1,532,661,662,-1,532,662,533,-1,533,662,663,-1,533,663,534,-1,534,663,664,-1,534,664,535,-1,535,664,665,-1,535,665,536,-1,536,665,666,-1,536,666,537,-1,537,666,667,-1,537,667,538,-1,538,667,668,-1,538,668,539,-1,539,668,669,-1,539,669,540,-1,540,669,670,-1,540,670,541,-1,541,670,671,-1,541,671,542,-1,542,671,672,-1,542,672,543,-1,543,672,673,-1,543,673,544,-1,544,673,674,-1,544,674,545,-1,545,674,675,-1,545,675,546,-1,546,675,676,-1,546,676,547,-1,547,676,677,-1,547,677,548,-1,548,677,678,-1,548,678,549,-1,549,678,679,-1,549,679,550,-1,550,679,680,-1,550,680,551,-1,551,680,681,-1,551,681,552,-1,552,681,682,-1,552,682,553,-1,553,682,683,-1,553,683,554,-1,554,683,684,-1,554,684,555,-1,555,684,685,-1,555,685,556,-1,556,685,686,-1,556,686,557,-1,557,686,687,-1,557,687,558,-1,558,687,688,-1,558,688,559,-1,559,688,689,-1,559,689,560,-1,560,689,690,-1,560,690,561,-1,561,690,691,-1,561,691,562,-1,562,691,692,-1,562,692,563,-1,563,692,693,-1,563,693,564,-1,564,693,694,-1,564,694,565,-1,565,694,695,-1,565,695,566,-1,566,695,696,-1,566,696,567,-1,567,696,697,-1,567,697,568,-1,568,697,698,-1,568,698,569,-1,569,698,699,-1,569,699,570,-1,570,699,700,-1,570,700,571,-1,571,700,701,-1,571,701,572,-1,572,701,702,-1,572,702,573,-1,573,702,703,-1,573,703,574,-1,574,703,704,-1,574,704,575,-1,575,704,705,-1,575,705,576,-1,576,705,706,-1,576,706,577,-1,577,706,707,-1,577,707,578,-1,578,707,708,-1,578,708,579,-1,579,708,709,-1,579,709,580,-1,580,709,710,-1,580,710,581,-1,581,710,711,-1,581,711,582,-1,582,711,712,-1,582,712,583,-1,583,712,713,-1,583,713,584,-1,584,713,714,-1,584,714,585,-1,585,714,715,-1,585,715,586,-1,586,715,716,-1,586,716,587,-1,587,716,717,-1,587,717,588,-1,588,717,718,-1,588,718,589,-1,589,718,719,-1,589,719,590,-1,590,719,720,-1,590,720,591,-1,591,720,721,-1,591,721,592,-1,592,721,722,-1,592,722,593,-1,593,722,723,-1,593,723,594,-1,594,723,724,-1,594,724,595,-1,595,724,725,-1,595,725,596,-1,596,725,726,-1,596,726,597,-1,597,726,727,-1,597,727,598,-1,598,727,728,-1,598,728,599,-1,599,728,729,-1,599,729,600,-1,600,729,730,-1,600,730,601,-1,601,730,731,-1,601,731,602,-1,732,603,733,-1,733,603,604,-1,733,604,734,-1,734,604,605,-1,734,605,735,-1,735,605,606,-1,735,606,736,-1,607,737,608,-1,608,737,738,-1,608,738,609,-1,609,738,739,-1,609,739,610,-1,610,739,740,-1,610,740,611,-1,611,740,741,-1,611,741,612,-1,612,741,742,-1,612,742,613,-1,613,742,743,-1,613,743,614,-1,614,743,744,-1,614,744,615,-1,615,744,745,-1,615,745,616,-1,616,745,746,-1,616,746,617,-1,617,746,747,-1,617,747,618,-1,618,747,748,-1,618,748,619,-1,619,748,749,-1,619,749,620,-1,620,749,750,-1,620,750,621,-1,621,750,751,-1,621,751,622,-1,622,751,752,-1,622,752,623,-1,623,752,753,-1,623,753,624,-1,624,753,754,-1,624,754,625,-1,625,754,755,-1,625,755,626,-1,626,755,756,-1,626,756,627,-1,627,756,757,-1,627,757,628,-1,628,757,758,-1,628,758,629,-1,629,758,759,-1,629,759,630,-1,630,759,760,-1,630,760,631,-1,631,760,761,-1,631,761,632,-1,632,761,762,-1,632,762,633,-1,633,762,763,-1,633,763,634,-1,634,763,764,-1,634,764,635,-1,635,764,765,-1,635,765,636,-1,636,765,766,-1,636,766,637,-1,637,766,767,-1,637,767,638,-1,638,767,768,-1,638,768,639,-1,639,768,769,-1,639,769,640,-1,640,769,770,-1,640,770,641,-1,641,770,771,-1,641,771,642,-1,642,771,772,-1,642,772,643,-1,643,772,773,-1,643,773,644,-1,644,773,774,-1,644,774,645,-1,645,774,775,-1,645,775,646,-1,646,775,776,-1,646,776,647,-1,647,776,777,-1,647,777,648,-1,648,777,778,-1,648,778,649,-1,649,778,779,-1,649,779,650,-1,650,779,780,-1,650,780,651,-1,651,780,781,-1,651,781,652,-1,652,781,782,-1,652,782,653,-1,653,782,783,-1,653,783,654,-1,654,783,784,-1,654,784,655,-1,655,784,785,-1,655,785,656,-1,656,785,786,-1,656,786,657,-1,657,786,787,-1,657,787,658,-1,658,787,788,-1,658,788,659,-1,659,788,789,-1,659,789,660,-1,660,789,790,-1,660,790,661,-1,661,790,791,-1,661,791,662,-1,662,791,792,-1,662,792,663,-1,663,792,793,-1,663,793,664,-1,664,793,794,-1,664,794,665,-1,665,794,795,-1,665,795,666,-1,666,795,796,-1,666,796,667,-1,667,796,797,-1,667,797,668,-1,668,797,798,-1,668,798,669,-1,669,798,799,-1,669,799,670,-1,670,799,800,-1,670,800,671,-1,671,800,801,-1,671,801,672,-1,672,801,802,-1,672,802,673,-1,673,802,803,-1,673,803,674,-1,674,803,804,-1,674,804,675,-1,675,804,805,-1,675,805,676,-1,676,805,806,-1,676,806,677,-1,677,806,807,-1,677,807,678,-1,678,807,808,-1,678,808,679,-1,679,808,809,-1,679,809,680,-1,680,809,810,-1,680,810,681,-1,681,810,811,-1,681,811,682,-1,682,811,812,-1,682,812,683,-1,683,812,813,-1,683,813,684,-1,684,813,814,-1,684,814,685,-1,685,814,815,-1,685,815,686,-1,686,815,816,-1,686,816,687,-1,687,816,817,-1,687,817,688,-1,688,817,818,-1,688,818,689,-1,689,818,819,-1,689,819,690,-1,690,819,820,-1,690,820,691,-1,691,820,821,-1,691,821,692,-1,692,821,822,-1,692,822,693,-1,693,822,823,-1,693,823,694,-1,694,823,824,-1,694,824,695,-1,695,824,825,-1,695,825,696,-1,696,825,826,-1,696,826,697,-1,697,826,827,-1,697,827,698,-1,698,827,828,-1,698,828,699,-1,699,828,829,-1,699,829,700,-1,700,829,830,-1,700,830,701,-1,701,830,831,-1,701,831,702,-1,702,831,832,-1,702,832,703,-1,703,832,833,-1,703,833,704,-1,704,833,834,-1,704,834,705,-1,705,834,835,-1,705,835,706,-1,706,835,836,-1,706,836,707,-1,707,836,837,-1,707,837,708,-1,708,837,838,-1,708,838,709,-1,709,838,839,-1,709,839,710,-1,710,839,840,-1,710,840,711,-1,711,840,841,-1,711,841,712,-1,712,841,842,-1,712,842,713,-1,713,842,843,-1,713,843,714,-1,714,843,844,-1,714,844,715,-1,715,844,845,-1,715,845,716,-1,716,845,846,-1,716,846,717,-1,717,846,847,-1,717,847,718,-1,718,847,848,-1,718,848,719,-1,719,848,849,-1,719,849,720,-1,720,849,850,-1,720,850,721,-1,721,850,851,-1,721,851,722,-1,722,851,852,-1,722,852,723,-1,723,852,853,-1,723,853,724,-1,724,853,854,-1,724,854,725,-1,725,854,855,-1,725,855,726,-1,726,855,856,-1,726,856,727,-1,727,856,857,-1,727,857,728,-1,728,857,858,-1,728,858,729,-1,729,858,859,-1,729,859,730,-1,730,859,860,-1,730,860,731,-1,861,732,862,-1,862,732,733,-1,862,733,863,-1,863,733,734,-1,863,734,864,-1,864,734,735,-1,864,735,865,-1,865,735,736,-1,865,736,866,-1,737,867,738,-1,738,867,868,-1,738,868,739,-1,739,868,869,-1,739,869,740,-1,740,869,870,-1,740,870,741,-1,741,870,871,-1,741,871,742,-1,742,871,872,-1,742,872,743,-1,743,872,873,-1,743,873,744,-1,744,873,874,-1,744,874,745,-1,745,874,875,-1,745,875,746,-1,746,875,876,-1,746,876,747,-1,747,876,877,-1,747,877,748,-1,748,877,878,-1,748,878,749,-1,749,878,879,-1,749,879,750,-1,750,879,880,-1,750,880,751,-1,751,880,881,-1,751,881,752,-1,752,881,882,-1,752,882,753,-1,753,882,883,-1,753,883,754,-1,754,883,884,-1,754,884,755,-1,755,884,885,-1,755,885,756,-1,756,885,886,-1,756,886,757,-1,757,886,887,-1,757,887,758,-1,758,887,888,-1,758,888,759,-1,759,888,889,-1,759,889,760,-1,760,889,890,-1,760,890,761,-1,761,890,891,-1,761,891,762,-1,762,891,892,-1,762,892,763,-1,763,892,893,-1,763,893,764,-1,764,893,894,-1,764,894,765,-1,765,894,895,-1,765,895,766,-1,766,895,896,-1,766,896,767,-1,767,896,897,-1,767,897,768,-1,768,897,898,-1,768,898,769,-1,769,898,899,-1,769,899,770,-1,770,899,900,-1,770,900,771,-1,771,900,901,-1,771,901,772,-1,772,901,902,-1,772,902,773,-1,773,902,903,-1,773,903,774,-1,774,903,904,-1,774,904,775,-1,775,904,905,-1,775,905,776,-1,776,905,906,-1,776,906,777,-1,777,906,907,-1,777,907,778,-1,778,907,908,-1,778,908,779,-1,779,908,909,-1,779,909,780,-1,780,909,910,-1,780,910,781,-1,781,910,911,-1,781,911,782,-1,782,911,912,-1,782,912,783,-1,783,912,913,-1,783,913,784,-1,784,913,914,-1,784,914,785,-1,785,914,915,-1,785,915,786,-1,786,915,916,-1,786,916,787,-1,787,916,917,-1,787,917,788,-1,788,917,918,-1,788,918,789,-1,789,918,919,-1,789,919,790,-1,790,919,920,-1,790,920,791,-1,791,920,921,-1,791,921,792,-1,792,921,922,-1,792,922,793,-1,793,922,923,-1,793,923,794,-1,794,923,924,-1,794,924,795,-1,795,924,925,-1,795,925,796,-1,796,925,926,-1,796,926,797,-1,797,926,927,-1,797,927,798,-1,798,927,928,-1,798,928,799,-1,799,928,929,-1,799,929,800,-1,800,929,930,-1,800,930,801,-1,801,930,931,-1,801,931,802,-1,802,931,932,-1,802,932,803,-1,803,932,933,-1,803,933,804,-1,804,933,934,-1,804,934,805,-1,805,934,935,-1,805,935,806,-1,806,935,936,-1,806,936,807,-1,807,936,937,-1,807,937,808,-1,808,937,938,-1,808,938,809,-1,809,938,939,-1,809,939,810,-1,810,939,940,-1,810,940,811,-1,811,940,941,-1,811,941,812,-1,812,941,942,-1,812,942,813,-1,813,942,943,-1,813,943,814,-1,814,943,944,-1,814,944,815,-1,815,944,945,-1,815,945,816,-1,816,945,946,-1,816,946,817,-1,817,946,947,-1,817,947,818,-1,818,947,948,-1,818,948,819,-1,819,948,949,-1,819,949,820,-1,820,949,950,-1,820,950,821,-1,821,950,951,-1,821,951,822,-1,822,951,952,-1,822,952,823,-1,823,952,953,-1,823,953,824,-1,824,953,954,-1,824,954,825,-1,825,954,955,-1,825,955,826,-1,826,955,956,-1,826,956,827,-1,827,956,957,-1,827,957,828,-1,828,957,958,-1,828,958,829,-1,829,958,959,-1,829,959,830,-1,830,959,960,-1,830,960,831,-1,831,960,961,-1,831,961,832,-1,832,961,962,-1,832,962,833,-1,833,962,963,-1,833,963,834,-1,834,963,964,-1,834,964,835,-1,835,964,965,-1,835,965,836,-1,836,965,966,-1,836,966,837,-1,837,966,967,-1,837,967,838,-1,838,967,968,-1,838,968,839,-1,839,968,969,-1,839,969,840,-1,840,969,970,-1,840,970,841,-1,841,970,971,-1,841,971,842,-1,842,971,972,-1,842,972,843,-1,843,972,973,-1,843,973,844,-1,844,973,974,-1,844,974,845,-1,845,974,975,-1,845,975,846,-1,846,975,976,-1,846,976,847,-1,847,976,977,-1,847,977,848,-1,848,977,978,-1,848,978,849,-1,849,978,979,-1,849,979,850,-1,850,979,980,-1,850,980,851,-1,851,980,981,-1,851,981,852,-1,852,981,982,-1,852,982,853,-1,853,982,983,-1,853,983,854,-1,854,983,984,-1,854,984,855,-1,855,984,985,-1,855,985,856,-1,856,985,986,-1,856,986,857,-1,857,986,987,-1,857,987,858,-1,858,987,988,-1,858,988,859,-1,859,988,989,-1,859,989,860,-1,990,861,991,-1,991,861,862,-1,991,862,992,-1,992,862,863,-1,992,863,993,-1,993,863,864,-1,993,864,994,-1,994,864,865,-1,994,865,995,-1,995,865,866,-1,995,866,996,-1,867,997,868,-1,868,997,998,-1,868,998,869,-1,869,998,999,-1,869,999,870,-1,870,999,1000,-1,870,1000,871,-1,871,1000,1001,-1,871,1001,872,-1,872,1001,1002,-1,872,1002,873,-1,873,1002,1003,-1,873,1003,874,-1,874,1003,1004,-1,874,1004,875,-1,875,1004,1005,-1,875,1005,876,-1,876,1005,1006,-1,876,1006,877,-1,877,1006,1007,-1,877,1007,878,-1,878,1007,1008,-1,878,1008,879,-1,879,1008,1009,-1,879,1009,880,-1,880,1009,1010,-1,880,1010,881,-1,881,1010,1011,-1,881,1011,882,-1,882,1011,1012,-1,882,1012,883,-1,883,1012,1013,-1,883,1013,884,-1,884,1013,1014,-1,884,1014,885,-1,885,1014,1015,-1,885,1015,886,-1,886,1015,1016,-1,886,1016,887,-1,887,1016,1017,-1,887,1017,888,-1,888,1017,1018,-1,888,1018,889,-1,889,1018,1019,-1,889,1019,890,-1,890,1019,1020,-1,890,1020,891,-1,891,1020,1021,-1,891,1021,892,-1,892,1021,1022,-1,892,1022,893,-1,893,1022,1023,-1,893,1023,894,-1,894,1023,1024,-1,894,1024,895,-1,895,1024,1025,-1,895,1025,896,-1,896,1025,1026,-1,896,1026,897,-1,897,1026,1027,-1,897,1027,898,-1,898,1027,1028,-1,898,1028,899,-1,899,1028,1029,-1,899,1029,900,-1,900,1029,1030,-1,900,1030,901,-1,901,1030,1031,-1,901,1031,902,-1,902,1031,1032,-1,902,1032,903,-1,903,1032,1033,-1,903,1033,904,-1,904,1033,1034,-1,904,1034,905,-1,905,1034,1035,-1,905,1035,906,-1,906,1035,1036,-1,906,1036,907,-1,907,1036,1037,-1,907,1037,908,-1,908,1037,1038,-1,908,1038,909,-1,909,1038,1039,-1,909,1039,910,-1,910,1039,1040,-1,910,1040,911,-1,911,1040,1041,-1,911,1041,912,-1,912,1041,1042,-1,912,1042,913,-1,913,1042,1043,-1,913,1043,914,-1,914,1043,1044,-1,914,1044,915,-1,915,1044,1045,-1,915,1045,916,-1,916,1045,1046,-1,916,1046,917,-1,917,1046,1047,-1,917,1047,918,-1,918,1047,1048,-1,918,1048,919,-1,919,1048,1049,-1,919,1049,920,-1,920,1049,1050,-1,920,1050,921,-1,921,1050,1051,-1,921,1051,922,-1,922,1051,1052,-1,922,1052,923,-1,923,1052,1053,-1,923,1053,924,-1,924,1053,1054,-1,924,1054,925,-1,925,1054,1055,-1,925,1055,926,-1,926,1055,1056,-1,926,1056,927,-1,927,1056,1057,-1,927,1057,928,-1,928,1057,1058,-1,928,1058,929,-1,929,1058,1059,-1,929,1059,930,-1,930,1059,1060,-1,930,1060,931,-1,931,1060,1061,-1,931,1061,932,-1,932,1061,1062,-1,932,1062,933,-1,933,1062,1063,-1,933,1063,934,-1,934,1063,1064,-1,934,1064,935,-1,935,1064,1065,-1,935,1065,936,-1,936,1065,1066,-1,936,1066,937,-1,937,1066,1067,-1,937,1067,938,-1,938,1067,1068,-1,938,1068,939,-1,939,1068,1069,-1,939,1069,940,-1,940,1069,1070,-1,940,1070,941,-1,941,1070,1071,-1,941,1071,942,-1,942,1071,1072,-1,942,1072,943,-1,943,1072,1073,-1,943,1073,944,-1,944,1073,1074,-1,944,1074,945,-1,945,1074,1075,-1,945,1075,946,-1,946,1075,1076,-1,946,1076,947,-1,947,1076,1077,-1,947,1077,948,-1,948,1077,1078,-1,948,1078,949,-1,949,1078,1079,-1,949,1079,950,-1,950,1079,1080,-1,950,1080,951,-1,951,1080,1081,-1,951,1081,952,-1,952,1081,1082,-1,952,1082,953,-1,953,1082,1083,-1,953,1083,954,-1,954,1083,1084,-1,954,1084,955,-1,955,1084,1085,-1,955,1085,956,-1,956,1085,1086,-1,956,1086,957,-1,957,1086,1087,-1,957,1087,958,-1,958,1087,1088,-1,958,1088,959,-1,959,1088,1089,-1,959,1089,960,-1,960,1089,1090,-1,960,1090,961,-1,961,1090,1091,-1,961,1091,962,-1,962,1091,1092,-1,962,1092,963,-1,963,1092,1093,-1,963,1093,964,-1,964,1093,1094,-1,964,1094,965,-1,965,1094,1095,-1,965,1095,966,-1,966,1095,1096,-1,966,1096,967,-1,967,1096,1097,-1,967,1097,968,-1,968,1097,1098,-1,968,1098,969,-1,969,1098,1099,-1,969,1099,970,-1,970,1099,1100,-1,970,1100,971,-1,971,1100,1101,-1,971,1101,972,-1,972,1101,1102,-1,972,1102,973,-1,973,1102,1103,-1,973,1103,974,-1,974,1103,1104,-1,974,1104,975,-1,975,1104,1105,-1,975,1105,976,-1,976,1105,1106,-1,976,1106,977,-1,977,1106,1107,-1,977,1107,978,-1,978,1107,1108,-1,978,1108,979,-1,979,1108,1109,-1,979,1109,980,-1,980,1109,1110,-1,980,1110,981,-1,981,1110,1111,-1,981,1111,982,-1,982,1111,1112,-1,982,1112,983,-1,983,1112,1113,-1,983,1113,984,-1,984,1113,1114,-1,984,1114,985,-1,985,1114,1115,-1,985,1115,986,-1,986,1115,1116,-1,986,1116,987,-1,987,1116,1117,-1,987,1117,988,-1,988,1117,1118,-1,988,1118,989,-1,1119,990,1120,-1,1120,990,991,-1,1120,991,1121,-1,1121,991,992,-1,1121,992,1122,-1,1122,992,993,-1,1122,993,1123,-1,1123,993,994,-1,1123,994,1124,-1,1124,994,995,-1,1124,995,1125,-1,1125,995,996,-1,1125,996,1126,-1,997,1127,998,-1,998,1127,1128,-1,998,1128,999,-1,999,1128,1129,-1,999,1129,1000,-1,1000,1129,1130,-1,1000,1130,1001,-1,1001,1130,1131,-1,1001,1131,1002,-1,1002,1131,1132,-1,1002,1132,1003,-1,1003,1132,1133,-1,1003,1133,1004,-1,1004,1133,1134,-1,1004,1134,1005,-1,1005,1134,1135,-1,1005,1135,1006,-1,1006,1135,1136,-1,1006,1136,1007,-1,1007,1136,1137,-1,1007,1137,1008,-1,1008,1137,1138,-1,1008,1138,1009,-1,1009,1138,1139,-1,1009,1139,1010,-1,1010,1139,1140,-1,1010,1140,1011,-1,1011,1140,1141,-1,1011,1141,1012,-1,1012,1141,1142,-1,1012,1142,1013,-1,1013,1142,1143,-1,1013,1143,1014,-1,1014,1143,1144,-1,1014,1144,1015,-1,1015,1144,1145,-1,1015,1145,1016,-1,1016,1145,1146,-1,1016,1146,1017,-1,1017,1146,1147,-1,1017,1147,1018,-1,1018,1147,1148,-1,1018,1148,1019,-1,1019,1148,1149,-1,1019,1149,1020,-1,1020,1149,1150,-1,1020,1150,1021,-1,1021,1150,1151,-1,1021,1151,1022,-1,1022,1151,1152,-1,1022,1152,1023,-1,1023,1152,1153,-1,1023,1153,1024,-1,1024,1153,1154,-1,1024,1154,1025,-1,1025,1154,1155,-1,1025,1155,1026,-1,1026,1155,1156,-1,1026,1156,1027,-1,1027,1156,1157,-1,1027,1157,1028,-1,1028,1157,1158,-1,1028,1158,1029,-1,1029,1158,1159,-1,1029,1159,1030,-1,1030,1159,1160,-1,1030,1160,1031,-1,1031,1160,1161,-1,1031,1161,1032,-1,1032,1161,1162,-1,1032,1162,1033,-1,1033,1162,1163,-1,1033,1163,1034,-1,1034,1163,1164,-1,1034,1164,1035,-1,1035,1164,1165,-1,1035,1165,1036,-1,1036,1165,1166,-1,1036,1166,1037,-1,1037,1166,1167,-1,1037,1167,1038,-1,1038,1167,1168,-1,1038,1168,1039,-1,1039,1168,1169,-1,1039,1169,1040,-1,1040,1169,1170,-1,1040,1170,1041,-1,1041,1170,1171,-1,1041,1171,1042,-1,1042,1171,1172,-1,1042,1172,1043,-1,1043,1172,1173,-1,1043,1173,1044,-1,1044,1173,1174,-1,1044,1174,1045,-1,1045,1174,1175,-1,1045,1175,1046,-1,1046,1175,1176,-1,1046,1176,1047,-1,1047,1176,1177,-1,1047,1177,1048,-1,1048,1177,1178,-1,1048,1178,1049,-1,1049,1178,1179,-1,1049,1179,1050,-1,1050,1179,1180,-1,1050,1180,1051,-1,1051,1180,1181,-1,1051,1181,1052,-1,1052,1181,1182,-1,1052,1182,1053,-1,1053,1182,1183,-1,1053,1183,1054,-1,1054,1183,1184,-1,1054,1184,1055,-1,1055,1184,1185,-1,1055,1185,1056,-1,1056,1185,1186,-1,1056,1186,1057,-1,1057,1186,1187,-1,1057,1187,1058,-1,1058,1187,1188,-1,1058,1188,1059,-1,1059,1188,1189,-1,1059,1189,1060,-1,1060,1189,1190,-1,1060,1190,1061,-1,1061,1190,1191,-1,1061,1191,1062,-1,1062,1191,1192,-1,1062,1192,1063,-1,1063,1192,1193,-1,1063,1193,1064,-1,1064,1193,1194,-1,1064,1194,1065,-1,1065,1194,1195,-1,1065,1195,1066,-1,1066,1195,1196,-1,1066,1196,1067,-1,1067,1196,1197,-1,1067,1197,1068,-1,1068,1197,1198,-1,1068,1198,1069,-1,1069,1198,1199,-1,1069,1199,1070,-1,1070,1199,1200,-1,1070,1200,1071,-1,1071,1200,1201,-1,1071,1201,1072,-1,1072,1201,1202,-1,1072,1202,1073,-1,1073,1202,1203,-1,1073,1203,1074,-1,1074,1203,1204,-1,1074,1204,1075,-1,1075,1204,1205,-1,1075,1205,1076,-1,1076,1205,1206,-1,1076,1206,1077,-1,1077,1206,1207,-1,1077,1207,1078,-1,1078,1207,1208,-1,1078,1208,1079,-1,1079,1208,1209,-1,1079,1209,1080,-1,1080,1209,1210,-1,1080,1210,1081,-1,1081,1210,1211,-1,1081,1211,1082,-1,1082,1211,1212,-1,1082,1212,1083,-1,1083,1212,1213,-1,1083,1213,1084,-1,1084,1213,1214,-1,1084,1214,1085,-1,1085,1214,1215,-1,1085,1215,1086,-1,1086,1215,1216,-1,1086,1216,1087,-1,1087,1216,1217,-1,1087,1217,1088,-1,1088,1217,1218,-1,1088,1218,1089,-1,1089,1218,1219,-1,1089,1219,1090,-1,1090,1219,1220,-1,1090,1220,1091,-1,1091,1220,1221,-1,1091,1221,1092,-1,1092,1221,1222,-1,1092,1222,1093,-1,1093,1222,1223,-1,1093,1223,1094,-1,1094,1223,1224,-1,1094,1224,1095,-1,1095,1224,1225,-1,1095,1225,1096,-1,1096,1225,1226,-1,1096,1226,1097,-1,1097,1226,1227,-1,1097,1227,1098,-1,1098,1227,1228,-1,1098,1228,1099,-1,1099,1228,1229,-1,1099,1229,1100,-1,1100,1229,1230,-1,1100,1230,1101,-1,1101,1230,1231,-1,1101,1231,1102,-1,1102,1231,1232,-1,1102,1232,1103,-1,1103,1232,1233,-1,1103,1233,1104,-1,1104,1233,1234,-1,1104,1234,1105,-1,1105,1234,1235,-1,1105,1235,1106,-1,1106,1235,1236,-1,1106,1236,1107,-1,1107,1236,1237,-1,1107,1237,1108,-1,1108,1237,1238,-1,1108,1238,1109,-1,1109,1238,1239,-1,1109,1239,1110,-1,1110,1239,1240,-1,1110,1240,1111,-1,1111,1240,1241,-1,1111,1241,1112,-1,1112,1241,1242,-1,1112,1242,1113,-1,1113,1242,1243,-1,1113,1243,1114,-1,1114,1243,1244,-1,1114,1244,1115,-1,1115,1244,1245,-1,1115,1245,1116,-1,1116,1245,1246,-1,1116,1246,1117,-1,1117,1246,1247,-1,1117,1247,1118,-1,1248,1119,1249,-1,1249,1119,1120,-1,1249,1120,1250,-1,1250,1120,1121,-1,1250,1121,1251,-1,1251,1121,1122,-1,1251,1122,1252,-1,1252,1122,1123,-1,1252,1123,1253,-1,1253,1123,1124,-1,1253,1124,1254,-1,1254,1124,1125,-1,1254,1125,1255,-1,1255,1125,1126,-1,1255,1126,1256,-1,1127,1257,1128,-1,1128,1257,1258,-1,1128,1258,1129,-1,1129,1258,1259,-1,1129,1259,1130,-1,1130,1259,1260,-1,1130,1260,1131,-1,1131,1260,1261,-1,1131,1261,1132,-1,1132,1261,1262,-1,1132,1262,1133,-1,1133,1262,1263,-1,1133,1263,1134,-1,1134,1263,1264,-1,1134,1264,1135,-1,1135,1264,1265,-1,1135,1265,1136,-1,1136,1265,1266,-1,1136,1266,1137,-1,1137,1266,1267,-1,1137,1267,1138,-1,1138,1267,1268,-1,1138,1268,1139,-1,1139,1268,1269,-1,1139,1269,1140,-1,1140,1269,1270,-1,1140,1270,1141,-1,1141,1270,1271,-1,1141,1271,1142,-1,1142,1271,1272,-1,1142,1272,1143,-1,1143,1272,1273,-1,1143,1273,1144,-1,1144,1273,1274,-1,1144,1274,1145,-1,1145,1274,1275,-1,1145,1275,1146,-1,1146,1275,1276,-1,1146,1276,1147,-1,1147,1276,1277,-1,1147,1277,1148,-1,1148,1277,1278,-1,1148,1278,1149,-1,1149,1278,1279,-1,1149,1279,1150,-1,1150,1279,1280,-1,1150,1280,1151,-1,1151,1280,1281,-1,1151,1281,1152,-1,1152,1281,1282,-1,1152,1282,1153,-1,1153,1282,1283,-1,1153,1283,1154,-1,1154,1283,1284,-1,1154,1284,1155,-1,1155,1284,1285,-1,1155,1285,1156,-1,1156,1285,1286,-1,1156,1286,1157,-1,1157,1286,1287,-1,1157,1287,1158,-1,1158,1287,1288,-1,1158,1288,1159,-1,1159,1288,1289,-1,1159,1289,1160,-1,1160,1289,1290,-1,1160,1290,1161,-1,1161,1290,1291,-1,1161,1291,1162,-1,1162,1291,1292,-1,1162,1292,1163,-1,1163,1292,1293,-1,1163,1293,1164,-1,1164,1293,1294,-1,1164,1294,1165,-1,1165,1294,1295,-1,1165,1295,1166,-1,1166,1295,1296,-1,1166,1296,1167,-1,1167,1296,1297,-1,1167,1297,1168,-1,1168,1297,1298,-1,1168,1298,1169,-1,1169,1298,1299,-1,1169,1299,1170,-1,1170,1299,1300,-1,1170,1300,1171,-1,1171,1300,1301,-1,1171,1301,1172,-1,1172,1301,1302,-1,1172,1302,1173,-1,1173,1302,1303,-1,1173,1303,1174,-1,1174,1303,1304,-1,1174,1304,1175,-1,1175,1304,1305,-1,1175,1305,1176,-1,1176,1305,1306,-1,1176,1306,1177,-1,1177,1306,1307,-1,1177,1307,1178,-1,1178,1307,1308,-1,1178,1308,1179,-1,1179,1308,1309,-1,1179,1309,1180,-1,1180,1309,1310,-1,1180,1310,1181,-1,1181,1310,1311,-1,1181,1311,1182,-1,1182,1311,1312,-1,1182,1312,1183,-1,1183,1312,1313,-1,1183,1313,1184,-1,1184,1313,1314,-1,1184,1314,1185,-1,1185,1314,1315,-1,1185,1315,1186,-1,1186,1315,1316,-1,1186,1316,1187,-1,1187,1316,1317,-1,1187,1317,1188,-1,1188,1317,1318,-1,1188,1318,1189,-1,1189,1318,1319,-1,1189,1319,1190,-1,1190,1319,1320,-1,1190,1320,1191,-1,1191,1320,1321,-1,1191,1321,1192,-1,1192,1321,1322,-1,1192,1322,1193,-1,1193,1322,1323,-1,1193,1323,1194,-1,1194,1323,1324,-1,1194,1324,1195,-1,1195,1324,1325,-1,1195,1325,1196,-1,1196,1325,1326,-1,1196,1326,1197,-1,1197,1326,1327,-1,1197,1327,1198,-1,1198,1327,1328,-1,1198,1328,1199,-1,1199,1328,1329,-1,1199,1329,1200,-1,1200,1329,1330,-1,1200,1330,1201,-1,1201,1330,1331,-1,1201,1331,1202,-1,1202,1331,1332,-1,1202,1332,1203,-1,1203,1332,1333,-1,1203,1333,1204,-1,1204,1333,1334,-1,1204,1334,1205,-1,1205,1334,1335,-1,1205,1335,1206,-1,1206,1335,1336,-1,1206,1336,1207,-1,1207,1336,1337,-1,1207,1337,1208,-1,1208,1337,1338,-1,1208,1338,1209,-1,1209,1338,1339,-1,1209,1339,1210,-1,1210,1339,1340,-1,1210,1340,1211,-1,1211,1340,1341,-1,1211,1341,1212,-1,1212,1341,1342,-1,1212,1342,1213,-1,1213,1342,1343,-1,1213,1343,1214,-1,1214,1343,1344,-1,1214,1344,1215,-1,1215,1344,1345,-1,1215,1345,1216,-1,1216,1345,1346,-1,1216,1346,1217,-1,1217,1346,1347,-1,1217,1347,1218,-1,1218,1347,1348,-1,1218,1348,1219,-1,1219,1348,1349,-1,1219,1349,1220,-1,1220,1349,1350,-1,1220,1350,1221,-1,1221,1350,1351,-1,1221,1351,1222,-1,1222,1351,1352,-1,1222,1352,1223,-1,1223,1352,1353,-1,1223,1353,1224,-1,1224,1353,1354,-1,1224,1354,1225,-1,1225,1354,1355,-1,1225,1355,1226,-1,1226,1355,1356,-1,1226,1356,1227,-1,1227,1356,1357,-1,1227,1357,1228,-1,1228,1357,1358,-1,1228,1358,1229,-1,1229,1358,1359,-1,1229,1359,1230,-1,1230,1359,1360,-1,1230,1360,1231,-1,1231,1360,1361,-1,1231,1361,1232,-1,1232,1361,1362,-1,1232,1362,1233,-1,1233,1362,1363,-1,1233,1363,1234,-1,1234,1363,1364,-1,1234,1364,1235,-1,1235,1364,1365,-1,1235,1365,1236,-1,1236,1365,1366,-1,1236,1366,1237,-1,1237,1366,1367,-1,1237,1367,1238,-1,1238,1367,1368,-1,1238,1368,1239,-1,1239,1368,1369,-1,1239,1369,1240,-1,1240,1369,1370,-1,1240,1370,1241,-1,1241,1370,1371,-1,1241,1371,1242,-1,1242,1371,1372,-1,1242,1372,1243,-1,1243,1372,1373,-1,1243,1373,1244,-1,1244,1373,1374,-1,1244,1374,1245,-1,1245,1374,1375,-1,1245,1375,1246,-1,1246,1375,1376,-1,1246,1376,1247,-1,1377,1248,1378,-1,1378,1248,1249,-1,1378,1249,1379,-1,1379,1249,1250,-1,1379,1250,1380,-1,1380,1250,1251,-1,1380,1251,1381,-1,1381,1251,1252,-1,1381,1252,1382,-1,1382,1252,1253,-1,1382,1253,1383,-1,1383,1253,1254,-1,1383,1254,1384,-1,1384,1254,1255,-1,1384,1255,1385,-1,1385,1255,1256,-1,1385,1256,1386,-1,1257,1387,1258,-1,1258,1387,1388,-1,1258,1388,1259,-1,1259,1388,1389,-1,1259,1389,1260,-1,1260,1389,1390,-1,1260,1390,1261,-1,1261,1390,1391,-1,1261,1391,1262,-1,1262,1391,1392,-1,1262,1392,1263,-1,1263,1392,1393,-1,1263,1393,1264,-1,1264,1393,1394,-1,1264,1394,1265,-1,1265,1394,1395,-1,1265,1395,1266,-1,1266,1395,1396,-1,1266,1396,1267,-1,1267,1396,1397,-1,1267,1397,1268,-1,1268,1397,1398,-1,1268,1398,1269,-1,1269,1398,1399,-1,1269,1399,1270,-1,1270,1399,1400,-1,1270,1400,1271,-1,1271,1400,1401,-1,1271,1401,1272,-1,1272,1401,1402,-1,1272,1402,1273,-1,1273,1402,1403,-1,1273,1403,1274,-1,1274,1403,1404,-1,1274,1404,1275,-1,1275,1404,1405,-1,1275,1405,1276,-1,1276,1405,1406,-1,1276,1406,1277,-1,1277,1406,1407,-1,1277,1407,1278,-1,1278,1407,1408,-1,1278,1408,1279,-1,1279,1408,1409,-1,1279,1409,1280,-1,1280,1409,1410,-1,1280,1410,1281,-1,1281,1410,1411,-1,1281,1411,1282,-1,1282,1411,1412,-1,1282,1412,1283,-1,1283,1412,1413,-1,1283,1413,1284,-1,1284,1413,1414,-1,1284,1414,1285,-1,1285,1414,1415,-1,1285,1415,1286,-1,1286,1415,1416,-1,1286,1416,1287,-1,1287,1416,1417,-1,1287,1417,1288,-1,1288,1417,1418,-1,1288,1418,1289,-1,1289,1418,1419,-1,1289,1419,1290,-1,1290,1419,1420,-1,1290,1420,1291,-1,1291,1420,1421,-1,1291,1421,1292,-1,1292,1421,1422,-1,1292,1422,1293,-1,1293,1422,1423,-1,1293,1423,1294,-1,1294,1423,1424,-1,1294,1424,1295,-1,1295,1424,1425,-1,1295,1425,1296,-1,1296,1425,1426,-1,1296,1426,1297,-1,1297,1426,1427,-1,1297,1427,1298,-1,1298,1427,1428,-1,1298,1428,1299,-1,1299,1428,1429,-1,1299,1429,1300,-1,1300,1429,1430,-1,1300,1430,1301,-1,1301,1430,1431,-1,1301,1431,1302,-1,1302,1431,1432,-1,1302,1432,1303,-1,1303,1432,1433,-1,1303,1433,1304,-1,1304,1433,1434,-1,1304,1434,1305,-1,1305,1434,1435,-1,1305,1435,1306,-1,1306,1435,1436,-1,1306,1436,1307,-1,1307,1436,1437,-1,1307,1437,1308,-1,1308,1437,1438,-1,1308,1438,1309,-1,1309,1438,1439,-1,1309,1439,1310,-1,1310,1439,1440,-1,1310,1440,1311,-1,1311,1440,1441,-1,1311,1441,1312,-1,1312,1441,1442,-1,1312,1442,1313,-1,1313,1442,1443,-1,1313,1443,1314,-1,1314,1443,1444,-1,1314,1444,1315,-1,1315,1444,1445,-1,1315,1445,1316,-1,1316,1445,1446,-1,1316,1446,1317,-1,1317,1446,1447,-1,1317,1447,1318,-1,1318,1447,1448,-1,1318,1448,1319,-1,1319,1448,1449,-1,1319,1449,1320,-1,1320,1449,1450,-1,1320,1450,1321,-1,1321,1450,1451,-1,1321,1451,1322,-1,1322,1451,1452,-1,1322,1452,1323,-1,1323,1452,1453,-1,1323,1453,1324,-1,1324,1453,1454,-1,1324,1454,1325,-1,1325,1454,1455,-1,1325,1455,1326,-1,1326,1455,1456,-1,1326,1456,1327,-1,1327,1456,1457,-1,1327,1457,1328,-1,1328,1457,1458,-1,1328,1458,1329,-1,1329,1458,1459,-1,1329,1459,1330,-1,1330,1459,1460,-1,1330,1460,1331,-1,1331,1460,1461,-1,1331,1461,1332,-1,1332,1461,1462,-1,1332,1462,1333,-1,1333,1462,1463,-1,1333,1463,1334,-1,1334,1463,1464,-1,1334,1464,1335,-1,1335,1464,1465,-1,1335,1465,1336,-1,1336,1465,1466,-1,1336,1466,1337,-1,1337,1466,1467,-1,1337,1467,1338,-1,1338,1467,1468,-1,1338,1468,1339,-1,1339,1468,1469,-1,1339,1469,1340,-1,1340,1469,1470,-1,1340,1470,1341,-1,1341,1470,1471,-1,1341,1471,1342,-1,1342,1471,1472,-1,1342,1472,1343,-1,1343,1472,1473,-1,1343,1473,1344,-1,1344,1473,1474,-1,1344,1474,1345,-1,1345,1474,1475,-1,1345,1475,1346,-1,1346,1475,1476,-1,1346,1476,1347,-1,1347,1476,1477,-1,1347,1477,1348,-1,1348,1477,1478,-1,1348,1478,1349,-1,1349,1478,1479,-1,1349,1479,1350,-1,1350,1479,1480,-1,1350,1480,1351,-1,1351,1480,1481,-1,1351,1481,1352,-1,1352,1481,1482,-1,1352,1482,1353,-1,1353,1482,1483,-1,1353,1483,1354,-1,1354,1483,1484,-1,1354,1484,1355,-1,1355,1484,1485,-1,1355,1485,1356,-1,1356,1485,1486,-1,1356,1486,1357,-1,1357,1486,1487,-1,1357,1487,1358,-1,1358,1487,1488,-1,1358,1488,1359,-1,1359,1488,1489,-1,1359,1489,1360,-1,1360,1489,1490,-1,1360,1490,1361,-1,1361,1490,1491,-1,1361,1491,1362,-1,1362,1491,1492,-1,1362,1492,1363,-1,1363,1492,1493,-1,1363,1493,1364,-1,1364,1493,1494,-1,1364,1494,1365,-1,1365,1494,1495,-1,1365,1495,1366,-1,1366,1495,1496,-1,1366,1496,1367,-1,1367,1496,1497,-1,1367,1497,1368,-1,1368,1497,1498,-1,1368,1498,1369,-1,1369,1498,1499,-1,1369,1499,1370,-1,1370,1499,1500,-1,1370,1500,1371,-1,1371,1500,1501,-1,1371,1501,1372,-1,1372,1501,1502,-1,1372,1502,1373,-1,1373,1502,1503,-1,1373,1503,1374,-1,1374,1503,1504,-1,1374,1504,1375,-1,1375,1504,1505,-1,1375,1505,1376,-1,1506,1377,1507,-1,1507,1377,1378,-1,1507,1378,1508,-1,1508,1378,1379,-1,1508,1379,1509,-1,1509,1379,1380,-1,1509,1380,1510,-1,1510,1380,1381,-1,1510,1381,1511,-1,1511,1381,1382,-1,1511,1382,1512,-1,1512,1382,1383,-1,1512,1383,1513,-1,1513,1383,1384,-1,1513,1384,1514,-1,1514,1384,1385,-1,1514,1385,1515,-1,1515,1385,1386,-1,1515,1386,1516,-1,1387,1517,1388,-1,1388,1517,1518,-1,1388,1518,1389,-1,1389,1518,1519,-1,1389,1519,1390,-1,1390,1519,1520,-1,1390,1520,1391,-1,1391,1520,1521,-1,1391,1521,1392,-1,1392,1521,1522,-1,1392,1522,1393,-1,1393,1522,1523,-1,1393,1523,1394,-1,1394,1523,1524,-1,1394,1524,1395,-1,1395,1524,1525,-1,1395,1525,1396,-1,1396,1525,1526,-1,1396,1526,1397,-1,1397,1526,1527,-1,1397,1527,1398,-1,1398,1527,1528,-1,1398,1528,1399,-1,1399,1528,1529,-1,1399,1529,1400,-1,1400,1529,1530,-1,1400,1530,1401,-1,1401,1530,1531,-1,1401,1531,1402,-1,1402,1531,1532,-1,1402,1532,1403,-1,1403,1532,1533,-1,1403,1533,1404,-1,1404,1533,1534,-1,1404,1534,1405,-1,1405,1534,1535,-1,1405,1535,1406,-1,1406,1535,1536,-1,1406,1536,1407,-1,1407,1536,1537,-1,1407,1537,1408,-1,1408,1537,1538,-1,1408,1538,1409,-1,1409,1538,1539,-1,1409,1539,1410,-1,1410,1539,1540,-1,1410,1540,1411,-1,1411,1540,1541,-1,1411,1541,1412,-1,1412,1541,1542,-1,1412,1542,1413,-1,1413,1542,1543,-1,1413,1543,1414,-1,1414,1543,1544,-1,1414,1544,1415,-1,1415,1544,1545,-1,1415,1545,1416,-1,1416,1545,1546,-1,1416,1546,1417,-1,1417,1546,1547,-1,1417,1547,1418,-1,1418,1547,1548,-1,1418,1548,1419,-1,1419,1548,1549,-1,1419,1549,1420,-1,1420,1549,1550,-1,1420,1550,1421,-1,1421,1550,1551,-1,1421,1551,1422,-1,1422,1551,1552,-1,1422,1552,1423,-1,1423,1552,1553,-1,1423,1553,1424,-1,1424,1553,1554,-1,1424,1554,1425,-1,1425,1554,1555,-1,1425,1555,1426,-1,1426,1555,1556,-1,1426,1556,1427,-1,1427,1556,1557,-1,1427,1557,1428,-1,1428,1557,1558,-1,1428,1558,1429,-1,1429,1558,1559,-1,1429,1559,1430,-1,1430,1559,1560,-1,1430,1560,1431,-1,1431,1560,1561,-1,1431,1561,1432,-1,1432,1561,1562,-1,1432,1562,1433,-1,1433,1562,1563,-1,1433,1563,1434,-1,1434,1563,1564,-1,1434,1564,1435,-1,1435,1564,1565,-1,1435,1565,1436,-1,1436,1565,1566,-1,1436,1566,1437,-1,1437,1566,1567,-1,1437,1567,1438,-1,1438,1567,1568,-1,1438,1568,1439,-1,1439,1568,1569,-1,1439,1569,1440,-1,1440,1569,1570,-1,1440,1570,1441,-1,1441,1570,1571,-1,1441,1571,1442,-1,1442,1571,1572,-1,1442,1572,1443,-1,1443,1572,1573,-1,1443,1573,1444,-1,1444,1573,1574,-1,1444,1574,1445,-1,1445,1574,1575,-1,1445,1575,1446,-1,1446,1575,1576,-1,1446,1576,1447,-1,1447,1576,1577,-1,1447,1577,1448,-1,1448,1577,1578,-1,1448,1578,1449,-1,1449,1578,1579,-1,1449,1579,1450,-1,1450,1579,1580,-1,1450,1580,1451,-1,1451,1580,1581,-1,1451,1581,1452,-1,1452,1581,1582,-1,1452,1582,1453,-1,1453,1582,1583,-1,1453,1583,1454,-1,1454,1583,1584,-1,1454,1584,1455,-1,1455,1584,1585,-1,1455,1585,1456,-1,1456,1585,1586,-1,1456,1586,1457,-1,1457,1586,1587,-1,1457,1587,1458,-1,1458,1587,1588,-1,1458,1588,1459,-1,1459,1588,1589,-1,1459,1589,1460,-1,1460,1589,1590,-1,1460,1590,1461,-1,1461,1590,1591,-1,1461,1591,1462,-1,1462,1591,1592,-1,1462,1592,1463,-1,1463,1592,1593,-1,1463,1593,1464,-1,1464,1593,1594,-1,1464,1594,1465,-1,1465,1594,1595,-1,1465,1595,1466,-1,1466,1595,1596,-1,1466,1596,1467,-1,1467,1596,1597,-1,1467,1597,1468,-1,1468,1597,1598,-1,1468,1598,1469,-1,1469,1598,1599,-1,1469,1599,1470,-1,1470,1599,1600,-1,1470,1600,1471,-1,1471,1600,1601,-1,1471,1601,1472,-1,1472,1601,1602,-1,1472,1602,1473,-1,1473,1602,1603,-1,1473,1603,1474,-1,1474,1603,1604,-1,1474,1604,1475,-1,1475,1604,1605,-1,1475,1605,1476,-1,1476,1605,1606,-1,1476,1606,1477,-1,1477,1606,1607,-1,1477,1607,1478,-1,1478,1607,1608,-1,1478,1608,1479,-1,1479,1608,1609,-1,1479,1609,1480,-1,1480,1609,1610,-1,1480,1610,1481,-1,1481,1610,1611,-1,1481,1611,1482,-1,1482,1611,1612,-1,1482,1612,1483,-1,1483,1612,1613,-1,1483,1613,1484,-1,1484,1613,1614,-1,1484,1614,1485,-1,1485,1614,1615,-1,1485,1615,1486,-1,1486,1615,1616,-1,1486,1616,1487,-1,1487,1616,1617,-1,1487,1617,1488,-1,1488,1617,1618,-1,1488,1618,1489,-1,1489,1618,1619,-1,1489,1619,1490,-1,1490,1619,1620,-1,1490,1620,1491,-1,1491,1620,1621,-1,1491,1621,1492,-1,1492,1621,1622,-1,1492,1622,1493,-1,1493,1622,1623,-1,1493,1623,1494,-1,1494,1623,1624,-1,1494,1624,1495,-1,1495,1624,1625,-1,1495,1625,1496,-1,1496,1625,1626,-1,1496,1626,1497,-1,1497,1626,1627,-1,1497,1627,1498,-1,1498,1627,1628,-1,1498,1628,1499,-1,1499,1628,1629,-1,1499,1629,1500,-1,1500,1629,1630,-1,1500,1630,1501,-1,1501,1630,1631,-1,1501,1631,1502,-1,1502,1631,1632,-1,1502,1632,1503,-1,1503,1632,1633,-1,1503,1633,1504,-1,1504,1633,1634,-1,1504,1634,1505,-1,1635,1506,1636,-1,1636,1506,1507,-1,1636,1507,1637,-1,1637,1507,1508,-1,1637,1508,1638,-1,1638,1508,1509,-1,1638,1509,1639,-1,1639,1509,1510,-1,1639,1510,1640,-1,1640,1510,1511,-1,1640,1511,1641,-1,1641,1511,1512,-1,1641,1512,1642,-1,1642,1512,1513,-1,1642,1513,1643,-1,1643,1513,1514,-1,1643,1514,1644,-1,1644,1514,1515,-1,1644,1515,1645,-1,1645,1515,1516,-1,1645,1516,1646,-1,1517,1647,1518,-1,1518,1647,1648,-1,1518,1648,1519,-1,1519,1648,1649,-1,1519,1649,1520,-1,1520,1649,1650,-1,1520,1650,1521,-1,1521,1650,1651,-1,1521,1651,1522,-1,1522,1651,1652,-1,1522,1652,1523,-1,1523,1652,1653,-1,1523,1653,1524,-1,1524,1653,1654,-1,1524,1654,1525,-1,1525,1654,1655,-1,1525,1655,1526,-1,1526,1655,1656,-1,1526,1656,1527,-1,1527,1656,1657,-1,1527,1657,1528,-1,1528,1657,1658,-1,1528,1658,1529,-1,1529,1658,1659,-1,1529,1659,1530,-1,1530,1659,1660,-1,1530,1660,1531,-1,1531,1660,1661,-1,1531,1661,1532,-1,1532,1661,1662,-1,1532,1662,1533,-1,1533,1662,1663,-1,1533,1663,1534,-1,1534,1663,1664,-1,1534,1664,1535,-1,1535,1664,1665,-1,1535,1665,1536,-1,1536,1665,1666,-1,1536,1666,1537,-1,1537,1666,1667,-1,1537,1667,1538,-1,1538,1667,1668,-1,1538,1668,1539,-1,1539,1668,1669,-1,1539,1669,1540,-1,1540,1669,1670,-1,1540,1670,1541,-1,1541,1670,1671,-1,1541,1671,1542,-1,1542,1671,1672,-1,1542,1672,1543,-1,1543,1672,1673,-1,1543,1673,1544,-1,1544,1673,1674,-1,1544,1674,1545,-1,1545,1674,1675,-1,1545,1675,1546,-1,1546,1675,1676,-1,1546,1676,1547,-1,1547,1676,1677,-1,1547,1677,1548,-1,1548,1677,1678,-1,1548,1678,1549,-1,1549,1678,1679,-1,1549,1679,1550,-1,1550,1679,1680,-1,1550,1680,1551,-1,1551,1680,1681,-1,1551,1681,1552,-1,1552,1681,1682,-1,1552,1682,1553,-1,1553,1682,1683,-1,1553,1683,1554,-1,1554,1683,1684,-1,1554,1684,1555,-1,1555,1684,1685,-1,1555,1685,1556,-1,1556,1685,1686,-1,1556,1686,1557,-1,1557,1686,1687,-1,1557,1687,1558,-1,1558,1687,1688,-1,1558,1688,1559,-1,1559,1688,1689,-1,1559,1689,1560,-1,1560,1689,1690,-1,1560,1690,1561,-1,1561,1690,1691,-1,1561,1691,1562,-1,1562,1691,1692,-1,1562,1692,1563,-1,1563,1692,1693,-1,1563,1693,1564,-1,1564,1693,1694,-1,1564,1694,1565,-1,1565,1694,1695,-1,1565,1695,1566,-1,1566,1695,1696,-1,1566,1696,1567,-1,1567,1696,1697,-1,1567,1697,1568,-1,1568,1697,1698,-1,1568,1698,1569,-1,1569,1698,1699,-1,1569,1699,1570,-1,1570,1699,1700,-1,1570,1700,1571,-1,1571,1700,1701,-1,1571,1701,1572,-1,1572,1701,1702,-1,1572,1702,1573,-1,1573,1702,1703,-1,1573,1703,1574,-1,1574,1703,1704,-1,1574,1704,1575,-1,1575,1704,1705,-1,1575,1705,1576,-1,1576,1705,1706,-1,1576,1706,1577,-1,1577,1706,1707,-1,1577,1707,1578,-1,1578,1707,1708,-1,1578,1708,1579,-1,1579,1708,1709,-1,1579,1709,1580,-1,1580,1709,1710,-1,1580,1710,1581,-1,1581,1710,1711,-1,1581,1711,1582,-1,1582,1711,1712,-1,1582,1712,1583,-1,1583,1712,1713,-1,1583,1713,1584,-1,1584,1713,1714,-1,1584,1714,1585,-1,1585,1714,1715,-1,1585,1715,1586,-1,1586,1715,1716,-1,1586,1716,1587,-1,1587,1716,1717,-1,1587,1717,1588,-1,1588,1717,1718,-1,1588,1718,1589,-1,1589,1718,1719,-1,1589,1719,1590,-1,1590,1719,1720,-1,1590,1720,1591,-1,1591,1720,1721,-1,1591,1721,1592,-1,1592,1721,1722,-1,1592,1722,1593,-1,1593,1722,1723,-1,1593,1723,1594,-1,1594,1723,1724,-1,1594,1724,1595,-1,1595,1724,1725,-1,1595,1725,1596,-1,1596,1725,1726,-1,1596,1726,1597,-1,1597,1726,1727,-1,1597,1727,1598,-1,1598,1727,1728,-1,1598,1728,1599,-1,1599,1728,1729,-1,1599,1729,1600,-1,1600,1729,1730,-1,1600,1730,1601,-1,1601,1730,1731,-1,1601,1731,1602,-1,1602,1731,1732,-1,1602,1732,1603,-1,1603,1732,1733,-1,1603,1733,1604,-1,1604,1733,1734,-1,1604,1734,1605,-1,1605,1734,1735,-1,1605,1735,1606,-1,1606,1735,1736,-1,1606,1736,1607,-1,1607,1736,1737,-1,1607,1737,1608,-1,1608,1737,1738,-1,1608,1738,1609,-1,1609,1738,1739,-1,1609,1739,1610,-1,1610,1739,1740,-1,1610,1740,1611,-1,1611,1740,1741,-1,1611,1741,1612,-1,1612,1741,1742,-1,1612,1742,1613,-1,1613,1742,1743,-1,1613,1743,1614,-1,1614,1743,1744,-1,1614,1744,1615,-1,1615,1744,1745,-1,1615,1745,1616,-1,1616,1745,1746,-1,1616,1746,1617,-1,1617,1746,1747,-1,1617,1747,1618,-1,1618,1747,1748,-1,1618,1748,1619,-1,1619,1748,1749,-1,1619,1749,1620,-1,1620,1749,1750,-1,1620,1750,1621,-1,1621,1750,1751,-1,1621,1751,1622,-1,1622,1751,1752,-1,1622,1752,1623,-1,1623,1752,1753,-1,1623,1753,1624,-1,1624,1753,1754,-1,1624,1754,1625,-1,1625,1754,1755,-1,1625,1755,1626,-1,1626,1755,1756,-1,1626,1756,1627,-1,1627,1756,1757,-1,1627,1757,1628,-1,1628,1757,1758,-1,1628,1758,1629,-1,1629,1758,1759,-1,1629,1759,1630,-1,1630,1759,1760,-1,1630,1760,1631,-1,1631,1760,1761,-1,1631,1761,1632,-1,1632,1761,1762,-1,1632,1762,1633,-1,1633,1762,1763,-1,1633,1763,1634,-1,1764,1635,1765,-1,1765,1635,1636,-1,1765,1636,1766,-1,1766,1636,1637,-1,1766,1637,1767,-1,1767,1637,1638,-1,1767,1638,1768,-1,1768,1638,1639,-1,1768,1639,1769,-1,1769,1639,1640,-1,1769,1640,1770,-1,1770,1640,1641,-1,1770,1641,1771,-1,1771,1641,1642,-1,1771,1642,1772,-1,1772,1642,1643,-1,1772,1643,1773,-1,1773,1643,1644,-1,1773,1644,1774,-1,1774,1644,1645,-1,1774,1645,1775,-1,1775,1645,1646,-1,1775,1646,1776,-1,1647,1777,1648,-1,1648,1777,1778,-1,1648,1778,1649,-1,1649,1778,1779,-1,1649,1779,1650,-1,1650,1779,1780,-1,1650,1780,1651,-1,1651,1780,1781,-1,1651,1781,1652,-1,1652,1781,1782,-1,1652,1782,1653,-1,1653,1782,1783,-1,1653,1783,1654,-1,1654,1783,1784,-1,1654,1784,1655,-1,1655,1784,1785,-1,1655,1785,1656,-1,1656,1785,1786,-1,1656,1786,1657,-1,1657,1786,1787,-1,1657,1787,1658,-1,1658,1787,1788,-1,1658,1788,1659,-1,1659,1788,1789,-1,1659,1789,1660,-1,1660,1789,1790,-1,1660,1790,1661,-1,1661,1790,1791,-1,1661,1791,1662,-1,1662,1791,1792,-1,1662,1792,1663,-1,1663,1792,1793,-1,1663,1793,1664,-1,1664,1793,1794,-1,1664,1794,1665,-1,1665,1794,1795,-1,1665,1795,1666,-1,1666,1795,1796,-1,1666,1796,1667,-1,1667,1796,1797,-1,1667,1797,1668,-1,1668,1797,1798,-1,1668,1798,1669,-1,1669,1798,1799,-1,1669,1799,1670,-1,1670,1799,1800,-1,1670,1800,1671,-1,1671,1800,1801,-1,1671,1801,1672,-1,1672,1801,1802,-1,1672,1802,1673,-1,1673,1802,1803,-1,1673,1803,1674,-1,1674,1803,1804,-1,1674,1804,1675,-1,1675,1804,1805,-1,1675,1805,1676,-1,1676,1805,1806,-1,1676,1806,1677,-1,1677,1806,1807,-1,1677,1807,1678,-1,1678,1807,1808,-1,1678,1808,1679,-1,1679,1808,1809,-1,1679,1809,1680,-1,1680,1809,1810,-1,1680,1810,1681,-1,1681,1810,1811,-1,1681,1811,1682,-1,1682,1811,1812,-1,1682,1812,1683,-1,1683,1812,1813,-1,1683,1813,1684,-1,1684,1813,1814,-1,1684,1814,1685,-1,1685,1814,1815,-1,1685,1815,1686,-1,1686,1815,1816,-1,1686,1816,1687,-1,1687,1816,1817,-1,1687,1817,1688,-1,1688,1817,1818,-1,1688,1818,1689,-1,1689,1818,1819,-1,1689,1819,1690,-1,1690,1819,1820,-1,1690,1820,1691,-1,1691,1820,1821,-1,1691,1821,1692,-1,1692,1821,1822,-1,1692,1822,1693,-1,1693,1822,1823,-1,1693,1823,1694,-1,1694,1823,1824,-1,1694,1824,1695,-1,1695,1824,1825,-1,1695,1825,1696,-1,1696,1825,1826,-1,1696,1826,1697,-1,1697,1826,1827,-1,1697,1827,1698,-1,1698,1827,1828,-1,1698,1828,1699,-1,1699,1828,1829,-1,1699,1829,1700,-1,1700,1829,1830,-1,1700,1830,1701,-1,1701,1830,1831,-1,1701,1831,1702,-1,1702,1831,1832,-1,1702,1832,1703,-1,1703,1832,1833,-1,1703,1833,1704,-1,1704,1833,1834,-1,1704,1834,1705,-1,1705,1834,1835,-1,1705,1835,1706,-1,1706,1835,1836,-1,1706,1836,1707,-1,1707,1836,1837,-1,1707,1837,1708,-1,1708,1837,1838,-1,1708,1838,1709,-1,1709,1838,1839,-1,1709,1839,1710,-1,1710,1839,1840,-1,1710,1840,1711,-1,1711,1840,1841,-1,1711,1841,1712,-1,1712,1841,1842,-1,1712,1842,1713,-1,1713,1842,1843,-1,1713,1843,1714,-1,1714,1843,1844,-1,1714,1844,1715,-1,1715,1844,1845,-1,1715,1845,1716,-1,1716,1845,1846,-1,1716,1846,1717,-1,1717,1846,1847,-1,1717,1847,1718,-1,1718,1847,1848,-1,1718,1848,1719,-1,1719,1848,1849,-1,1719,1849,1720,-1,1720,1849,1850,-1,1720,1850,1721,-1,1721,1850,1851,-1,1721,1851,1722,-1,1722,1851,1852,-1,1722,1852,1723,-1,1723,1852,1853,-1,1723,1853,1724,-1,1724,1853,1854,-1,1724,1854,1725,-1,1725,1854,1855,-1,1725,1855,1726,-1,1726,1855,1856,-1,1726,1856,1727,-1,1727,1856,1857,-1,1727,1857,1728,-1,1728,1857,1858,-1,1728,1858,1729,-1,1729,1858,1859,-1,1729,1859,1730,-1,1730,1859,1860,-1,1730,1860,1731,-1,1731,1860,1861,-1,1731,1861,1732,-1,1732,1861,1862,-1,1732,1862,1733,-1,1733,1862,1863,-1,1733,1863,1734,-1,1734,1863,1864,-1,1734,1864,1735,-1,1735,1864,1865,-1,1735,1865,1736,-1,1736,1865,1866,-1,1736,1866,1737,-1,1737,1866,1867,-1,1737,1867,1738,-1,1738,1867,1868,-1,1738,1868,1739,-1,1739,1868,1869,-1,1739,1869,1740,-1,1740,1869,1870,-1,1740,1870,1741,-1,1741,1870,1871,-1,1741,1871,1742,-1,1742,1871,1872,-1,1742,1872,1743,-1,1743,1872,1873,-1,1743,1873,1744,-1,1744,1873,1874,-1,1744,1874,1745,-1,1745,1874,1875,-1,1745,1875,1746,-1,1746,1875,1876,-1,1746,1876,1747,-1,1747,1876,1877,-1,1747,1877,1748,-1,1748,1877,1878,-1,1748,1878,1749,-1,1749,1878,1879,-1,1749,1879,1750,-1,1750,1879,1880,-1,1750,1880,1751,-1,1751,1880,1881,-1,1751,1881,1752,-1,1752,1881,1882,-1,1752,1882,1753,-1,1753,1882,1883,-1,1753,1883,1754,-1,1754,1883,1884,-1,1754,1884,1755,-1,1755,1884,1885,-1,1755,1885,1756,-1,1756,1885,1886,-1,1756,1886,1757,-1,1757,1886,1887,-1,1757,1887,1758,-1,1758,1887,1888,-1,1758,1888,1759,-1,1759,1888,1889,-1,1759,1889,1760,-1,1760,1889,1890,-1,1760,1890,1761,-1,1761,1890,1891,-1,1761,1891,1762,-1,1762,1891,1892,-1,1762,1892,1763,-1,1893,1764,1894,-1,1894,1764,1765,-1,1894,1765,1895,-1,1895,1765,1766,-1,1895,1766,1896,-1,1896,1766,1767,-1,1896,1767,1897,-1,1897,1767,1768,-1,1897,1768,1898,-1,1898,1768,1769,-1,1898,1769,1899,-1,1899,1769,1770,-1,1899,1770,1900,-1,1900,1770,1771,-1,1900,1771,1901,-1,1901,1771,1772,-1,1901,1772,1902,-1,1902,1772,1773,-1,1902,1773,1903,-1,1903,1773,1774,-1,1903,1774,1904,-1,1904,1774,1775,-1,1904,1775,1905,-1,1905,1775,1776,-1,1905,1776,1906,-1,18,20,1,-1,1,20,1907,-1,1,1907,2,-1,2,1907,1908,-1,2,1908,4,-1,4,1908,1909,-1,4,1909,13,-1,13,1909,1910,-1,13,1910,14,-1,14,1910,1911,-1,14,1911,9,-1,9,1911,1912,-1,9,1912,10,-1,10,1912,1913,-1,10,1913,11,-1,11,1913,1914,-1,11,1914,12,-1,12,1914,1915,-1,12,1915,6,-1,6,1915,1916,-1,6,1916,7,-1,7,1916,1917,-1,7,1917,8,-1,8,1917,1918,-1,8,1918,5,-1,5,1918,41,-1,5,41,3,-1,3,41,40,-1,3,40,0,-1,1777,1919,1778,-1,1778,1919,1920,-1,1778,1920,1779,-1,1779,1920,1921,-1,1779,1921,1780,-1,1780,1921,1922,-1,1780,1922,1781,-1,1781,1922,1923,-1,1781,1923,1782,-1,1782,1923,1924,-1,1782,1924,1783,-1,1783,1924,1925,-1,1783,1925,1784,-1,1784,1925,1926,-1,1784,1926,1785,-1,1785,1926,1927,-1,1785,1927,1786,-1,1786,1927,1928,-1,1786,1928,1787,-1,1787,1928,1929,-1,1787,1929,1788,-1,1788,1929,1930,-1,1788,1930,1789,-1,1789,1930,1931,-1,1789,1931,1790,-1,1790,1931,1932,-1,1790,1932,1791,-1,1791,1932,1933,-1,1791,1933,1792,-1,1792,1933,1934,-1,1792,1934,1793,-1,1793,1934,1935,-1,1793,1935,1794,-1,1794,1935,1936,-1,1794,1936,1795,-1,1795,1936,1937,-1,1795,1937,1796,-1,1796,1937,1938,-1,1796,1938,1797,-1,1797,1938,1939,-1,1797,1939,1798,-1,1798,1939,1940,-1,1798,1940,1799,-1,1799,1940,1941,-1,1799,1941,1800,-1,1800,1941,1942,-1,1800,1942,1801,-1,1801,1942,1943,-1,1801,1943,1802,-1,1802,1943,1944,-1,1802,1944,1803,-1,1803,1944,1945,-1,1803,1945,1804,-1,1804,1945,1946,-1,1804,1946,1805,-1,1805,1946,1947,-1,1805,1947,1806,-1,1806,1947,1948,-1,1806,1948,1807,-1,1807,1948,1949,-1,1807,1949,1808,-1,1808,1949,1950,-1,1808,1950,1809,-1,1809,1950,1951,-1,1809,1951,1810,-1,1810,1951,1952,-1,1810,1952,1811,-1,1811,1952,1953,-1,1811,1953,1812,-1,1812,1953,1954,-1,1812,1954,1813,-1,1813,1954,1955,-1,1813,1955,1814,-1,1814,1955,1956,-1,1814,1956,1815,-1,1815,1956,1957,-1,1815,1957,1816,-1,1816,1957,1958,-1,1816,1958,1817,-1,1817,1958,1959,-1,1817,1959,1818,-1,1818,1959,1960,-1,1818,1960,1819,-1,1819,1960,1961,-1,1819,1961,1820,-1,1820,1961,1962,-1,1820,1962,1821,-1,1821,1962,1963,-1,1821,1963,1822,-1,1822,1963,1964,-1,1822,1964,1823,-1,1823,1964,1965,-1,1823,1965,1824,-1,1824,1965,1966,-1,1824,1966,1825,-1,1825,1966,1967,-1,1825,1967,1826,-1,1826,1967,1968,-1,1826,1968,1827,-1,1827,1968,1969,-1,1827,1969,1828,-1,1828,1969,1970,-1,1828,1970,1829,-1,1829,1970,1971,-1,1829,1971,1830,-1,1830,1971,1972,-1,1830,1972,1831,-1,1831,1972,1973,-1,1831,1973,1832,-1,1832,1973,1974,-1,1832,1974,1833,-1,1833,1974,1975,-1,1833,1975,1834,-1,1834,1975,1976,-1,1834,1976,1835,-1,1835,1976,1977,-1,1835,1977,1836,-1,1836,1977,1978,-1,1836,1978,1837,-1,1837,1978,1979,-1,1837,1979,1838,-1,1838,1979,1980,-1,1838,1980,1839,-1,1839,1980,1981,-1,1839,1981,1840,-1,1840,1981,1982,-1,1840,1982,1841,-1,1841,1982,1983,-1,1841,1983,1842,-1,1842,1983,1984,-1,1842,1984,1843,-1,1843,1984,1985,-1,1843,1985,1844,-1,1844,1985,1986,-1,1844,1986,1845,-1,1845,1986,1987,-1,1845,1987,1846,-1,1846,1987,1988,-1,1846,1988,1847,-1,1847,1988,1989,-1,1847,1989,1848,-1,1848,1989,1990,-1,1848,1990,1849,-1,1849,1990,1991,-1,1849,1991,1850,-1,1850,1991,1992,-1,1850,1992,1851,-1,1851,1992,1993,-1,1851,1993,1852,-1,1852,1993,1994,-1,1852,1994,1853,-1,1853,1994,1995,-1,1853,1995,1854,-1,1854,1995,1996,-1,1854,1996,1855,-1,1855,1996,1997,-1,1855,1997,1856,-1,1856,1997,1998,-1,1856,1998,1857,-1,1857,1998,1999,-1,1857,1999,1858,-1,1858,1999,2000,-1,1858,2000,1859,-1,1859,2000,2001,-1,1859,2001,1860,-1,1860,2001,2002,-1,1860,2002,1861,-1,1861,2002,2003,-1,1861,2003,1862,-1,1862,2003,2004,-1,1862,2004,1863,-1,1863,2004,2005,-1,1863,2005,1864,-1,1864,2005,2006,-1,1864,2006,1865,-1,1865,2006,2007,-1,1865,2007,1866,-1,1866,2007,2008,-1,1866,2008,1867,-1,1867,2008,2009,-1,1867,2009,1868,-1,1868,2009,2010,-1,1868,2010,1869,-1,1869,2010,2011,-1,1869,2011,1870,-1,1870,2011,2012,-1,1870,2012,1871,-1,1871,2012,2013,-1,1871,2013,1872,-1,1872,2013,2014,-1,1872,2014,1873,-1,1873,2014,2015,-1,1873,2015,1874,-1,1874,2015,2016,-1,1874,2016,1875,-1,1875,2016,2017,-1,1875,2017,1876,-1,1876,2017,2018,-1,1876,2018,1877,-1,1877,2018,2019,-1,1877,2019,1878,-1,1878,2019,2020,-1,1878,2020,1879,-1,1879,2020,2021,-1,1879,2021,1880,-1,1880,2021,2022,-1,1880,2022,1881,-1,1881,2022,2023,-1,1881,2023,1882,-1,1882,2023,2024,-1,1882,2024,1883,-1,1883,2024,2025,-1,1883,2025,1884,-1,1884,2025,2026,-1,1884,2026,1885,-1,1885,2026,2027,-1,1885,2027,1886,-1,1886,2027,2028,-1,1886,2028,1887,-1,1887,2028,2029,-1,1887,2029,1888,-1,1888,2029,2030,-1,1888,2030,1889,-1,1889,2030,2031,-1,1889,2031,1890,-1,1890,2031,2032,-1,1890,2032,1891,-1,1891,2032,2033,-1,1891,2033,1892,-1,42,1893,2034,-1,2034,1893,1894,-1,2034,1894,2035,-1,2035,1894,1895,-1,2035,1895,2036,-1,2036,1895,1896,-1,2036,1896,2037,-1,2037,1896,1897,-1,2037,1897,2038,-1,2038,1897,1898,-1,2038,1898,2039,-1,2039,1898,1899,-1,2039,1899,2040,-1,2040,1899,1900,-1,2040,1900,2041,-1,2041,1900,1901,-1,2041,1901,2042,-1,2042,1901,1902,-1,2042,1902,2043,-1,2043,1902,1903,-1,2043,1903,2044,-1,2044,1903,1904,-1,2044,1904,2045,-1,2045,1904,1905,-1,2045,1905,2046,-1,2046,1905,1906,-1,2046,1906,2047,-1,36,38,42,-1,42,38,41,-1,42,41,1893,-1,1893,41,1918,-1,1893,1918,1764,-1,1764,1918,1917,-1,1764,1917,1635,-1,1635,1917,1916,-1,1635,1916,1506,-1,1506,1916,1915,-1,1506,1915,1377,-1,1377,1915,1914,-1,1377,1914,1248,-1,1248,1914,1913,-1,1248,1913,1119,-1,1119,1913,1912,-1,1119,1912,990,-1,990,1912,1911,-1,990,1911,861,-1,861,1911,1910,-1,861,1910,732,-1,732,1910,1909,-1,732,1909,603,-1,603,1909,1908,-1,603,1908,474,-1,474,1908,1907,-1,474,1907,345,-1,345,1907,20,-1,345,20,346,-1,346,20,19,-1,346,19,2048,-1,1919,2049,1920,-1,1920,2049,2050,-1,1920,2050,1921,-1,1921,2050,2051,-1,1921,2051,1922,-1,1922,2051,2052,-1,1922,2052,1923,-1,1923,2052,2053,-1,1923,2053,1924,-1,1924,2053,2054,-1,1924,2054,1925,-1,1925,2054,2055,-1,1925,2055,1926,-1,1926,2055,2056,-1,1926,2056,1927,-1,1927,2056,2057,-1,1927,2057,1928,-1,1928,2057,2058,-1,1928,2058,1929,-1,1929,2058,2059,-1,1929,2059,1930,-1,1930,2059,2060,-1,1930,2060,1931,-1,1931,2060,2061,-1,1931,2061,1932,-1,1932,2061,2062,-1,1932,2062,1933,-1,1933,2062,2063,-1,1933,2063,1934,-1,1934,2063,2064,-1,1934,2064,1935,-1,1935,2064,2065,-1,1935,2065,1936,-1,1936,2065,2066,-1,1936,2066,1937,-1,1937,2066,2067,-1,1937,2067,1938,-1,1938,2067,2068,-1,1938,2068,1939,-1,1939,2068,2069,-1,1939,2069,1940,-1,1940,2069,2070,-1,1940,2070,1941,-1,1941,2070,2071,-1,1941,2071,1942,-1,1942,2071,2072,-1,1942,2072,1943,-1,1943,2072,2073,-1,1943,2073,1944,-1,1944,2073,2074,-1,1944,2074,1945,-1,1945,2074,2075,-1,1945,2075,1946,-1,1946,2075,2076,-1,1946,2076,1947,-1,1947,2076,2077,-1,1947,2077,1948,-1,1948,2077,2078,-1,1948,2078,1949,-1,1949,2078,2079,-1,1949,2079,1950,-1,1950,2079,2080,-1,1950,2080,1951,-1,1951,2080,2081,-1,1951,2081,1952,-1,1952,2081,2082,-1,1952,2082,1953,-1,1953,2082,2083,-1,1953,2083,1954,-1,1954,2083,2084,-1,1954,2084,1955,-1,1955,2084,2085,-1,1955,2085,1956,-1,1956,2085,2086,-1,1956,2086,1957,-1,1957,2086,2087,-1,1957,2087,1958,-1,1958,2087,2088,-1,1958,2088,1959,-1,1959,2088,2089,-1,1959,2089,1960,-1,1960,2089,2090,-1,1960,2090,1961,-1,1961,2090,2091,-1,1961,2091,1962,-1,1962,2091,2092,-1,1962,2092,1963,-1,1963,2092,2093,-1,1963,2093,1964,-1,1964,2093,2094,-1,1964,2094,1965,-1,1965,2094,2095,-1,1965,2095,1966,-1,1966,2095,2096,-1,1966,2096,1967,-1,1967,2096,2097,-1,1967,2097,1968,-1,1968,2097,2098,-1,1968,2098,1969,-1,1969,2098,2099,-1,1969,2099,1970,-1,1970,2099,2100,-1,1970,2100,1971,-1,1971,2100,2101,-1,1971,2101,1972,-1,1972,2101,2102,-1,1972,2102,1973,-1,1973,2102,2103,-1,1973,2103,1974,-1,1974,2103,2104,-1,1974,2104,1975,-1,1975,2104,2105,-1,1975,2105,1976,-1,1976,2105,2106,-1,1976,2106,1977,-1,1977,2106,2107,-1,1977,2107,1978,-1,1978,2107,2108,-1,1978,2108,1979,-1,1979,2108,2109,-1,1979,2109,1980,-1,1980,2109,2110,-1,1980,2110,1981,-1,1981,2110,2111,-1,1981,2111,1982,-1,1982,2111,2112,-1,1982,2112,1983,-1,1983,2112,2113,-1,1983,2113,1984,-1,1984,2113,2114,-1,1984,2114,1985,-1,1985,2114,2115,-1,1985,2115,1986,-1,1986,2115,2116,-1,1986,2116,1987,-1,1987,2116,2117,-1,1987,2117,1988,-1,1988,2117,2118,-1,1988,2118,1989,-1,1989,2118,2119,-1,1989,2119,1990,-1,1990,2119,2120,-1,1990,2120,1991,-1,1991,2120,2121,-1,1991,2121,1992,-1,1992,2121,2122,-1,1992,2122,1993,-1,1993,2122,2123,-1,1993,2123,1994,-1,1994,2123,2124,-1,1994,2124,1995,-1,1995,2124,2125,-1,1995,2125,1996,-1,1996,2125,2126,-1,1996,2126,1997,-1,1997,2126,2127,-1,1997,2127,1998,-1,1998,2127,2128,-1,1998,2128,1999,-1,1999,2128,2129,-1,1999,2129,2000,-1,2000,2129,2130,-1,2000,2130,2001,-1,2001,2130,2131,-1,2001,2131,2002,-1,2002,2131,2132,-1,2002,2132,2003,-1,2003,2132,2133,-1,2003,2133,2004,-1,2004,2133,2134,-1,2004,2134,2005,-1,2005,2134,2135,-1,2005,2135,2006,-1,2006,2135,2136,-1,2006,2136,2007,-1,2007,2136,2137,-1,2007,2137,2008,-1,2008,2137,2138,-1,2008,2138,2009,-1,2009,2138,2139,-1,2009,2139,2010,-1,2010,2139,2140,-1,2010,2140,2011,-1,2011,2140,2141,-1,2011,2141,2012,-1,2012,2141,2142,-1,2012,2142,2013,-1,2013,2142,2143,-1,2013,2143,2014,-1,2014,2143,2144,-1,2014,2144,2015,-1,2015,2144,2145,-1,2015,2145,2016,-1,2016,2145,2146,-1,2016,2146,2017,-1,2017,2146,2147,-1,2017,2147,2018,-1,2018,2147,2148,-1,2018,2148,2019,-1,2019,2148,2149,-1,2019,2149,2020,-1,2020,2149,2150,-1,2020,2150,2021,-1,2021,2150,2151,-1,2021,2151,2022,-1,2022,2151,2152,-1,2022,2152,2023,-1,2023,2152,2153,-1,2023,2153,2024,-1,2024,2153,2154,-1,2024,2154,2025,-1,2025,2154,2155,-1,2025,2155,2026,-1,2026,2155,2156,-1,2026,2156,2027,-1,2027,2156,2157,-1,2027,2157,2028,-1,2028,2157,2158,-1,2028,2158,2029,-1,2029,2158,2159,-1,2029,2159,2030,-1,2030,2159,2160,-1,2030,2160,2031,-1,2031,2160,2161,-1,2031,2161,2032,-1,2032,2161,2162,-1,2032,2162,2033,-1,46,43,44,-1,44,43,42,-1,44,42,48,-1,48,42,2034,-1,48,2034,2163,-1,2163,2034,2035,-1,2163,2035,2164,-1,2164,2035,2036,-1,2164,2036,2165,-1,2165,2036,2037,-1,2165,2037,2166,-1,2166,2037,2038,-1,2166,2038,2167,-1,2167,2038,2039,-1,2167,2039,2168,-1,2168,2039,2040,-1,2168,2040,2169,-1,2169,2040,2041,-1,2169,2041,2170,-1,2170,2041,2042,-1,2170,2042,2171,-1,2171,2042,2043,-1,2171,2043,2172,-1,2172,2043,2044,-1,2172,2044,2173,-1,2173,2044,2045,-1,2173,2045,2174,-1,2174,2045,2046,-1,2174,2046,2175,-1,2175,2046,2047,-1,2175,2047,2176,-1,2049,2177,2050,-1,2050,2177,2178,-1,2050,2178,2051,-1,2051,2178,2179,-1,2051,2179,2052,-1,2052,2179,2180,-1,2052,2180,2053,-1,2053,2180,2181,-1,2053,2181,2054,-1,2054,2181,2182,-1,2054,2182,2055,-1,2055,2182,2183,-1,2055,2183,2056,-1,2056,2183,2184,-1,2056,2184,2057,-1,2057,2184,2185,-1,2057,2185,2058,-1,2058,2185,2186,-1,2058,2186,2059,-1,2059,2186,2187,-1,2059,2187,2060,-1,2060,2187,2188,-1,2060,2188,2061,-1,2061,2188,2189,-1,2061,2189,2062,-1,2062,2189,2190,-1,2062,2190,2063,-1,2063,2190,2191,-1,2063,2191,2064,-1,2064,2191,2192,-1,2064,2192,2065,-1,2065,2192,2193,-1,2065,2193,2066,-1,2066,2193,2194,-1,2066,2194,2067,-1,2067,2194,2195,-1,2067,2195,2068,-1,2068,2195,2196,-1,2068,2196,2069,-1,2069,2196,2197,-1,2069,2197,2070,-1,2070,2197,2198,-1,2070,2198,2071,-1,2071,2198,2199,-1,2071,2199,2072,-1,2072,2199,2200,-1,2072,2200,2073,-1,2073,2200,2201,-1,2073,2201,2074,-1,2074,2201,2202,-1,2074,2202,2075,-1,2075,2202,2203,-1,2075,2203,2076,-1,2076,2203,2204,-1,2076,2204,2077,-1,2077,2204,2205,-1,2077,2205,2078,-1,2078,2205,2206,-1,2078,2206,2079,-1,2079,2206,2207,-1,2079,2207,2080,-1,2080,2207,2208,-1,2080,2208,2081,-1,2081,2208,2209,-1,2081,2209,2082,-1,2082,2209,2210,-1,2082,2210,2083,-1,2083,2210,2211,-1,2083,2211,2084,-1,2084,2211,2212,-1,2084,2212,2085,-1,2085,2212,2213,-1,2085,2213,2086,-1,2086,2213,2214,-1,2086,2214,2087,-1,2087,2214,2215,-1,2087,2215,2088,-1,2088,2215,2216,-1,2088,2216,2089,-1,2089,2216,2217,-1,2089,2217,2090,-1,2090,2217,2218,-1,2090,2218,2091,-1,2091,2218,2219,-1,2091,2219,2092,-1,2092,2219,2220,-1,2092,2220,2093,-1,2093,2220,2221,-1,2093,2221,2094,-1,2094,2221,2222,-1,2094,2222,2095,-1,2095,2222,2223,-1,2095,2223,2096,-1,2096,2223,2224,-1,2096,2224,2097,-1,2097,2224,2225,-1,2097,2225,2098,-1,2098,2225,2226,-1,2098,2226,2099,-1,2099,2226,2227,-1,2099,2227,2100,-1,2100,2227,2228,-1,2100,2228,2101,-1,2101,2228,2229,-1,2101,2229,2102,-1,2102,2229,2230,-1,2102,2230,2103,-1,2103,2230,2231,-1,2103,2231,2104,-1,2104,2231,2232,-1,2104,2232,2105,-1,2105,2232,2233,-1,2105,2233,2106,-1,2106,2233,2234,-1,2106,2234,2107,-1,2107,2234,2235,-1,2107,2235,2108,-1,2108,2235,2236,-1,2108,2236,2109,-1,2109,2236,2237,-1,2109,2237,2110,-1,2110,2237,2238,-1,2110,2238,2111,-1,2111,2238,2239,-1,2111,2239,2112,-1,2112,2239,2240,-1,2112,2240,2113,-1,2113,2240,2241,-1,2113,2241,2114,-1,2114,2241,2242,-1,2114,2242,2115,-1,2115,2242,2243,-1,2115,2243,2116,-1,2116,2243,2244,-1,2116,2244,2117,-1,2117,2244,2245,-1,2117,2245,2118,-1,2118,2245,2246,-1,2118,2246,2119,-1,2119,2246,2247,-1,2119,2247,2120,-1,2120,2247,2248,-1,2120,2248,2121,-1,2121,2248,2249,-1,2121,2249,2122,-1,2122,2249,2250,-1,2122,2250,2123,-1,2123,2250,2251,-1,2123,2251,2124,-1,2124,2251,2252,-1,2124,2252,2125,-1,2125,2252,2253,-1,2125,2253,2126,-1,2126,2253,2254,-1,2126,2254,2127,-1,2127,2254,2255,-1,2127,2255,2128,-1,2128,2255,2256,-1,2128,2256,2129,-1,2129,2256,2257,-1,2129,2257,2130,-1,2130,2257,2258,-1,2130,2258,2131,-1,2131,2258,2259,-1,2131,2259,2132,-1,2132,2259,2260,-1,2132,2260,2133,-1,2133,2260,2261,-1,2133,2261,2134,-1,2134,2261,2262,-1,2134,2262,2135,-1,2135,2262,2263,-1,2135,2263,2136,-1,2136,2263,2264,-1,2136,2264,2137,-1,2137,2264,2265,-1,2137,2265,2138,-1,2138,2265,2266,-1,2138,2266,2139,-1,2139,2266,2267,-1,2139,2267,2140,-1,2140,2267,2268,-1,2140,2268,2141,-1,2141,2268,2269,-1,2141,2269,2142,-1,2142,2269,2270,-1,2142,2270,2143,-1,2143,2270,2271,-1,2143,2271,2144,-1,2144,2271,2272,-1,2144,2272,2145,-1,2145,2272,2273,-1,2145,2273,2146,-1,2146,2273,2274,-1,2146,2274,2147,-1,2147,2274,2275,-1,2147,2275,2148,-1,2148,2275,2276,-1,2148,2276,2149,-1,2149,2276,2277,-1,2149,2277,2150,-1,2150,2277,2278,-1,2150,2278,2151,-1,2151,2278,2279,-1,2151,2279,2152,-1,2152,2279,2280,-1,2152,2280,2153,-1,2153,2280,2281,-1,2153,2281,2154,-1,2154,2281,2282,-1,2154,2282,2155,-1,2155,2282,2283,-1,2155,2283,2156,-1,2156,2283,2284,-1,2156,2284,2157,-1,2157,2284,2285,-1,2157,2285,2158,-1,2158,2285,2286,-1,2158,2286,2159,-1,2159,2286,2287,-1,2159,2287,2160,-1,2160,2287,2288,-1,2160,2288,2161,-1,2161,2288,2289,-1,2161,2289,2162,-1,55,49,54,-1,54,49,48,-1,54,48,52,-1,52,48,2163,-1,52,2163,2290,-1,2290,2163,2164,-1,2290,2164,2291,-1,2291,2164,2165,-1,2291,2165,2292,-1,2292,2165,2166,-1,2292,2166,2293,-1,2293,2166,2167,-1,2293,2167,2294,-1,2294,2167,2168,-1,2294,2168,2295,-1,2295,2168,2169,-1,2295,2169,2296,-1,2296,2169,2170,-1,2296,2170,2297,-1,2297,2170,2171,-1,2297,2171,2298,-1,2298,2171,2172,-1,2298,2172,2299,-1,2299,2172,2173,-1,2299,2173,2300,-1,2300,2173,2174,-1,2300,2174,2301,-1,2301,2174,2175,-1,2301,2175,2302,-1,2302,2175,2176,-1,2302,2176,2303,-1,2177,2304,2178,-1,2178,2304,2305,-1,2178,2305,2179,-1,2179,2305,2306,-1,2179,2306,2180,-1,2180,2306,2307,-1,2180,2307,2181,-1,2181,2307,2308,-1,2181,2308,2182,-1,2182,2308,2309,-1,2182,2309,2183,-1,2183,2309,2310,-1,2183,2310,2184,-1,2184,2310,2311,-1,2184,2311,2185,-1,2185,2311,2312,-1,2185,2312,2186,-1,2186,2312,2313,-1,2186,2313,2187,-1,2187,2313,2314,-1,2187,2314,2188,-1,2188,2314,2315,-1,2188,2315,2189,-1,2189,2315,2316,-1,2189,2316,2190,-1,2190,2316,2317,-1,2190,2317,2191,-1,2191,2317,2318,-1,2191,2318,2192,-1,2192,2318,2319,-1,2192,2319,2193,-1,2193,2319,2320,-1,2193,2320,2194,-1,2194,2320,2321,-1,2194,2321,2195,-1,2195,2321,2322,-1,2195,2322,2196,-1,2196,2322,2323,-1,2196,2323,2197,-1,2197,2323,2324,-1,2197,2324,2198,-1,2198,2324,2325,-1,2198,2325,2199,-1,2199,2325,2326,-1,2199,2326,2200,-1,2200,2326,2327,-1,2200,2327,2201,-1,2201,2327,2328,-1,2201,2328,2202,-1,2202,2328,2329,-1,2202,2329,2203,-1,2203,2329,2330,-1,2203,2330,2204,-1,2204,2330,2331,-1,2204,2331,2205,-1,2205,2331,2332,-1,2205,2332,2206,-1,2206,2332,2333,-1,2206,2333,2207,-1,2207,2333,2334,-1,2207,2334,2208,-1,2208,2334,2335,-1,2208,2335,2209,-1,2209,2335,2336,-1,2209,2336,2210,-1,2210,2336,2337,-1,2210,2337,2211,-1,2211,2337,2338,-1,2211,2338,2212,-1,2212,2338,2339,-1,2212,2339,2213,-1,2213,2339,2340,-1,2213,2340,2214,-1,2214,2340,2341,-1,2214,2341,2215,-1,2215,2341,2342,-1,2215,2342,2216,-1,2216,2342,2343,-1,2216,2343,2217,-1,2217,2343,2344,-1,2217,2344,2218,-1,2218,2344,2345,-1,2218,2345,2219,-1,2219,2345,2346,-1,2219,2346,2220,-1,2220,2346,2347,-1,2220,2347,2221,-1,2221,2347,2348,-1,2221,2348,2222,-1,2222,2348,2349,-1,2222,2349,2223,-1,2223,2349,2350,-1,2223,2350,2224,-1,2224,2350,2351,-1,2224,2351,2225,-1,2225,2351,2352,-1,2225,2352,2226,-1,2226,2352,2353,-1,2226,2353,2227,-1,2227,2353,2354,-1,2227,2354,2228,-1,2228,2354,2355,-1,2228,2355,2229,-1,2229,2355,2356,-1,2229,2356,2230,-1,2230,2356,2357,-1,2230,2357,2231,-1,2231,2357,2358,-1,2231,2358,2232,-1,2232,2358,2359,-1,2232,2359,2233,-1,2233,2359,2360,-1,2233,2360,2234,-1,2234,2360,2361,-1,2234,2361,2235,-1,2235,2361,2362,-1,2235,2362,2236,-1,2236,2362,2363,-1,2236,2363,2237,-1,2237,2363,2364,-1,2237,2364,2238,-1,2238,2364,2365,-1,2238,2365,2239,-1,2239,2365,2366,-1,2239,2366,2240,-1,2240,2366,2367,-1,2240,2367,2241,-1,2241,2367,2368,-1,2241,2368,2242,-1,2242,2368,2369,-1,2242,2369,2243,-1,2243,2369,2370,-1,2243,2370,2244,-1,2244,2370,2371,-1,2244,2371,2245,-1,2245,2371,2372,-1,2245,2372,2246,-1,2246,2372,2373,-1,2246,2373,2247,-1,2247,2373,2374,-1,2247,2374,2248,-1,2248,2374,2375,-1,2248,2375,2249,-1,2249,2375,2376,-1,2249,2376,2250,-1,2250,2376,2377,-1,2250,2377,2251,-1,2251,2377,2378,-1,2251,2378,2252,-1,2252,2378,2379,-1,2252,2379,2253,-1,2253,2379,2380,-1,2253,2380,2254,-1,2254,2380,2381,-1,2254,2381,2255,-1,2255,2381,2382,-1,2255,2382,2256,-1,2256,2382,2383,-1,2256,2383,2257,-1,2257,2383,2384,-1,2257,2384,2258,-1,2258,2384,2385,-1,2258,2385,2259,-1,2259,2385,2386,-1,2259,2386,2260,-1,2260,2386,2387,-1,2260,2387,2261,-1,2261,2387,2388,-1,2261,2388,2262,-1,2262,2388,2389,-1,2262,2389,2263,-1,2263,2389,2390,-1,2263,2390,2264,-1,2264,2390,2391,-1,2264,2391,2265,-1,2265,2391,2392,-1,2265,2392,2266,-1,2266,2392,2393,-1,2266,2393,2267,-1,2267,2393,2394,-1,2267,2394,2268,-1,2268,2394,2395,-1,2268,2395,2269,-1,2269,2395,2396,-1,2269,2396,2270,-1,2270,2396,2397,-1,2270,2397,2271,-1,2271,2397,2398,-1,2271,2398,2272,-1,2272,2398,2399,-1,2272,2399,2273,-1,2273,2399,2400,-1,2273,2400,2274,-1,2274,2400,2401,-1,2274,2401,2275,-1,2275,2401,2402,-1,2275,2402,2276,-1,2276,2402,2403,-1,2276,2403,2277,-1,2277,2403,2404,-1,2277,2404,2278,-1,2278,2404,2405,-1,2278,2405,2279,-1,2279,2405,2406,-1,2279,2406,2280,-1,2280,2406,2407,-1,2280,2407,2281,-1,2281,2407,2408,-1,2281,2408,2282,-1,2282,2408,2409,-1,2282,2409,2283,-1,2283,2409,2410,-1,2283,2410,2284,-1,2284,2410,2411,-1,2284,2411,2285,-1,2285,2411,2412,-1,2285,2412,2286,-1,2286,2412,2413,-1,2286,2413,2287,-1,2287,2413,2414,-1,2287,2414,2288,-1,2288,2414,2415,-1,2288,2415,2289,-1,2416,2417,2303,-1,2303,2417,2302,-1,2302,2417,2418,-1,2302,2418,2301,-1,2301,2418,2419,-1,2301,2419,2300,-1,2300,2419,2420,-1,2300,2420,2299,-1,2299,2420,2421,-1,2299,2421,2298,-1,2298,2421,2422,-1,2298,2422,2297,-1,2297,2422,2423,-1,2297,2423,2296,-1,2296,2423,2424,-1,2296,2424,2295,-1,2295,2424,2425,-1,2295,2425,2294,-1,2294,2425,2426,-1,2294,2426,2293,-1,2293,2426,2427,-1,2293,2427,2292,-1,2292,2427,2428,-1,2292,2428,2291,-1,2291,2428,2429,-1,2291,2429,2290,-1,2290,2429,58,-1,2290,58,52,-1,52,58,60,-1,52,60,50,-1,2304,2430,2305,-1,2305,2430,2431,-1,2305,2431,2306,-1,2306,2431,2432,-1,2306,2432,2307,-1,2307,2432,2433,-1,2307,2433,2308,-1,2308,2433,2434,-1,2308,2434,2309,-1,2309,2434,2435,-1,2309,2435,2310,-1,2310,2435,2436,-1,2310,2436,2311,-1,2311,2436,2437,-1,2311,2437,2312,-1,2312,2437,2438,-1,2312,2438,2313,-1,2313,2438,2439,-1,2313,2439,2314,-1,2314,2439,2440,-1,2314,2440,2315,-1,2315,2440,2441,-1,2315,2441,2316,-1,2316,2441,2442,-1,2316,2442,2317,-1,2317,2442,2443,-1,2317,2443,2318,-1,2318,2443,2444,-1,2318,2444,2319,-1,2319,2444,2445,-1,2319,2445,2320,-1,2320,2445,2446,-1,2320,2446,2321,-1,2321,2446,2447,-1,2321,2447,2322,-1,2322,2447,2448,-1,2322,2448,2323,-1,2323,2448,2449,-1,2323,2449,2324,-1,2324,2449,2450,-1,2324,2450,2325,-1,2325,2450,2451,-1,2325,2451,2326,-1,2326,2451,2452,-1,2326,2452,2327,-1,2327,2452,2453,-1,2327,2453,2328,-1,2328,2453,2454,-1,2328,2454,2329,-1,2329,2454,2455,-1,2329,2455,2330,-1,2330,2455,2456,-1,2330,2456,2331,-1,2331,2456,2457,-1,2331,2457,2332,-1,2332,2457,2458,-1,2332,2458,2333,-1,2333,2458,2459,-1,2333,2459,2334,-1,2334,2459,2460,-1,2334,2460,2335,-1,2335,2460,2461,-1,2335,2461,2336,-1,2336,2461,2462,-1,2336,2462,2337,-1,2337,2462,2463,-1,2337,2463,2338,-1,2338,2463,2464,-1,2338,2464,2339,-1,2339,2464,2465,-1,2339,2465,2340,-1,2340,2465,2466,-1,2340,2466,2341,-1,2341,2466,2467,-1,2341,2467,2342,-1,2342,2467,2468,-1,2342,2468,2343,-1,2343,2468,2469,-1,2343,2469,2344,-1,2344,2469,2470,-1,2344,2470,2345,-1,2345,2470,2471,-1,2345,2471,2346,-1,2346,2471,2472,-1,2346,2472,2347,-1,2347,2472,2473,-1,2347,2473,2348,-1,2348,2473,2474,-1,2348,2474,2349,-1,2349,2474,2475,-1,2349,2475,2350,-1,2350,2475,2476,-1,2350,2476,2351,-1,2351,2476,2477,-1,2351,2477,2352,-1,2352,2477,2478,-1,2352,2478,2353,-1,2353,2478,2479,-1,2353,2479,2354,-1,2354,2479,2480,-1,2354,2480,2355,-1,2355,2480,2481,-1,2355,2481,2356,-1,2356,2481,2482,-1,2356,2482,2357,-1,2357,2482,2483,-1,2357,2483,2358,-1,2358,2483,2484,-1,2358,2484,2359,-1,2359,2484,2485,-1,2359,2485,2360,-1,2360,2485,2486,-1,2360,2486,2361,-1,2361,2486,2487,-1,2361,2487,2362,-1,2362,2487,2488,-1,2362,2488,2363,-1,2363,2488,2489,-1,2363,2489,2364,-1,2364,2489,2490,-1,2364,2490,2365,-1,2365,2490,2491,-1,2365,2491,2366,-1,2366,2491,2492,-1,2366,2492,2367,-1,2367,2492,2493,-1,2367,2493,2368,-1,2368,2493,2494,-1,2368,2494,2369,-1,2369,2494,2495,-1,2369,2495,2370,-1,2370,2495,2496,-1,2370,2496,2371,-1,2371,2496,2497,-1,2371,2497,2372,-1,2372,2497,2498,-1,2372,2498,2373,-1,2373,2498,2499,-1,2373,2499,2374,-1,2374,2499,2500,-1,2374,2500,2375,-1,2375,2500,2501,-1,2375,2501,2376,-1,2376,2501,2502,-1,2376,2502,2377,-1,2377,2502,2503,-1,2377,2503,2378,-1,2378,2503,2504,-1,2378,2504,2379,-1,2379,2504,2505,-1,2379,2505,2380,-1,2380,2505,2506,-1,2380,2506,2381,-1,2381,2506,2507,-1,2381,2507,2382,-1,2382,2507,2508,-1,2382,2508,2383,-1,2383,2508,2509,-1,2383,2509,2384,-1,2384,2509,2510,-1,2384,2510,2385,-1,2385,2510,2511,-1,2385,2511,2386,-1,2386,2511,2512,-1,2386,2512,2387,-1,2387,2512,2513,-1,2387,2513,2388,-1,2388,2513,2514,-1,2388,2514,2389,-1,2389,2514,2515,-1,2389,2515,2390,-1,2390,2515,2516,-1,2390,2516,2391,-1,2391,2516,2517,-1,2391,2517,2392,-1,2392,2517,2518,-1,2392,2518,2393,-1,2393,2518,2519,-1,2393,2519,2394,-1,2394,2519,2520,-1,2394,2520,2395,-1,2395,2520,2521,-1,2395,2521,2396,-1,2396,2521,2522,-1,2396,2522,2397,-1,2397,2522,2523,-1,2397,2523,2398,-1,2398,2523,2524,-1,2398,2524,2399,-1,2399,2524,2525,-1,2399,2525,2400,-1,2400,2525,2526,-1,2400,2526,2401,-1,2401,2526,2527,-1,2401,2527,2402,-1,2402,2527,2528,-1,2402,2528,2403,-1,2403,2528,2529,-1,2403,2529,2404,-1,2404,2529,2530,-1,2404,2530,2405,-1,2405,2530,2531,-1,2405,2531,2406,-1,2406,2531,2532,-1,2406,2532,2407,-1,2407,2532,2533,-1,2407,2533,2408,-1,2408,2533,2534,-1,2408,2534,2409,-1,2409,2534,2535,-1,2409,2535,2410,-1,2410,2535,2536,-1,2410,2536,2411,-1,2411,2536,2537,-1,2411,2537,2412,-1,2412,2537,2538,-1,2412,2538,2413,-1,2413,2538,2539,-1,2413,2539,2414,-1,2414,2539,2540,-1,2414,2540,2415,-1,2541,2542,2416,-1,2416,2542,2417,-1,2417,2542,2543,-1,2417,2543,2418,-1,2418,2543,2544,-1,2418,2544,2419,-1,2419,2544,2545,-1,2419,2545,2420,-1,2420,2545,2546,-1,2420,2546,2421,-1,2421,2546,2547,-1,2421,2547,2422,-1,2422,2547,2548,-1,2422,2548,2423,-1,2423,2548,2549,-1,2423,2549,2424,-1,2424,2549,2550,-1,2424,2550,2425,-1,2425,2550,2551,-1,2425,2551,2426,-1,2426,2551,2552,-1,2426,2552,2427,-1,2427,2552,2553,-1,2427,2553,2428,-1,2428,2553,2554,-1,2428,2554,2429,-1,2429,2554,35,-1,2429,35,58,-1,58,35,34,-1,58,34,56,-1,2430,2555,2431,-1,2431,2555,2556,-1,2431,2556,2432,-1,2432,2556,2557,-1,2432,2557,2433,-1,2433,2557,2558,-1,2433,2558,2434,-1,2434,2558,2559,-1,2434,2559,2435,-1,2435,2559,2560,-1,2435,2560,2436,-1,2436,2560,2561,-1,2436,2561,2437,-1,2437,2561,2562,-1,2437,2562,2438,-1,2438,2562,2563,-1,2438,2563,2439,-1,2439,2563,2564,-1,2439,2564,2440,-1,2440,2564,2565,-1,2440,2565,2441,-1,2441,2565,2566,-1,2441,2566,2442,-1,2442,2566,2567,-1,2442,2567,2443,-1,2443,2567,2568,-1,2443,2568,2444,-1,2444,2568,2569,-1,2444,2569,2445,-1,2445,2569,2570,-1,2445,2570,2446,-1,2446,2570,2571,-1,2446,2571,2447,-1,2447,2571,2572,-1,2447,2572,2448,-1,2448,2572,2573,-1,2448,2573,2449,-1,2449,2573,2574,-1,2449,2574,2450,-1,2450,2574,2575,-1,2450,2575,2451,-1,2451,2575,2576,-1,2451,2576,2452,-1,2452,2576,2577,-1,2452,2577,2453,-1,2453,2577,2578,-1,2453,2578,2454,-1,2454,2578,2579,-1,2454,2579,2455,-1,2455,2579,2580,-1,2455,2580,2456,-1,2456,2580,2581,-1,2456,2581,2457,-1,2457,2581,2582,-1,2457,2582,2458,-1,2458,2582,2583,-1,2458,2583,2459,-1,2459,2583,2584,-1,2459,2584,2460,-1,2460,2584,2585,-1,2460,2585,2461,-1,2461,2585,2586,-1,2461,2586,2462,-1,2462,2586,2587,-1,2462,2587,2463,-1,2463,2587,2588,-1,2463,2588,2464,-1,2464,2588,2589,-1,2464,2589,2465,-1,2465,2589,2590,-1,2465,2590,2466,-1,2466,2590,2591,-1,2466,2591,2467,-1,2467,2591,2592,-1,2467,2592,2468,-1,2468,2592,2593,-1,2468,2593,2469,-1,2469,2593,2594,-1,2469,2594,2470,-1,2470,2594,2595,-1,2470,2595,2471,-1,2471,2595,2596,-1,2471,2596,2472,-1,2472,2596,2597,-1,2472,2597,2473,-1,2473,2597,2598,-1,2473,2598,2474,-1,2474,2598,2599,-1,2474,2599,2475,-1,2475,2599,2600,-1,2475,2600,2476,-1,2476,2600,2601,-1,2476,2601,2477,-1,2477,2601,2602,-1,2477,2602,2478,-1,2478,2602,2603,-1,2478,2603,2479,-1,2479,2603,2604,-1,2479,2604,2480,-1,2480,2604,2605,-1,2480,2605,2481,-1,2481,2605,2606,-1,2481,2606,2482,-1,2482,2606,2607,-1,2482,2607,2483,-1,2483,2607,2608,-1,2483,2608,2484,-1,2484,2608,2609,-1,2484,2609,2485,-1,2485,2609,2610,-1,2485,2610,2486,-1,2486,2610,2611,-1,2486,2611,2487,-1,2487,2611,2612,-1,2487,2612,2488,-1,2488,2612,2613,-1,2488,2613,2489,-1,2489,2613,2614,-1,2489,2614,2490,-1,2490,2614,2615,-1,2490,2615,2491,-1,2491,2615,2616,-1,2491,2616,2492,-1,2492,2616,2617,-1,2492,2617,2493,-1,2493,2617,2618,-1,2493,2618,2494,-1,2494,2618,2619,-1,2494,2619,2495,-1,2495,2619,2620,-1,2495,2620,2496,-1,2496,2620,2621,-1,2496,2621,2497,-1,2497,2621,2622,-1,2497,2622,2498,-1,2498,2622,2623,-1,2498,2623,2499,-1,2499,2623,2624,-1,2499,2624,2500,-1,2500,2624,2625,-1,2500,2625,2501,-1,2501,2625,2626,-1,2501,2626,2502,-1,2502,2626,2627,-1,2502,2627,2503,-1,2503,2627,2628,-1,2503,2628,2504,-1,2504,2628,2629,-1,2504,2629,2505,-1,2505,2629,2630,-1,2505,2630,2506,-1,2506,2630,2631,-1,2506,2631,2507,-1,2507,2631,2632,-1,2507,2632,2508,-1,2508,2632,2633,-1,2508,2633,2509,-1,2509,2633,2634,-1,2509,2634,2510,-1,2510,2634,2635,-1,2510,2635,2511,-1,2511,2635,2636,-1,2511,2636,2512,-1,2512,2636,2637,-1,2512,2637,2513,-1,2513,2637,2638,-1,2513,2638,2514,-1,2514,2638,2639,-1,2514,2639,2515,-1,2515,2639,2640,-1,2515,2640,2516,-1,2516,2640,2641,-1,2516,2641,2517,-1,2517,2641,2642,-1,2517,2642,2518,-1,2518,2642,2643,-1,2518,2643,2519,-1,2519,2643,2644,-1,2519,2644,2520,-1,2520,2644,2645,-1,2520,2645,2521,-1,2521,2645,2646,-1,2521,2646,2522,-1,2522,2646,2647,-1,2522,2647,2523,-1,2523,2647,2648,-1,2523,2648,2524,-1,2524,2648,2649,-1,2524,2649,2525,-1,2525,2649,2650,-1,2525,2650,2526,-1,2526,2650,2651,-1,2526,2651,2527,-1,2527,2651,2652,-1,2527,2652,2528,-1,2528,2652,2653,-1,2528,2653,2529,-1,2529,2653,2654,-1,2529,2654,2530,-1,2530,2654,2655,-1,2530,2655,2531,-1,2531,2655,2656,-1,2531,2656,2532,-1,2532,2656,2657,-1,2532,2657,2533,-1,2533,2657,2658,-1,2533,2658,2534,-1,2534,2658,2659,-1,2534,2659,2535,-1,2535,2659,2660,-1,2535,2660,2536,-1,2536,2660,2661,-1,2536,2661,2537,-1,2537,2661,2662,-1,2537,2662,2538,-1,2538,2662,2663,-1,2538,2663,2539,-1,2539,2663,2664,-1,2539,2664,2540,-1,66,61,64,-1,64,61,35,-1,64,35,68,-1,68,35,2554,-1,68,2554,2665,-1,2665,2554,2553,-1,2665,2553,2666,-1,2666,2553,2552,-1,2666,2552,2667,-1,2667,2552,2551,-1,2667,2551,2668,-1,2668,2551,2550,-1,2668,2550,2669,-1,2669,2550,2549,-1,2669,2549,2670,-1,2670,2549,2548,-1,2670,2548,2671,-1,2671,2548,2547,-1,2671,2547,2672,-1,2672,2547,2546,-1,2672,2546,2673,-1,2673,2546,2545,-1,2673,2545,2674,-1,2674,2545,2544,-1,2674,2544,2675,-1,2675,2544,2543,-1,2675,2543,2676,-1,2676,2543,2542,-1,2676,2542,2677,-1,2677,2542,2541,-1,2677,2541,2678,-1,2555,2679,2556,-1,2556,2679,2680,-1,2556,2680,2557,-1,2557,2680,2681,-1,2557,2681,2558,-1,2558,2681,2682,-1,2558,2682,2559,-1,2559,2682,2683,-1,2559,2683,2560,-1,2560,2683,2684,-1,2560,2684,2561,-1,2561,2684,2685,-1,2561,2685,2562,-1,2562,2685,2686,-1,2562,2686,2563,-1,2563,2686,2687,-1,2563,2687,2564,-1,2564,2687,2688,-1,2564,2688,2565,-1,2565,2688,2689,-1,2565,2689,2566,-1,2566,2689,2690,-1,2566,2690,2567,-1,2567,2690,2691,-1,2567,2691,2568,-1,2568,2691,2692,-1,2568,2692,2569,-1,2569,2692,2693,-1,2569,2693,2570,-1,2570,2693,2694,-1,2570,2694,2571,-1,2571,2694,2695,-1,2571,2695,2572,-1,2572,2695,2696,-1,2572,2696,2573,-1,2573,2696,2697,-1,2573,2697,2574,-1,2574,2697,2698,-1,2574,2698,2575,-1,2575,2698,2699,-1,2575,2699,2576,-1,2576,2699,2700,-1,2576,2700,2577,-1,2577,2700,2701,-1,2577,2701,2578,-1,2578,2701,2702,-1,2578,2702,2579,-1,2579,2702,2703,-1,2579,2703,2580,-1,2580,2703,2704,-1,2580,2704,2581,-1,2581,2704,2705,-1,2581,2705,2582,-1,2582,2705,2706,-1,2582,2706,2583,-1,2583,2706,2707,-1,2583,2707,2584,-1,2584,2707,2708,-1,2584,2708,2585,-1,2585,2708,2709,-1,2585,2709,2586,-1,2586,2709,2710,-1,2586,2710,2587,-1,2587,2710,2711,-1,2587,2711,2588,-1,2588,2711,2712,-1,2588,2712,2589,-1,2589,2712,2713,-1,2589,2713,2590,-1,2590,2713,2714,-1,2590,2714,2591,-1,2591,2714,2715,-1,2591,2715,2592,-1,2592,2715,2716,-1,2592,2716,2593,-1,2593,2716,2717,-1,2593,2717,2594,-1,2594,2717,2718,-1,2594,2718,2595,-1,2595,2718,2719,-1,2595,2719,2596,-1,2596,2719,2720,-1,2596,2720,2597,-1,2597,2720,2721,-1,2597,2721,2598,-1,2598,2721,2722,-1,2598,2722,2599,-1,2599,2722,2723,-1,2599,2723,2600,-1,2600,2723,2724,-1,2600,2724,2601,-1,2601,2724,2725,-1,2601,2725,2602,-1,2602,2725,2726,-1,2602,2726,2603,-1,2603,2726,2727,-1,2603,2727,2604,-1,2604,2727,2728,-1,2604,2728,2605,-1,2605,2728,2729,-1,2605,2729,2606,-1,2606,2729,2730,-1,2606,2730,2607,-1,2607,2730,2731,-1,2607,2731,2608,-1,2608,2731,2732,-1,2608,2732,2609,-1,2609,2732,2733,-1,2609,2733,2610,-1,2610,2733,2734,-1,2610,2734,2611,-1,2611,2734,2735,-1,2611,2735,2612,-1,2612,2735,2736,-1,2612,2736,2613,-1,2613,2736,2737,-1,2613,2737,2614,-1,2614,2737,2738,-1,2614,2738,2615,-1,2615,2738,2739,-1,2615,2739,2616,-1,2616,2739,2740,-1,2616,2740,2617,-1,2617,2740,2741,-1,2617,2741,2618,-1,2618,2741,2742,-1,2618,2742,2619,-1,2619,2742,2743,-1,2619,2743,2620,-1,2620,2743,2744,-1,2620,2744,2621,-1,2621,2744,2745,-1,2621,2745,2622,-1,2622,2745,2746,-1,2622,2746,2623,-1,2623,2746,2747,-1,2623,2747,2624,-1,2624,2747,2748,-1,2624,2748,2625,-1,2625,2748,2749,-1,2625,2749,2626,-1,2626,2749,2750,-1,2626,2750,2627,-1,2627,2750,2751,-1,2627,2751,2628,-1,2628,2751,2752,-1,2628,2752,2629,-1,2629,2752,2753,-1,2629,2753,2630,-1,2630,2753,2754,-1,2630,2754,2631,-1,2631,2754,2755,-1,2631,2755,2632,-1,2632,2755,2756,-1,2632,2756,2633,-1,2633,2756,2757,-1,2633,2757,2634,-1,2634,2757,2758,-1,2634,2758,2635,-1,2635,2758,2759,-1,2635,2759,2636,-1,2636,2759,2760,-1,2636,2760,2637,-1,2637,2760,2761,-1,2637,2761,2638,-1,2638,2761,2762,-1,2638,2762,2639,-1,2639,2762,2763,-1,2639,2763,2640,-1,2640,2763,2764,-1,2640,2764,2641,-1,2641,2764,2765,-1,2641,2765,2642,-1,2642,2765,2766,-1,2642,2766,2643,-1,2643,2766,2767,-1,2643,2767,2644,-1,2644,2767,2768,-1,2644,2768,2645,-1,2645,2768,2769,-1,2645,2769,2646,-1,2646,2769,2770,-1,2646,2770,2647,-1,2647,2770,2771,-1,2647,2771,2648,-1,2648,2771,2772,-1,2648,2772,2649,-1,2649,2772,2773,-1,2649,2773,2650,-1,2650,2773,2774,-1,2650,2774,2651,-1,2651,2774,2775,-1,2651,2775,2652,-1,2652,2775,2776,-1,2652,2776,2653,-1,2653,2776,2777,-1,2653,2777,2654,-1,2654,2777,2778,-1,2654,2778,2655,-1,2655,2778,2779,-1,2655,2779,2656,-1,2656,2779,2780,-1,2656,2780,2657,-1,2657,2780,2781,-1,2657,2781,2658,-1,2658,2781,2782,-1,2658,2782,2659,-1,2659,2782,2783,-1,2659,2783,2660,-1,2660,2783,2784,-1,2660,2784,2661,-1,2661,2784,2785,-1,2661,2785,2662,-1,2662,2785,2786,-1,2662,2786,2663,-1,2663,2786,2787,-1,2663,2787,2664,-1,80,69,75,-1,75,69,68,-1,75,68,2788,-1,2788,68,2665,-1,2788,2665,2789,-1,2789,2665,2666,-1,2789,2666,2790,-1,2790,2666,2667,-1,2790,2667,2791,-1,2791,2667,2668,-1,2791,2668,2792,-1,2792,2668,2669,-1,2792,2669,2793,-1,2793,2669,2670,-1,2793,2670,2794,-1,2794,2670,2671,-1,2794,2671,2795,-1,2795,2671,2672,-1,2795,2672,2796,-1,2796,2672,2673,-1,2796,2673,2797,-1,2797,2673,2674,-1,2797,2674,2798,-1,2798,2674,2675,-1,2798,2675,2799,-1,2799,2675,2676,-1,2799,2676,2800,-1,2800,2676,2677,-1,2800,2677,2801,-1,2801,2677,2678,-1,2801,2678,2802,-1,2679,2803,2680,-1,2680,2803,2804,-1,2680,2804,2681,-1,2681,2804,2805,-1,2681,2805,2682,-1,2682,2805,2806,-1,2682,2806,2683,-1,2683,2806,2807,-1,2683,2807,2684,-1,2684,2807,2808,-1,2684,2808,2685,-1,2685,2808,2809,-1,2685,2809,2686,-1,2686,2809,2810,-1,2686,2810,2687,-1,2687,2810,2811,-1,2687,2811,2688,-1,2688,2811,2812,-1,2688,2812,2689,-1,2689,2812,2813,-1,2689,2813,2690,-1,2690,2813,2814,-1,2690,2814,2691,-1,2691,2814,2815,-1,2691,2815,2692,-1,2692,2815,2816,-1,2692,2816,2693,-1,2693,2816,2817,-1,2693,2817,2694,-1,2694,2817,2818,-1,2694,2818,2695,-1,2695,2818,2819,-1,2695,2819,2696,-1,2696,2819,2820,-1,2696,2820,2697,-1,2697,2820,2821,-1,2697,2821,2698,-1,2698,2821,2822,-1,2698,2822,2699,-1,2699,2822,2823,-1,2699,2823,2700,-1,2700,2823,2824,-1,2700,2824,2701,-1,2701,2824,2825,-1,2701,2825,2702,-1,2702,2825,2826,-1,2702,2826,2703,-1,2703,2826,2827,-1,2703,2827,2704,-1,2704,2827,2828,-1,2704,2828,2705,-1,2705,2828,2829,-1,2705,2829,2706,-1,2706,2829,2830,-1,2706,2830,2707,-1,2707,2830,2831,-1,2707,2831,2708,-1,2708,2831,2832,-1,2708,2832,2709,-1,2709,2832,2833,-1,2709,2833,2710,-1,2710,2833,2834,-1,2710,2834,2711,-1,2711,2834,2835,-1,2711,2835,2712,-1,2712,2835,2836,-1,2712,2836,2713,-1,2713,2836,2837,-1,2713,2837,2714,-1,2714,2837,2838,-1,2714,2838,2715,-1,2715,2838,2839,-1,2715,2839,2716,-1,2716,2839,2840,-1,2716,2840,2717,-1,2717,2840,2841,-1,2717,2841,2718,-1,2718,2841,2842,-1,2718,2842,2719,-1,2719,2842,2843,-1,2719,2843,2720,-1,2720,2843,2844,-1,2720,2844,2721,-1,2721,2844,2845,-1,2721,2845,2722,-1,2722,2845,2846,-1,2722,2846,2723,-1,2723,2846,2847,-1,2723,2847,2724,-1,2724,2847,2848,-1,2724,2848,2725,-1,2725,2848,2849,-1,2725,2849,2726,-1,2726,2849,2850,-1,2726,2850,2727,-1,2727,2850,2851,-1,2727,2851,2728,-1,2728,2851,2852,-1,2728,2852,2729,-1,2729,2852,2853,-1,2729,2853,2730,-1,2730,2853,2854,-1,2730,2854,2731,-1,2731,2854,2855,-1,2731,2855,2732,-1,2732,2855,2856,-1,2732,2856,2733,-1,2733,2856,2857,-1,2733,2857,2734,-1,2734,2857,2858,-1,2734,2858,2735,-1,2735,2858,2859,-1,2735,2859,2736,-1,2736,2859,2860,-1,2736,2860,2737,-1,2737,2860,2861,-1,2737,2861,2738,-1,2738,2861,2862,-1,2738,2862,2739,-1,2739,2862,2863,-1,2739,2863,2740,-1,2740,2863,2864,-1,2740,2864,2741,-1,2741,2864,2865,-1,2741,2865,2742,-1,2742,2865,2866,-1,2742,2866,2743,-1,2743,2866,2867,-1,2743,2867,2744,-1,2744,2867,2868,-1,2744,2868,2745,-1,2745,2868,2869,-1,2745,2869,2746,-1,2746,2869,2870,-1,2746,2870,2747,-1,2747,2870,2871,-1,2747,2871,2748,-1,2748,2871,2872,-1,2748,2872,2749,-1,2749,2872,2873,-1,2749,2873,2750,-1,2750,2873,2874,-1,2750,2874,2751,-1,2751,2874,2875,-1,2751,2875,2752,-1,2752,2875,2876,-1,2752,2876,2753,-1,2753,2876,2877,-1,2753,2877,2754,-1,2754,2877,2878,-1,2754,2878,2755,-1,2755,2878,2879,-1,2755,2879,2756,-1,2756,2879,2880,-1,2756,2880,2757,-1,2757,2880,2881,-1,2757,2881,2758,-1,2758,2881,2882,-1,2758,2882,2759,-1,2759,2882,2883,-1,2759,2883,2760,-1,2760,2883,2884,-1,2760,2884,2761,-1,2761,2884,2885,-1,2761,2885,2762,-1,2762,2885,2886,-1,2762,2886,2763,-1,2763,2886,2887,-1,2763,2887,2764,-1,2764,2887,2888,-1,2764,2888,2765,-1,2765,2888,2889,-1,2765,2889,2766,-1,2766,2889,2890,-1,2766,2890,2767,-1,2767,2890,2891,-1,2767,2891,2768,-1,2768,2891,2892,-1,2768,2892,2769,-1,2769,2892,2893,-1,2769,2893,2770,-1,2770,2893,2894,-1,2770,2894,2771,-1,2771,2894,2895,-1,2771,2895,2772,-1,2772,2895,2896,-1,2772,2896,2773,-1,2773,2896,2897,-1,2773,2897,2774,-1,2774,2897,2898,-1,2774,2898,2775,-1,2775,2898,2899,-1,2775,2899,2776,-1,2776,2899,2900,-1,2776,2900,2777,-1,2777,2900,2901,-1,2777,2901,2778,-1,2778,2901,2902,-1,2778,2902,2779,-1,2779,2902,2903,-1,2779,2903,2780,-1,2780,2903,2904,-1,2780,2904,2781,-1,2781,2904,2905,-1,2781,2905,2782,-1,2782,2905,2906,-1,2782,2906,2783,-1,2783,2906,2907,-1,2783,2907,2784,-1,2784,2907,2908,-1,2784,2908,2785,-1,2785,2908,2909,-1,2785,2909,2786,-1,2786,2909,2910,-1,2786,2910,2787,-1,72,73,32,-1,32,73,75,-1,32,75,2911,-1,2911,75,2788,-1,2911,2788,2912,-1,2912,2788,2789,-1,2912,2789,2913,-1,2913,2789,2790,-1,2913,2790,2914,-1,2914,2790,2791,-1,2914,2791,2915,-1,2915,2791,2792,-1,2915,2792,2916,-1,2916,2792,2793,-1,2916,2793,2917,-1,2917,2793,2794,-1,2917,2794,2918,-1,2918,2794,2795,-1,2918,2795,2919,-1,2919,2795,2796,-1,2919,2796,2920,-1,2920,2796,2797,-1,2920,2797,2921,-1,2921,2797,2798,-1,2921,2798,2922,-1,2922,2798,2799,-1,2922,2799,2923,-1,2923,2799,2800,-1,2923,2800,2924,-1,2924,2800,2801,-1,2924,2801,2925,-1,2925,2801,2802,-1,2925,2802,2926,-1,2803,2927,2804,-1,2804,2927,2928,-1,2804,2928,2805,-1,2805,2928,2929,-1,2805,2929,2806,-1,2806,2929,2930,-1,2806,2930,2807,-1,2807,2930,2931,-1,2807,2931,2808,-1,2808,2931,2932,-1,2808,2932,2809,-1,2809,2932,2933,-1,2809,2933,2810,-1,2810,2933,2934,-1,2810,2934,2811,-1,2811,2934,2935,-1,2811,2935,2812,-1,2812,2935,2936,-1,2812,2936,2813,-1,2813,2936,2937,-1,2813,2937,2814,-1,2814,2937,2938,-1,2814,2938,2815,-1,2815,2938,2939,-1,2815,2939,2816,-1,2816,2939,2940,-1,2816,2940,2817,-1,2817,2940,2941,-1,2817,2941,2818,-1,2818,2941,2942,-1,2818,2942,2819,-1,2819,2942,2943,-1,2819,2943,2820,-1,2820,2943,2944,-1,2820,2944,2821,-1,2821,2944,2945,-1,2821,2945,2822,-1,2822,2945,2946,-1,2822,2946,2823,-1,2823,2946,2947,-1,2823,2947,2824,-1,2824,2947,2948,-1,2824,2948,2825,-1,2825,2948,2949,-1,2825,2949,2826,-1,2826,2949,2950,-1,2826,2950,2827,-1,2827,2950,2951,-1,2827,2951,2828,-1,2828,2951,2952,-1,2828,2952,2829,-1,2829,2952,2953,-1,2829,2953,2830,-1,2830,2953,2954,-1,2830,2954,2831,-1,2831,2954,2955,-1,2831,2955,2832,-1,2832,2955,2956,-1,2832,2956,2833,-1,2833,2956,2957,-1,2833,2957,2834,-1,2834,2957,2958,-1,2834,2958,2835,-1,2835,2958,2959,-1,2835,2959,2836,-1,2836,2959,2960,-1,2836,2960,2837,-1,2837,2960,2961,-1,2837,2961,2838,-1,2838,2961,2962,-1,2838,2962,2839,-1,2839,2962,2963,-1,2839,2963,2840,-1,2840,2963,2964,-1,2840,2964,2841,-1,2841,2964,2965,-1,2841,2965,2842,-1,2842,2965,2966,-1,2842,2966,2843,-1,2843,2966,2967,-1,2843,2967,2844,-1,2844,2967,2968,-1,2844,2968,2845,-1,2845,2968,2969,-1,2845,2969,2846,-1,2846,2969,2970,-1,2846,2970,2847,-1,2847,2970,2971,-1,2847,2971,2848,-1,2848,2971,2972,-1,2848,2972,2849,-1,2849,2972,2973,-1,2849,2973,2850,-1,2850,2973,2974,-1,2850,2974,2851,-1,2851,2974,2975,-1,2851,2975,2852,-1,2852,2975,2976,-1,2852,2976,2853,-1,2853,2976,2977,-1,2853,2977,2854,-1,2854,2977,2978,-1,2854,2978,2855,-1,2855,2978,2979,-1,2855,2979,2856,-1,2856,2979,2980,-1,2856,2980,2857,-1,2857,2980,2981,-1,2857,2981,2858,-1,2858,2981,2982,-1,2858,2982,2859,-1,2859,2982,2983,-1,2859,2983,2860,-1,2860,2983,2984,-1,2860,2984,2861,-1,2861,2984,2985,-1,2861,2985,2862,-1,2862,2985,2986,-1,2862,2986,2863,-1,2863,2986,2987,-1,2863,2987,2864,-1,2864,2987,2988,-1,2864,2988,2865,-1,2865,2988,2989,-1,2865,2989,2866,-1,2866,2989,2990,-1,2866,2990,2867,-1,2867,2990,2991,-1,2867,2991,2868,-1,2868,2991,2992,-1,2868,2992,2869,-1,2869,2992,2993,-1,2869,2993,2870,-1,2870,2993,2994,-1,2870,2994,2871,-1,2871,2994,2995,-1,2871,2995,2872,-1,2872,2995,2996,-1,2872,2996,2873,-1,2873,2996,2997,-1,2873,2997,2874,-1,2874,2997,2998,-1,2874,2998,2875,-1,2875,2998,2999,-1,2875,2999,2876,-1,2876,2999,3000,-1,2876,3000,2877,-1,2877,3000,3001,-1,2877,3001,2878,-1,2878,3001,3002,-1,2878,3002,2879,-1,2879,3002,3003,-1,2879,3003,2880,-1,2880,3003,3004,-1,2880,3004,2881,-1,2881,3004,3005,-1,2881,3005,2882,-1,2882,3005,3006,-1,2882,3006,2883,-1,2883,3006,3007,-1,2883,3007,2884,-1,2884,3007,3008,-1,2884,3008,2885,-1,2885,3008,3009,-1,2885,3009,2886,-1,2886,3009,3010,-1,2886,3010,2887,-1,2887,3010,3011,-1,2887,3011,2888,-1,2888,3011,3012,-1,2888,3012,2889,-1,2889,3012,3013,-1,2889,3013,2890,-1,2890,3013,3014,-1,2890,3014,2891,-1,2891,3014,3015,-1,2891,3015,2892,-1,2892,3015,3016,-1,2892,3016,2893,-1,2893,3016,3017,-1,2893,3017,2894,-1,2894,3017,3018,-1,2894,3018,2895,-1,2895,3018,3019,-1,2895,3019,2896,-1,2896,3019,3020,-1,2896,3020,2897,-1,2897,3020,3021,-1,2897,3021,2898,-1,2898,3021,3022,-1,2898,3022,2899,-1,2899,3022,3023,-1,2899,3023,2900,-1,2900,3023,3024,-1,2900,3024,2901,-1,2901,3024,3025,-1,2901,3025,2902,-1,2902,3025,3026,-1,2902,3026,2903,-1,2903,3026,3027,-1,2903,3027,2904,-1,2904,3027,3028,-1,2904,3028,2905,-1,2905,3028,3029,-1,2905,3029,2906,-1,2906,3029,3030,-1,2906,3030,2907,-1,2907,3030,3031,-1,2907,3031,2908,-1,2908,3031,3032,-1,2908,3032,2909,-1,2909,3032,3033,-1,2909,3033,2910,-1,82,30,83,-1,83,30,32,-1,83,32,3034,-1,3034,32,2911,-1,3034,2911,3035,-1,3035,2911,2912,-1,3035,2912,3036,-1,3036,2912,2913,-1,3036,2913,3037,-1,3037,2913,2914,-1,3037,2914,3038,-1,3038,2914,2915,-1,3038,2915,3039,-1,3039,2915,2916,-1,3039,2916,3040,-1,3040,2916,2917,-1,3040,2917,3041,-1,3041,2917,2918,-1,3041,2918,3042,-1,3042,2918,2919,-1,3042,2919,3043,-1,3043,2919,2920,-1,3043,2920,3044,-1,3044,2920,2921,-1,3044,2921,3045,-1,3045,2921,2922,-1,3045,2922,3046,-1,3046,2922,2923,-1,3046,2923,3047,-1,3047,2923,2924,-1,3047,2924,3048,-1,3048,2924,2925,-1,3048,2925,3049,-1,3049,2925,2926,-1,3049,2926,3050,-1,2927,3051,2928,-1,2928,3051,3052,-1,2928,3052,2929,-1,2929,3052,3053,-1,2929,3053,2930,-1,2930,3053,3054,-1,2930,3054,2931,-1,2931,3054,3055,-1,2931,3055,2932,-1,2932,3055,3056,-1,2932,3056,2933,-1,2933,3056,3057,-1,2933,3057,2934,-1,2934,3057,3058,-1,2934,3058,2935,-1,2935,3058,3059,-1,2935,3059,2936,-1,2936,3059,3060,-1,2936,3060,2937,-1,2937,3060,3061,-1,2937,3061,2938,-1,2938,3061,3062,-1,2938,3062,2939,-1,2939,3062,3063,-1,2939,3063,2940,-1,2940,3063,3064,-1,2940,3064,2941,-1,2941,3064,3065,-1,2941,3065,2942,-1,2942,3065,3066,-1,2942,3066,2943,-1,2943,3066,3067,-1,2943,3067,2944,-1,2944,3067,3068,-1,2944,3068,2945,-1,2945,3068,3069,-1,2945,3069,2946,-1,2946,3069,3070,-1,2946,3070,2947,-1,2947,3070,3071,-1,2947,3071,2948,-1,2948,3071,3072,-1,2948,3072,2949,-1,2949,3072,3073,-1,2949,3073,2950,-1,2950,3073,3074,-1,2950,3074,2951,-1,2951,3074,3075,-1,2951,3075,2952,-1,2952,3075,3076,-1,2952,3076,2953,-1,2953,3076,3077,-1,2953,3077,2954,-1,2954,3077,3078,-1,2954,3078,2955,-1,2955,3078,3079,-1,2955,3079,2956,-1,2956,3079,3080,-1,2956,3080,2957,-1,2957,3080,3081,-1,2957,3081,2958,-1,2958,3081,3082,-1,2958,3082,2959,-1,2959,3082,3083,-1,2959,3083,2960,-1,2960,3083,3084,-1,2960,3084,2961,-1,2961,3084,3085,-1,2961,3085,2962,-1,2962,3085,3086,-1,2962,3086,2963,-1,2963,3086,3087,-1,2963,3087,2964,-1,2964,3087,3088,-1,2964,3088,2965,-1,2965,3088,3089,-1,2965,3089,2966,-1,2966,3089,3090,-1,2966,3090,2967,-1,2967,3090,3091,-1,2967,3091,2968,-1,2968,3091,3092,-1,2968,3092,2969,-1,2969,3092,3093,-1,2969,3093,2970,-1,2970,3093,3094,-1,2970,3094,2971,-1,2971,3094,3095,-1,2971,3095,2972,-1,2972,3095,3096,-1,2972,3096,2973,-1,2973,3096,3097,-1,2973,3097,2974,-1,2974,3097,3098,-1,2974,3098,2975,-1,2975,3098,3099,-1,2975,3099,2976,-1,2976,3099,3100,-1,2976,3100,2977,-1,2977,3100,3101,-1,2977,3101,2978,-1,2978,3101,3102,-1,2978,3102,2979,-1,2979,3102,3103,-1,2979,3103,2980,-1,2980,3103,3104,-1,2980,3104,2981,-1,2981,3104,3105,-1,2981,3105,2982,-1,2982,3105,3106,-1,2982,3106,2983,-1,2983,3106,3107,-1,2983,3107,2984,-1,2984,3107,3108,-1,2984,3108,2985,-1,2985,3108,3109,-1,2985,3109,2986,-1,2986,3109,3110,-1,2986,3110,2987,-1,2987,3110,3111,-1,2987,3111,2988,-1,2988,3111,3112,-1,2988,3112,2989,-1,2989,3112,3113,-1,2989,3113,2990,-1,2990,3113,3114,-1,2990,3114,2991,-1,2991,3114,3115,-1,2991,3115,2992,-1,2992,3115,3116,-1,2992,3116,2993,-1,2993,3116,3117,-1,2993,3117,2994,-1,2994,3117,3118,-1,2994,3118,2995,-1,2995,3118,3119,-1,2995,3119,2996,-1,2996,3119,3120,-1,2996,3120,2997,-1,2997,3120,3121,-1,2997,3121,2998,-1,2998,3121,3122,-1,2998,3122,2999,-1,2999,3122,3123,-1,2999,3123,3000,-1,3000,3123,3124,-1,3000,3124,3001,-1,3001,3124,3125,-1,3001,3125,3002,-1,3002,3125,3126,-1,3002,3126,3003,-1,3003,3126,3127,-1,3003,3127,3004,-1,3004,3127,3128,-1,3004,3128,3005,-1,3005,3128,3129,-1,3005,3129,3006,-1,3006,3129,3130,-1,3006,3130,3007,-1,3007,3130,3131,-1,3007,3131,3008,-1,3008,3131,3132,-1,3008,3132,3009,-1,3009,3132,3133,-1,3009,3133,3010,-1,3010,3133,3134,-1,3010,3134,3011,-1,3011,3134,3135,-1,3011,3135,3012,-1,3012,3135,3136,-1,3012,3136,3013,-1,3013,3136,3137,-1,3013,3137,3014,-1,3014,3137,3138,-1,3014,3138,3015,-1,3015,3138,3139,-1,3015,3139,3016,-1,3016,3139,3140,-1,3016,3140,3017,-1,3017,3140,3141,-1,3017,3141,3018,-1,3018,3141,3142,-1,3018,3142,3019,-1,3019,3142,3143,-1,3019,3143,3020,-1,3020,3143,3144,-1,3020,3144,3021,-1,3021,3144,3145,-1,3021,3145,3022,-1,3022,3145,3146,-1,3022,3146,3023,-1,3023,3146,3147,-1,3023,3147,3024,-1,3024,3147,3148,-1,3024,3148,3025,-1,3025,3148,3149,-1,3025,3149,3026,-1,3026,3149,3150,-1,3026,3150,3027,-1,3027,3150,3151,-1,3027,3151,3028,-1,3028,3151,3152,-1,3028,3152,3029,-1,3029,3152,3153,-1,3029,3153,3030,-1,3030,3153,3154,-1,3030,3154,3031,-1,3031,3154,3155,-1,3031,3155,3032,-1,3032,3155,3156,-1,3032,3156,3033,-1,3157,27,3158,-1,3158,27,29,-1,3158,29,3159,-1,3159,29,83,-1,3159,83,3160,-1,3160,83,3034,-1,3160,3034,3161,-1,3161,3034,3035,-1,3161,3035,3162,-1,3162,3035,3036,-1,3162,3036,3163,-1,3163,3036,3037,-1,3163,3037,3164,-1,3164,3037,3038,-1,3164,3038,3165,-1,3165,3038,3039,-1,3165,3039,3166,-1,3166,3039,3040,-1,3166,3040,3167,-1,3167,3040,3041,-1,3167,3041,3168,-1,3168,3041,3042,-1,3168,3042,3169,-1,3169,3042,3043,-1,3169,3043,3170,-1,3170,3043,3044,-1,3170,3044,3171,-1,3171,3044,3045,-1,3171,3045,3172,-1,3172,3045,3046,-1,3172,3046,3173,-1,3173,3046,3047,-1,3173,3047,3174,-1,3174,3047,3048,-1,3174,3048,3175,-1,3175,3048,3049,-1,3175,3049,3176,-1,3176,3049,3050,-1,3176,3050,3177,-1,3051,3178,3052,-1,3052,3178,3179,-1,3052,3179,3053,-1,3053,3179,3180,-1,3053,3180,3054,-1,3054,3180,3181,-1,3054,3181,3055,-1,3055,3181,3182,-1,3055,3182,3056,-1,3056,3182,3183,-1,3056,3183,3057,-1,3057,3183,3184,-1,3057,3184,3058,-1,3058,3184,3185,-1,3058,3185,3059,-1,3059,3185,3186,-1,3059,3186,3060,-1,3060,3186,3187,-1,3060,3187,3061,-1,3061,3187,3188,-1,3061,3188,3062,-1,3062,3188,3189,-1,3062,3189,3063,-1,3063,3189,3190,-1,3063,3190,3064,-1,3064,3190,3191,-1,3064,3191,3065,-1,3065,3191,3192,-1,3065,3192,3066,-1,3066,3192,3193,-1,3066,3193,3067,-1,3067,3193,3194,-1,3067,3194,3068,-1,3068,3194,3195,-1,3068,3195,3069,-1,3069,3195,3196,-1,3069,3196,3070,-1,3070,3196,3197,-1,3070,3197,3071,-1,3071,3197,3198,-1,3071,3198,3072,-1,3072,3198,3199,-1,3072,3199,3073,-1,3073,3199,3200,-1,3073,3200,3074,-1,3074,3200,3201,-1,3074,3201,3075,-1,3075,3201,3202,-1,3075,3202,3076,-1,3076,3202,3203,-1,3076,3203,3077,-1,3077,3203,3204,-1,3077,3204,3078,-1,3078,3204,3205,-1,3078,3205,3079,-1,3079,3205,3206,-1,3079,3206,3080,-1,3080,3206,3207,-1,3080,3207,3081,-1,3081,3207,3208,-1,3081,3208,3082,-1,3082,3208,3209,-1,3082,3209,3083,-1,3083,3209,3210,-1,3083,3210,3084,-1,3084,3210,3211,-1,3084,3211,3085,-1,3085,3211,3212,-1,3085,3212,3086,-1,3086,3212,3213,-1,3086,3213,3087,-1,3087,3213,3214,-1,3087,3214,3088,-1,3088,3214,3215,-1,3088,3215,3089,-1,3089,3215,3216,-1,3089,3216,3090,-1,3090,3216,3217,-1,3090,3217,3091,-1,3091,3217,3218,-1,3091,3218,3092,-1,3092,3218,3219,-1,3092,3219,3093,-1,3093,3219,3220,-1,3093,3220,3094,-1,3094,3220,3221,-1,3094,3221,3095,-1,3095,3221,3222,-1,3095,3222,3096,-1,3096,3222,3223,-1,3096,3223,3097,-1,3097,3223,3224,-1,3097,3224,3098,-1,3098,3224,3225,-1,3098,3225,3099,-1,3099,3225,3226,-1,3099,3226,3100,-1,3100,3226,3227,-1,3100,3227,3101,-1,3101,3227,3228,-1,3101,3228,3102,-1,3102,3228,3229,-1,3102,3229,3103,-1,3103,3229,3230,-1,3103,3230,3104,-1,3104,3230,3231,-1,3104,3231,3105,-1,3105,3231,3232,-1,3105,3232,3106,-1,3106,3232,3233,-1,3106,3233,3107,-1,3107,3233,3234,-1,3107,3234,3108,-1,3108,3234,3235,-1,3108,3235,3109,-1,3109,3235,3236,-1,3109,3236,3110,-1,3110,3236,3237,-1,3110,3237,3111,-1,3111,3237,3238,-1,3111,3238,3112,-1,3112,3238,3239,-1,3112,3239,3113,-1,3113,3239,3240,-1,3113,3240,3114,-1,3114,3240,3241,-1,3114,3241,3115,-1,3115,3241,3242,-1,3115,3242,3116,-1,3116,3242,3243,-1,3116,3243,3117,-1,3117,3243,3244,-1,3117,3244,3118,-1,3118,3244,3245,-1,3118,3245,3119,-1,3119,3245,3246,-1,3119,3246,3120,-1,3120,3246,3247,-1,3120,3247,3121,-1,3121,3247,3248,-1,3121,3248,3122,-1,3122,3248,3249,-1,3122,3249,3123,-1,3123,3249,3250,-1,3123,3250,3124,-1,3124,3250,3251,-1,3124,3251,3125,-1,3125,3251,3252,-1,3125,3252,3126,-1,3126,3252,3253,-1,3126,3253,3127,-1,3127,3253,3254,-1,3127,3254,3128,-1,3128,3254,3255,-1,3128,3255,3129,-1,3129,3255,3256,-1,3129,3256,3130,-1,3130,3256,3257,-1,3130,3257,3131,-1,3131,3257,3258,-1,3131,3258,3132,-1,3132,3258,3259,-1,3132,3259,3133,-1,3133,3259,3260,-1,3133,3260,3134,-1,3134,3260,3261,-1,3134,3261,3135,-1,3135,3261,3262,-1,3135,3262,3136,-1,3136,3262,3263,-1,3136,3263,3137,-1,3137,3263,3264,-1,3137,3264,3138,-1,3138,3264,3265,-1,3138,3265,3139,-1,3139,3265,3266,-1,3139,3266,3140,-1,3140,3266,3267,-1,3140,3267,3141,-1,3141,3267,3268,-1,3141,3268,3142,-1,3142,3268,3269,-1,3142,3269,3143,-1,3143,3269,3270,-1,3143,3270,3144,-1,3144,3270,3271,-1,3144,3271,3145,-1,3145,3271,3272,-1,3145,3272,3146,-1,3146,3272,3273,-1,3146,3273,3147,-1,3147,3273,3274,-1,3147,3274,3148,-1,3148,3274,3275,-1,3148,3275,3149,-1,3149,3275,3276,-1,3149,3276,3150,-1,3150,3276,3277,-1,3150,3277,3151,-1,3151,3277,3278,-1,3151,3278,3152,-1,3152,3278,3279,-1,3152,3279,3153,-1,3153,3279,3280,-1,3153,3280,3154,-1,3154,3280,3281,-1,3154,3281,3155,-1,3155,3281,3282,-1,3155,3282,3156,-1,3283,3284,3285,-1,3285,3284,3157,-1,3285,3157,3286,-1,3286,3157,3158,-1,3286,3158,3287,-1,3287,3158,3159,-1,3287,3159,3288,-1,3288,3159,3160,-1,3288,3160,3289,-1,3289,3160,3161,-1,3289,3161,3290,-1,3290,3161,3162,-1,3290,3162,3291,-1,3291,3162,3163,-1,3291,3163,3292,-1,3292,3163,3164,-1,3292,3164,3293,-1,3293,3164,3165,-1,3293,3165,3294,-1,3294,3165,3166,-1,3294,3166,3295,-1,3295,3166,3167,-1,3295,3167,3296,-1,3296,3167,3168,-1,3296,3168,3297,-1,3297,3168,3169,-1,3297,3169,3298,-1,3298,3169,3170,-1,3298,3170,3299,-1,3299,3170,3171,-1,3299,3171,3300,-1,3300,3171,3172,-1,3300,3172,3301,-1,3301,3172,3173,-1,3301,3173,3302,-1,3302,3173,3174,-1,3302,3174,3303,-1,3303,3174,3175,-1,3303,3175,3304,-1,3304,3175,3176,-1,3304,3176,3305,-1,3305,3176,3177,-1,3305,3177,3306,-1,3178,3307,3179,-1,3179,3307,3308,-1,3179,3308,3180,-1,3180,3308,3309,-1,3180,3309,3181,-1,3181,3309,3310,-1,3181,3310,3182,-1,3182,3310,3311,-1,3182,3311,3183,-1,3183,3311,3312,-1,3183,3312,3184,-1,3184,3312,3313,-1,3184,3313,3185,-1,3185,3313,3314,-1,3185,3314,3186,-1,3186,3314,3315,-1,3186,3315,3187,-1,3187,3315,3316,-1,3187,3316,3188,-1,3188,3316,3317,-1,3188,3317,3189,-1,3189,3317,3318,-1,3189,3318,3190,-1,3190,3318,3319,-1,3190,3319,3191,-1,3191,3319,3320,-1,3191,3320,3192,-1,3192,3320,3321,-1,3192,3321,3193,-1,3193,3321,3322,-1,3193,3322,3194,-1,3194,3322,3323,-1,3194,3323,3195,-1,3195,3323,3324,-1,3195,3324,3196,-1,3196,3324,3325,-1,3196,3325,3197,-1,3197,3325,3326,-1,3197,3326,3198,-1,3198,3326,3327,-1,3198,3327,3199,-1,3199,3327,3328,-1,3199,3328,3200,-1,3200,3328,3329,-1,3200,3329,3201,-1,3201,3329,3330,-1,3201,3330,3202,-1,3202,3330,3331,-1,3202,3331,3203,-1,3203,3331,3332,-1,3203,3332,3204,-1,3204,3332,3333,-1,3204,3333,3205,-1,3205,3333,3334,-1,3205,3334,3206,-1,3206,3334,3335,-1,3206,3335,3207,-1,3207,3335,3336,-1,3207,3336,3208,-1,3208,3336,3337,-1,3208,3337,3209,-1,3209,3337,3338,-1,3209,3338,3210,-1,3210,3338,3339,-1,3210,3339,3211,-1,3211,3339,3340,-1,3211,3340,3212,-1,3212,3340,3341,-1,3212,3341,3213,-1,3213,3341,3342,-1,3213,3342,3214,-1,3214,3342,3343,-1,3214,3343,3215,-1,3215,3343,3344,-1,3215,3344,3216,-1,3216,3344,3345,-1,3216,3345,3217,-1,3217,3345,3346,-1,3217,3346,3218,-1,3218,3346,3347,-1,3218,3347,3219,-1,3219,3347,3348,-1,3219,3348,3220,-1,3220,3348,3349,-1,3220,3349,3221,-1,3221,3349,3350,-1,3221,3350,3222,-1,3222,3350,3351,-1,3222,3351,3223,-1,3223,3351,3352,-1,3223,3352,3224,-1,3224,3352,3353,-1,3224,3353,3225,-1,3225,3353,3354,-1,3225,3354,3226,-1,3226,3354,3355,-1,3226,3355,3227,-1,3227,3355,3356,-1,3227,3356,3228,-1,3228,3356,3357,-1,3228,3357,3229,-1,3229,3357,3358,-1,3229,3358,3230,-1,3230,3358,3359,-1,3230,3359,3231,-1,3231,3359,3360,-1,3231,3360,3232,-1,3232,3360,3361,-1,3232,3361,3233,-1,3233,3361,3362,-1,3233,3362,3234,-1,3234,3362,3363,-1,3234,3363,3235,-1,3235,3363,3364,-1,3235,3364,3236,-1,3236,3364,3365,-1,3236,3365,3237,-1,3237,3365,3366,-1,3237,3366,3238,-1,3238,3366,3367,-1,3238,3367,3239,-1,3239,3367,3368,-1,3239,3368,3240,-1,3240,3368,3369,-1,3240,3369,3241,-1,3241,3369,3370,-1,3241,3370,3242,-1,3242,3370,3371,-1,3242,3371,3243,-1,3243,3371,3372,-1,3243,3372,3244,-1,3244,3372,3373,-1,3244,3373,3245,-1,3245,3373,3374,-1,3245,3374,3246,-1,3246,3374,3375,-1,3246,3375,3247,-1,3247,3375,3376,-1,3247,3376,3248,-1,3248,3376,3377,-1,3248,3377,3249,-1,3249,3377,3378,-1,3249,3378,3250,-1,3250,3378,3379,-1,3250,3379,3251,-1,3251,3379,3380,-1,3251,3380,3252,-1,3252,3380,3381,-1,3252,3381,3253,-1,3253,3381,3382,-1,3253,3382,3254,-1,3254,3382,3383,-1,3254,3383,3255,-1,3255,3383,3384,-1,3255,3384,3256,-1,3256,3384,3385,-1,3256,3385,3257,-1,3257,3385,3386,-1,3257,3386,3258,-1,3258,3386,3387,-1,3258,3387,3259,-1,3259,3387,3388,-1,3259,3388,3260,-1,3260,3388,3389,-1,3260,3389,3261,-1,3261,3389,3390,-1,3261,3390,3262,-1,3262,3390,3391,-1,3262,3391,3263,-1,3263,3391,3392,-1,3263,3392,3264,-1,3264,3392,3393,-1,3264,3393,3265,-1,3265,3393,3394,-1,3265,3394,3266,-1,3266,3394,3395,-1,3266,3395,3267,-1,3267,3395,3396,-1,3267,3396,3268,-1,3268,3396,3397,-1,3268,3397,3269,-1,3269,3397,3398,-1,3269,3398,3270,-1,3270,3398,3399,-1,3270,3399,3271,-1,3271,3399,3400,-1,3271,3400,3272,-1,3272,3400,3401,-1,3272,3401,3273,-1,3273,3401,3402,-1,3273,3402,3274,-1,3274,3402,3403,-1,3274,3403,3275,-1,3275,3403,3404,-1,3275,3404,3276,-1,3276,3404,3405,-1,3276,3405,3277,-1,3277,3405,3406,-1,3277,3406,3278,-1,3278,3406,3407,-1,3278,3407,3279,-1,3279,3407,3408,-1,3279,3408,3280,-1,3280,3408,3409,-1,3280,3409,3281,-1,3281,3409,3410,-1,3281,3410,3282,-1,3411,3412,3306,-1,3306,3412,3305,-1,3305,3412,3413,-1,3305,3413,3304,-1,3304,3413,3414,-1,3304,3414,3303,-1,3303,3414,3415,-1,3303,3415,3302,-1,3302,3415,3416,-1,3302,3416,3301,-1,3301,3416,3417,-1,3301,3417,3300,-1,3300,3417,3418,-1,3300,3418,3299,-1,3299,3418,3419,-1,3299,3419,3298,-1,3298,3419,3420,-1,3298,3420,3297,-1,3297,3420,3421,-1,3297,3421,3296,-1,3296,3421,3422,-1,3296,3422,3295,-1,3295,3422,3423,-1,3295,3423,3294,-1,3294,3423,3424,-1,3294,3424,3293,-1,3293,3424,3425,-1,3293,3425,3292,-1,3292,3425,3426,-1,3292,3426,3291,-1,3291,3426,3427,-1,3291,3427,3290,-1,3290,3427,3428,-1,3290,3428,3289,-1,3289,3428,3429,-1,3289,3429,3288,-1,3288,3429,3430,-1,3288,3430,3287,-1,3287,3430,3431,-1,3287,3431,3286,-1,3286,3431,3432,-1,3286,3432,3285,-1,3307,3433,3308,-1,3308,3433,3434,-1,3308,3434,3309,-1,3309,3434,3435,-1,3309,3435,3310,-1,3310,3435,3436,-1,3310,3436,3311,-1,3311,3436,3437,-1,3311,3437,3312,-1,3312,3437,3438,-1,3312,3438,3313,-1,3313,3438,3439,-1,3313,3439,3314,-1,3314,3439,3440,-1,3314,3440,3315,-1,3315,3440,3441,-1,3315,3441,3316,-1,3316,3441,3442,-1,3316,3442,3317,-1,3317,3442,3443,-1,3317,3443,3318,-1,3318,3443,3444,-1,3318,3444,3319,-1,3319,3444,3445,-1,3319,3445,3320,-1,3320,3445,3446,-1,3320,3446,3321,-1,3321,3446,3447,-1,3321,3447,3322,-1,3322,3447,3448,-1,3322,3448,3323,-1,3323,3448,3449,-1,3323,3449,3324,-1,3324,3449,3450,-1,3324,3450,3325,-1,3325,3450,3451,-1,3325,3451,3326,-1,3326,3451,3452,-1,3326,3452,3327,-1,3327,3452,3453,-1,3327,3453,3328,-1,3328,3453,3454,-1,3328,3454,3329,-1,3329,3454,3455,-1,3329,3455,3330,-1,3330,3455,3456,-1,3330,3456,3331,-1,3331,3456,3457,-1,3331,3457,3332,-1,3332,3457,3458,-1,3332,3458,3333,-1,3333,3458,3459,-1,3333,3459,3334,-1,3334,3459,3460,-1,3334,3460,3335,-1,3335,3460,3461,-1,3335,3461,3336,-1,3336,3461,3462,-1,3336,3462,3337,-1,3337,3462,3463,-1,3337,3463,3338,-1,3338,3463,3464,-1,3338,3464,3339,-1,3339,3464,3465,-1,3339,3465,3340,-1,3340,3465,3466,-1,3340,3466,3341,-1,3341,3466,3467,-1,3341,3467,3342,-1,3342,3467,3468,-1,3342,3468,3343,-1,3343,3468,3469,-1,3343,3469,3344,-1,3344,3469,3470,-1,3344,3470,3345,-1,3345,3470,3471,-1,3345,3471,3346,-1,3346,3471,3472,-1,3346,3472,3347,-1,3347,3472,3473,-1,3347,3473,3348,-1,3348,3473,3474,-1,3348,3474,3349,-1,3349,3474,3475,-1,3349,3475,3350,-1,3350,3475,3476,-1,3350,3476,3351,-1,3351,3476,3477,-1,3351,3477,3352,-1,3352,3477,3478,-1,3352,3478,3353,-1,3353,3478,3479,-1,3353,3479,3354,-1,3354,3479,3480,-1,3354,3480,3355,-1,3355,3480,3481,-1,3355,3481,3356,-1,3356,3481,3482,-1,3356,3482,3357,-1,3357,3482,3483,-1,3357,3483,3358,-1,3358,3483,3484,-1,3358,3484,3359,-1,3359,3484,3485,-1,3359,3485,3360,-1,3360,3485,3486,-1,3360,3486,3361,-1,3361,3486,3487,-1,3361,3487,3362,-1,3362,3487,3488,-1,3362,3488,3363,-1,3363,3488,3489,-1,3363,3489,3364,-1,3364,3489,3490,-1,3364,3490,3365,-1,3365,3490,3491,-1,3365,3491,3366,-1,3366,3491,3492,-1,3366,3492,3367,-1,3367,3492,3493,-1,3367,3493,3368,-1,3368,3493,3494,-1,3368,3494,3369,-1,3369,3494,3495,-1,3369,3495,3370,-1,3370,3495,3496,-1,3370,3496,3371,-1,3371,3496,3497,-1,3371,3497,3372,-1,3372,3497,3498,-1,3372,3498,3373,-1,3373,3498,3499,-1,3373,3499,3374,-1,3374,3499,3500,-1,3374,3500,3375,-1,3375,3500,3501,-1,3375,3501,3376,-1,3376,3501,3502,-1,3376,3502,3377,-1,3377,3502,3503,-1,3377,3503,3378,-1,3378,3503,3504,-1,3378,3504,3379,-1,3379,3504,3505,-1,3379,3505,3380,-1,3380,3505,3506,-1,3380,3506,3381,-1,3381,3506,3507,-1,3381,3507,3382,-1,3382,3507,3508,-1,3382,3508,3383,-1,3383,3508,3509,-1,3383,3509,3384,-1,3384,3509,3510,-1,3384,3510,3385,-1,3385,3510,3511,-1,3385,3511,3386,-1,3386,3511,3512,-1,3386,3512,3387,-1,3387,3512,3513,-1,3387,3513,3388,-1,3388,3513,3514,-1,3388,3514,3389,-1,3389,3514,3515,-1,3389,3515,3390,-1,3390,3515,3516,-1,3390,3516,3391,-1,3391,3516,3517,-1,3391,3517,3392,-1,3392,3517,3518,-1,3392,3518,3393,-1,3393,3518,3519,-1,3393,3519,3394,-1,3394,3519,3520,-1,3394,3520,3395,-1,3395,3520,3521,-1,3395,3521,3396,-1,3396,3521,3522,-1,3396,3522,3397,-1,3397,3522,3523,-1,3397,3523,3398,-1,3398,3523,3524,-1,3398,3524,3399,-1,3399,3524,3525,-1,3399,3525,3400,-1,3400,3525,3526,-1,3400,3526,3401,-1,3401,3526,3527,-1,3401,3527,3402,-1,3402,3527,3528,-1,3402,3528,3403,-1,3403,3528,3529,-1,3403,3529,3404,-1,3404,3529,3530,-1,3404,3530,3405,-1,3405,3530,3531,-1,3405,3531,3406,-1,3406,3531,3532,-1,3406,3532,3407,-1,3407,3532,3533,-1,3407,3533,3408,-1,3408,3533,3534,-1,3408,3534,3409,-1,3409,3534,3535,-1,3409,3535,3410,-1,3536,3537,3411,-1,3411,3537,3412,-1,3412,3537,3538,-1,3412,3538,3413,-1,3413,3538,3539,-1,3413,3539,3414,-1,3414,3539,3540,-1,3414,3540,3415,-1,3415,3540,3541,-1,3415,3541,3416,-1,3416,3541,3542,-1,3416,3542,3417,-1,3417,3542,3543,-1,3417,3543,3418,-1,3418,3543,3544,-1,3418,3544,3419,-1,3419,3544,3545,-1,3419,3545,3420,-1,3420,3545,3546,-1,3420,3546,3421,-1,3421,3546,3547,-1,3421,3547,3422,-1,3422,3547,3548,-1,3422,3548,3423,-1,3423,3548,3549,-1,3423,3549,3424,-1,3424,3549,3550,-1,3424,3550,3425,-1,3425,3550,3551,-1,3425,3551,3426,-1,3426,3551,3552,-1,3426,3552,3427,-1,3427,3552,3553,-1,3427,3553,3428,-1,3428,3553,3554,-1,3428,3554,3429,-1,3429,3554,3555,-1,3429,3555,3430,-1,3430,3555,16,-1,3430,16,3431,-1,3431,16,15,-1,3431,15,3432,-1,3535,3556,3410,-1,3410,3556,3557,-1,3410,3557,3282,-1,3282,3557,3558,-1,3282,3558,3156,-1,3156,3558,3559,-1,3156,3559,3033,-1,3033,3559,3560,-1,3033,3560,2910,-1,2910,3560,3561,-1,2910,3561,2787,-1,2787,3561,3562,-1,2787,3562,2664,-1,2664,3562,3563,-1,2664,3563,2540,-1,2540,3563,3564,-1,2540,3564,2415,-1,2415,3564,3565,-1,2415,3565,2289,-1,2289,3565,3566,-1,2289,3566,2162,-1,2162,3566,3567,-1,2162,3567,2033,-1,2033,3567,3568,-1,2033,3568,1892,-1,1892,3568,3569,-1,1892,3569,1763,-1,1763,3569,3570,-1,1763,3570,1634,-1,1634,3570,3571,-1,1634,3571,1505,-1,1505,3571,3572,-1,1505,3572,1376,-1,1376,3572,3573,-1,1376,3573,1247,-1,1247,3573,3574,-1,1247,3574,1118,-1,1118,3574,3575,-1,1118,3575,989,-1,989,3575,3576,-1,989,3576,860,-1,860,3576,3577,-1,860,3577,731,-1,731,3577,3578,-1,731,3578,602,-1,602,3578,3579,-1,602,3579,473,-1,473,3579,3580,-1,473,3580,343,-1,343,3580,3581,-1,343,3581,17,-1,17,3581,3582,-1,17,3582,15,-1,15,3582,3583,-1,15,3583,3432,-1,3432,3583,3584,-1,3432,3584,3285,-1,3285,3584,3585,-1,3285,3585,3283,-1,25,3585,26,-1,26,3585,3584,-1,26,3584,3586,-1,3586,3584,3583,-1,3586,3583,3587,-1,3587,3583,3582,-1,3587,3582,3588,-1,3588,3582,3581,-1,3588,3581,3589,-1,3589,3581,3580,-1,3589,3580,3590,-1,3590,3580,3579,-1,3590,3579,3591,-1,3591,3579,3578,-1,3591,3578,3592,-1,3592,3578,3577,-1,3592,3577,3593,-1,3593,3577,3576,-1,3593,3576,3594,-1,3594,3576,3575,-1,3594,3575,3595,-1,3595,3575,3574,-1,3595,3574,3596,-1,3596,3574,3573,-1,3596,3573,3597,-1,3597,3573,3572,-1,3597,3572,3598,-1,3598,3572,3571,-1,3598,3571,3599,-1,3599,3571,3570,-1,3599,3570,3600,-1,3600,3570,3569,-1,3600,3569,3601,-1,3601,3569,3568,-1,3601,3568,3602,-1,3602,3568,3567,-1,3602,3567,3603,-1,3603,3567,3566,-1,3603,3566,3604,-1,3604,3566,3565,-1,3604,3565,3605,-1,3605,3565,3564,-1,3605,3564,3606,-1,3606,3564,3563,-1,3606,3563,3607,-1,3607,3563,3562,-1,3607,3562,3608,-1,3608,3562,3561,-1,3608,3561,3609,-1,3609,3561,3560,-1,3609,3560,3610,-1,3610,3560,3559,-1,3610,3559,3611,-1,3611,3559,3558,-1,3611,3558,3612,-1,3612,3558,3557,-1,3612,3557,3613,-1,3613,3557,3556,-1,3614,84,3615,-1,3615,84,26,-1,3615,26,3616,-1,3616,26,3586,-1,3616,3586,3617,-1,3617,3586,3587,-1,3617,3587,3618,-1,3618,3587,3588,-1,3618,3588,3619,-1,3619,3588,3589,-1,3619,3589,3620,-1,3620,3589,3590,-1,3620,3590,3621,-1,3621,3590,3591,-1,3621,3591,3622,-1,3622,3591,3592,-1,3622,3592,3623,-1,3623,3592,3593,-1,3623,3593,3624,-1,3624,3593,3594,-1,3624,3594,3625,-1,3625,3594,3595,-1,3625,3595,3626,-1,3626,3595,3596,-1,3626,3596,3627,-1,3627,3596,3597,-1,3627,3597,3628,-1,3628,3597,3598,-1,3628,3598,3629,-1,3629,3598,3599,-1,3629,3599,3630,-1,3630,3599,3600,-1,3630,3600,3631,-1,3631,3600,3601,-1,3631,3601,3632,-1,3632,3601,3602,-1,3632,3602,3633,-1,3633,3602,3603,-1,3633,3603,3634,-1,3634,3603,3604,-1,3634,3604,3635,-1,3635,3604,3605,-1,3635,3605,3636,-1,3636,3605,3606,-1,3636,3606,3637,-1,3637,3606,3607,-1,3637,3607,3638,-1,3638,3607,3608,-1,3638,3608,3639,-1,3639,3608,3609,-1,3639,3609,3640,-1,3640,3609,3610,-1,3640,3610,3641,-1,3641,3610,3611,-1,3641,3611,3642,-1,3642,3611,3612,-1,3642,3612,3643,-1,3643,3612,3613,-1,3643,3644,3642,-1,3642,3644,3645,-1,3642,3645,3641,-1,3641,3645,3646,-1,3641,3646,3640,-1,3640,3646,3647,-1,3640,3647,3639,-1,3639,3647,3648,-1,3639,3648,3638,-1,3638,3648,3649,-1,3638,3649,3637,-1,3637,3649,3650,-1,3637,3650,3636,-1,3636,3650,3651,-1,3636,3651,3635,-1,3635,3651,3652,-1,3635,3652,3634,-1,3634,3652,3653,-1,3634,3653,3633,-1,3633,3653,3654,-1,3633,3654,3632,-1,3632,3654,3655,-1,3632,3655,3631,-1,3631,3655,3656,-1,3631,3656,3630,-1,3630,3656,3657,-1,3630,3657,3629,-1,3629,3657,3658,-1,3629,3658,3628,-1,3628,3658,3659,-1,3628,3659,3627,-1,3627,3659,3660,-1,3627,3660,3626,-1,3626,3660,3661,-1,3626,3661,3625,-1,3625,3661,3662,-1,3625,3662,3624,-1,3624,3662,3663,-1,3624,3663,3623,-1,3623,3663,3664,-1,3623,3664,3622,-1,3622,3664,3665,-1,3622,3665,3621,-1,3621,3665,3666,-1,3621,3666,3620,-1,3620,3666,3667,-1,3620,3667,3619,-1,3619,3667,3668,-1,3619,3668,3618,-1,3618,3668,3669,-1,3618,3669,3617,-1,3617,3669,3670,-1,3617,3670,3616,-1,3616,3670,87,-1,3616,87,3615,-1,3615,87,86,-1,3615,86,3614,-1,22,85,23,-1,23,85,87,-1,23,87,3671,-1,3671,87,3670,-1,3671,3670,3672,-1,3672,3670,3669,-1,3672,3669,3673,-1,3673,3669,3668,-1,3673,3668,3674,-1,3674,3668,3667,-1,3674,3667,3675,-1,3675,3667,3666,-1,3675,3666,3676,-1,3676,3666,3665,-1,3676,3665,3677,-1,3677,3665,3664,-1,3677,3664,3678,-1,3678,3664,3663,-1,3678,3663,3679,-1,3679,3663,3662,-1,3679,3662,3680,-1,3680,3662,3661,-1,3680,3661,3681,-1,3681,3661,3660,-1,3681,3660,3682,-1,3682,3660,3659,-1,3682,3659,3683,-1,3683,3659,3658,-1,3683,3658,3684,-1,3684,3658,3657,-1,3684,3657,3685,-1,3685,3657,3656,-1,3685,3656,3686,-1,3686,3656,3655,-1,3686,3655,3687,-1,3687,3655,3654,-1,3687,3654,3688,-1,3688,3654,3653,-1,3688,3653,3689,-1,3689,3653,3652,-1,3689,3652,3690,-1,3690,3652,3651,-1,3690,3651,3691,-1,3691,3651,3650,-1,3691,3650,3692,-1,3692,3650,3649,-1,3692,3649,3693,-1,3693,3649,3648,-1,3693,3648,3694,-1,3694,3648,3647,-1,3694,3647,3695,-1,3695,3647,3646,-1,3695,3646,3696,-1,3696,3646,3645,-1,3696,3645,3697,-1,3697,3645,3644,-1,3697,3536,3696,-1,3696,3536,3411,-1,3696,3411,3695,-1,3695,3411,3306,-1,3695,3306,3694,-1,3694,3306,3177,-1,3694,3177,3693,-1,3693,3177,3050,-1,3693,3050,3692,-1,3692,3050,2926,-1,3692,2926,3691,-1,3691,2926,2802,-1,3691,2802,3690,-1,3690,2802,2678,-1,3690,2678,3689,-1,3689,2678,2541,-1,3689,2541,3688,-1,3688,2541,2416,-1,3688,2416,3687,-1,3687,2416,2303,-1,3687,2303,3686,-1,3686,2303,2176,-1,3686,2176,3685,-1,3685,2176,2047,-1,3685,2047,3684,-1,3684,2047,1906,-1,3684,1906,3683,-1,3683,1906,1776,-1,3683,1776,3682,-1,3682,1776,1646,-1,3682,1646,3681,-1,3681,1646,1516,-1,3681,1516,3680,-1,3680,1516,1386,-1,3680,1386,3679,-1,3679,1386,1256,-1,3679,1256,3678,-1,3678,1256,1126,-1,3678,1126,3677,-1,3677,1126,996,-1,3677,996,3676,-1,3676,996,866,-1,3676,866,3675,-1,3675,866,736,-1,3675,736,3674,-1,3674,736,606,-1,3674,606,3673,-1,3673,606,476,-1,3673,476,3672,-1,3672,476,344,-1,3672,344,3671,-1,3671,344,346,-1,3671,346,23,-1,23,346,2048,-1,23,2048,21,-1,3433,88,3434,-1,3434,88,90,-1,3434,90,3435,-1,3435,90,92,-1,3435,92,3436,-1,3436,92,94,-1,3436,94,3437,-1,3437,94,96,-1,3437,96,3438,-1,3438,96,98,-1,3438,98,3439,-1,3439,98,100,-1,3439,100,3440,-1,3440,100,102,-1,3440,102,3441,-1,3441,102,104,-1,3441,104,3442,-1,3442,104,106,-1,3442,106,3443,-1,3443,106,108,-1,3443,108,3444,-1,3444,108,110,-1,3444,110,3445,-1,3445,110,112,-1,3445,112,3446,-1,3446,112,114,-1,3446,114,3447,-1,3447,114,116,-1,3447,116,3448,-1,3448,116,118,-1,3448,118,3449,-1,3449,118,120,-1,3449,120,3450,-1,3450,120,122,-1,3450,122,3451,-1,3451,122,124,-1,3451,124,3452,-1,3452,124,126,-1,3452,126,3453,-1,3453,126,128,-1,3453,128,3454,-1,3454,128,130,-1,3454,130,3455,-1,3455,130,132,-1,3455,132,3456,-1,3456,132,134,-1,3456,134,3457,-1,3457,134,136,-1,3457,136,3458,-1,3458,136,138,-1,3458,138,3459,-1,3459,138,140,-1,3459,140,3460,-1,3460,140,142,-1,3460,142,3461,-1,3461,142,144,-1,3461,144,3462,-1,3462,144,146,-1,3462,146,3463,-1,3463,146,148,-1,3463,148,3464,-1,3464,148,150,-1,3464,150,3465,-1,3465,150,152,-1,3465,152,3466,-1,3466,152,154,-1,3466,154,3467,-1,3467,154,156,-1,3467,156,3468,-1,3468,156,158,-1,3468,158,3469,-1,3469,158,160,-1,3469,160,3470,-1,3470,160,162,-1,3470,162,3471,-1,3471,162,164,-1,3471,164,3472,-1,3472,164,166,-1,3472,166,3473,-1,3473,166,168,-1,3473,168,3474,-1,3474,168,170,-1,3474,170,3475,-1,3475,170,172,-1,3475,172,3476,-1,3476,172,174,-1,3476,174,3477,-1,3477,174,176,-1,3477,176,3478,-1,3478,176,178,-1,3478,178,3479,-1,3479,178,180,-1,3479,180,3480,-1,3480,180,182,-1,3480,182,3481,-1,3481,182,184,-1,3481,184,3482,-1,3482,184,186,-1,3482,186,3483,-1,3483,186,188,-1,3483,188,3484,-1,3484,188,190,-1,3484,190,3485,-1,3485,190,192,-1,3485,192,3486,-1,3486,192,194,-1,3486,194,3487,-1,3487,194,196,-1,3487,196,3488,-1,3488,196,198,-1,3488,198,3489,-1,3489,198,200,-1,3489,200,3490,-1,3490,200,202,-1,3490,202,3491,-1,3491,202,204,-1,3491,204,3492,-1,3492,204,206,-1,3492,206,3493,-1,3493,206,208,-1,3493,208,3494,-1,3494,208,210,-1,3494,210,3495,-1,3495,210,212,-1,3495,212,3496,-1,3496,212,214,-1,3496,214,3497,-1,3497,214,216,-1,3497,216,3498,-1,3498,216,218,-1,3498,218,3499,-1,3499,218,220,-1,3499,220,3500,-1,3500,220,222,-1,3500,222,3501,-1,3501,222,224,-1,3501,224,3502,-1,3502,224,226,-1,3502,226,3503,-1,3503,226,228,-1,3503,228,3504,-1,3504,228,230,-1,3504,230,3505,-1,3505,230,232,-1,3505,232,3506,-1,3506,232,234,-1,3506,234,3507,-1,3507,234,236,-1,3507,236,3508,-1,3508,236,238,-1,3508,238,3509,-1,3509,238,240,-1,3509,240,3510,-1,3510,240,242,-1,3510,242,3511,-1,3511,242,244,-1,3511,244,3512,-1,3512,244,246,-1,3512,246,3513,-1,3513,246,248,-1,3513,248,3514,-1,3514,248,250,-1,3514,250,3515,-1,3515,250,252,-1,3515,252,3516,-1,3516,252,254,-1,3516,254,3517,-1,3517,254,256,-1,3517,256,3518,-1,3518,256,258,-1,3518,258,3519,-1,3519,258,260,-1,3519,260,3520,-1,3520,260,262,-1,3520,262,3521,-1,3521,262,264,-1,3521,264,3522,-1,3522,264,266,-1,3522,266,3523,-1,3523,266,268,-1,3523,268,3524,-1,3524,268,270,-1,3524,270,3525,-1,3525,270,272,-1,3525,272,3526,-1,3526,272,274,-1,3526,274,3527,-1,3527,274,276,-1,3527,276,3528,-1,3528,276,278,-1,3528,278,3529,-1,3529,278,280,-1,3529,280,3530,-1,3530,280,282,-1,3530,282,3531,-1,3531,282,284,-1,3531,284,3532,-1,3532,284,286,-1,3532,286,3533,-1,3533,286,288,-1,3533,288,3534,-1,3534,288,290,-1,3534,290,3535,-1,3535,290,292,-1,3535,292,3556,-1,3556,292,294,-1,3556,294,3613,-1,3613,294,296,-1,3613,296,3643,-1,3643,296,298,-1,3643,298,3644,-1,3644,298,300,-1,3644,300,3697,-1,3697,300,302,-1,3697,302,3536,-1,3536,302,304,-1,3536,304,3537,-1,3537,304,306,-1,3537,306,3538,-1,3538,306,308,-1,3538,308,3539,-1,3539,308,310,-1,3539,310,3540,-1,3540,310,312,-1,3540,312,3541,-1,3541,312,314,-1,3541,314,3542,-1,3542,314,316,-1,3542,316,3543,-1,3543,316,318,-1,3543,318,3544,-1,3544,318,320,-1,3544,320,3545,-1,3545,320,322,-1,3545,322,3546,-1,3546,322,324,-1,3546,324,3547,-1,3547,324,326,-1,3547,326,3548,-1,3548,326,328,-1,3548,328,3549,-1,3549,328,330,-1,3549,330,3550,-1,3550,330,332,-1,3550,332,3551,-1,3551,332,334,-1,3551,334,3552,-1,3552,334,336,-1,3552,336,3553,-1,3553,336,338,-1,3553,338,3554,-1,3554,338,340,-1,3554,340,3555,-1,3555,340,342,-1,3555,342,16,-1,16,342,17,-1,347,89,3698,-1,3698,89,88,-1,3698,88,3433,-1,737,607,3698,-1,3698,607,477,-1,3698,477,347,-1,1127,997,3698,-1,3698,997,867,-1,3698,867,737,-1,1517,1387,3698,-1,3698,1387,1257,-1,3698,1257,1127,-1,1919,1777,3698,-1,3698,1777,1647,-1,3698,1647,1517,-1,2304,2177,3698,-1,3698,2177,2049,-1,3698,2049,1919,-1,2679,2555,3698,-1,3698,2555,2430,-1,3698,2430,2304,-1,3051,2927,3698,-1,3698,2927,2803,-1,3698,2803,2679,-1,3433,3307,3698,-1,3698,3307,3178,-1,3698,3178,3051,-1,
        ]
    }
}
Shape{
    appearance Appearance {
        material  Material 	{
            diffuseColor 0.25098039215686274 0.25098039215686274 0.25098039215686274
            specularColor 0.12549019607843137 0.12549019607843137 0.12549019607843137
            ambientIntensity 0.251
            transparency 0.0
            shininess 0.5
        }
    }
    geometry IndexedFaceSet {
        ccw TRUE
        solid FALSE
        coord DEF co Coordinate {
            point [
                -2.6772 1.0764 0.2756, -2.6772 1.0764 0.0, -2.6673 1.0764 0.2756, -2.4803 1.0764 0.0, -2.6673 1.0764 0.5906, -2.4803 1.0764 0.5906, -2.4803 -0.1047 0.2362, -2.4803 -0.1047 0.0, -2.6277 -0.1047 0.2362, -2.6772 -0.1047 0.0, -2.6673 -0.1047 0.5906, -2.6277 -0.1047 0.5906, -2.6673 -0.1047 0.2756, -2.6772 -0.1047 0.2756, -2.4803 0.2102 0.2362, -2.4803 0.2102 0.5906, -2.4803 0.2453 0.0, -2.6277 0.2102 0.5906, -2.6772 0.2453 0.0, -2.2441 -0.1047 0.0, -2.2441 -0.1047 0.2362, -2.0473 -0.1047 0.0, -2.0473 -0.1047 0.2362, -2.2441 1.0764 0.5906, -2.2441 0.2102 0.5906, -2.2441 1.0764 0.0, -2.2441 0.2102 0.2362, -2.2441 0.2453 0.0, -2.0473 0.2102 0.2362, -2.0473 0.2102 0.5906, -2.0473 1.0764 0.5906, -2.0473 0.2453 0.0, -2.0473 1.0764 0.0, -1.811 -0.1047 0.0, -1.811 -0.1047 0.2362, -1.7028 -0.1047 0.0, -1.6142 -0.1047 0.2362, -1.6142 -0.1047 0.0, -1.811 1.0764 0.5906, -1.811 0.2102 0.5906, -1.811 1.0764 0.0, -1.811 0.2102 0.2362, -1.811 0.2453 0.0, -1.6142 0.2102 0.2362, -1.6142 0.2102 0.5906, -1.6142 1.0764 0.5906, -1.6142 0.2453 0.0, -1.6142 1.0764 0.0, -1.7028 1.0764 0.0, -1.378 -0.1047 0.0, -1.378 -0.1047 0.2362, -1.1811 -0.1047 0.0, -1.1811 -0.1047 0.2362, -1.378 1.0764 0.5906, -1.378 0.2102 0.5906, -1.378 1.0764 0.0, -1.378 0.2102 0.2362, -1.378 0.2453 0.0, -1.1811 0.2102 0.2362, -1.1811 0.2102 0.5906, -1.1811 1.0764 0.5906, -1.1811 0.2453 0.0, -1.1811 1.0764 0.0, -0.9449 -0.1047 0.0, -0.9449 -0.1047 0.2362, -0.7481 -0.1047 0.0, -0.7481 -0.1047 0.2362, -0.9449 1.0764 0.5906, -0.9449 0.2102 0.5906, -0.9449 1.0764 0.0, -0.9449 0.2102 0.2362, -0.9449 0.2453 0.0, -0.7481 0.2102 0.2362, -0.7481 0.2102 0.5906, -0.7481 1.0764 0.5906, -0.7481 0.2453 0.0, -0.7481 1.0764 0.0, -0.5118 -0.1047 0.0, -0.5118 -0.1047 0.2362, -0.315 -0.1047 0.0, -0.315 -0.1047 0.2362, -0.5118 1.0764 0.5906, -0.5118 0.2102 0.5906, -0.5118 1.0764 0.0, -0.5118 0.2102 0.2362, -0.5118 0.2453 0.0, -0.315 0.2102 0.2362, -0.315 0.2102 0.5906, -0.315 1.0764 0.5906, -0.315 0.2453 0.0, -0.315 1.0764 0.0, -0.0788 -0.1047 0.0, -0.0788 -0.1047 0.2362, 0.1181 -0.1047 0.0, 0.1181 -0.1047 0.2362, -0.0788 1.0764 0.5906, -0.0788 0.2102 0.5906, -0.0788 1.0764 0.0, -0.0788 0.2102 0.2362, -0.0788 0.2453 0.0, 0.1181 0.2102 0.2362, 0.1181 0.2102 0.5906, 0.1181 1.0764 0.5906, 0.1181 0.2453 0.0, 0.1181 1.0764 0.0, 0.3543 -0.1047 0.0, 0.3543 -0.1047 0.2362, 0.5512 -0.1047 0.0, 0.5512 -0.1047 0.2362, 0.3543 1.0764 0.5906, 0.3543 0.2102 0.5906, 0.3543 1.0764 0.0, 0.3543 0.2102 0.2362, 0.3543 0.2453 0.0, 0.5512 0.2102 0.2362, 0.5512 0.2102 0.5906, 0.5512 1.0764 0.5906, 0.5512 0.2453 0.0, 0.5512 1.0764 0.0, 0.7874 -0.1047 0.0, 0.7874 -0.1047 0.2362, 0.9842 -0.1047 0.0, 0.9842 -0.1047 0.2362, 0.9842 0.2102 0.2362, 0.9842 0.2102 0.5906, 0.9842 1.0764 0.5906, 0.9842 0.2453 0.0, 0.9842 1.0764 0.0, 0.7874 1.0764 0.5906, 0.7874 0.2102 0.5906, 0.7874 1.0764 0.0, 0.7874 0.2102 0.2362, 0.7874 0.2453 0.0, -1.9488 -2.3094 -0.1968, -1.9896 -2.3041 0.0, -1.9896 -2.3041 -0.1968, -2.0276 -2.2883 0.0, -2.0276 -2.2883 -0.1968, -2.0602 -2.2633 0.0, -2.0602 -2.2633 -0.1968, -2.0852 -2.2307 0.0, -2.0852 -2.2307 -0.1968, -2.101 -2.1927 0.0, -2.101 -2.1927 -0.1968, -2.1063 -2.152 0.0, -2.1063 -2.152 -0.1968, -2.101 -2.1112 0.0, -2.101 -2.1112 -0.1968, -2.0852 -2.0732 0.0, -2.0852 -2.0732 -0.1968, -2.0602 -2.0406 0.0, -2.0602 -2.0406 -0.1968, -2.0276 -2.0156 0.0, -2.0276 -2.0156 -0.1968, -1.9896 -1.9998 0.0, -1.9896 -1.9998 -0.1968, -1.9488 -1.9945 0.0, -1.9488 -1.9945 -0.1968, -1.9292 -1.9971 0.0, -1.9081 -1.9998 -0.1968, -1.9081 -1.9998 0.0, -1.8701 -2.0156 0.0, -1.8701 -2.0156 -0.1968, -1.8375 -2.0406 0.0, -1.8375 -2.0406 -0.1968, -1.8125 -2.0732 0.0, -1.8125 -2.0732 -0.1968, -1.7967 -2.1112 0.0, -1.7967 -2.1112 -0.1968, -1.7914 -2.152 0.0, -1.7914 -2.152 -0.1968, -1.7967 -2.1927 0.0, -1.7967 -2.1927 -0.1968, -1.8125 -2.2307 0.0, -1.8125 -2.2307 -0.1968, -1.8375 -2.2633 0.0, -1.8375 -2.2633 -0.1968, -1.8701 -2.2883 0.0, -1.8701 -2.2883 -0.1968, -1.9081 -2.3041 0.0, -1.9081 -2.3041 -0.1968, -1.9292 -2.3068 0.0, -1.9488 -2.3094 0.0, -2.0511 -2.211 -0.2362, -2.0629 -2.1825 -0.2362, -1.9488 -2.152 -0.2362, -2.0669 -2.152 -0.2362, -2.0629 -2.1214 -0.2362, -1.9794 -2.266 -0.2362, -2.0079 -2.2542 -0.2362, -2.0324 -2.2355 -0.2362, -1.8898 -2.2542 -0.2362, -1.9183 -2.266 -0.2362, -1.9488 -2.2701 -0.2362, -1.8348 -2.1825 -0.2362, -1.8466 -2.211 -0.2362, -1.8653 -2.2355 -0.2362, -1.8466 -2.0929 -0.2362, -1.8348 -2.1214 -0.2362, -1.8307 -2.152 -0.2362, -1.9183 -2.0379 -0.2362, -1.8898 -2.0497 -0.2362, -1.8653 -2.0684 -0.2362, -2.0079 -2.0497 -0.2362, -1.9794 -2.0379 -0.2362, -1.9488 -2.0338 -0.2362, -2.0511 -2.0929 -0.2362, -2.0324 -2.0684 -0.2362, 1.3582 -2.152 0.0, 1.3529 -2.1112 -0.1968, 1.3529 -2.1112 0.0, 1.3371 -2.0732 -0.1968, 1.3371 -2.0732 0.0, 1.3121 -2.0406 -0.1968, 1.3121 -2.0406 0.0, 1.2795 -2.0156 -0.1968, 1.2795 -2.0156 0.0, 1.2415 -1.9998 -0.1968, 1.2415 -1.9998 0.0, 1.2008 -1.9945 -0.1968, 1.2008 -1.9945 0.0, 1.16 -1.9998 -0.1968, 1.16 -1.9998 0.0, 1.122 -2.0156 -0.1968, 1.122 -2.0156 0.0, 1.0894 -2.0406 -0.1968, 1.0894 -2.0406 0.0, 1.0644 -2.0732 -0.1968, 1.0644 -2.0732 0.0, 1.0487 -2.1112 -0.1968, 1.0487 -2.1112 0.0, 1.0433 -2.152 -0.1968, 1.0433 -2.152 0.0, 1.0487 -2.1927 -0.1968, 1.0487 -2.1927 0.0, 1.0644 -2.2307 -0.1968, 1.0644 -2.2307 0.0, 1.0894 -2.2633 -0.1968, 1.0894 -2.2633 0.0, 1.122 -2.2883 -0.1968, 1.122 -2.2883 0.0, 1.16 -2.3041 -0.1968, 1.16 -2.3041 0.0, 1.2008 -2.3094 -0.1968, 1.2008 -2.3094 0.0, 1.2415 -2.3041 -0.1968, 1.2415 -2.3041 0.0, 1.2795 -2.2883 -0.1968, 1.2795 -2.2883 0.0, 1.3121 -2.2633 -0.1968, 1.3121 -2.2633 0.0, 1.3371 -2.2307 -0.1968, 1.3371 -2.2307 0.0, 1.3529 -2.1927 -0.1968, 1.3529 -2.1927 0.0, 1.3582 -2.152 -0.1968, 1.0985 -2.211 -0.2362, 1.0867 -2.1825 -0.2362, 1.2008 -2.152 -0.2362, 1.0827 -2.152 -0.2362, 1.0867 -2.1214 -0.2362, 1.1702 -2.266 -0.2362, 1.1417 -2.2542 -0.2362, 1.1173 -2.2355 -0.2362, 1.2598 -2.2542 -0.2362, 1.2313 -2.266 -0.2362, 1.2008 -2.2701 -0.2362, 1.3149 -2.1825 -0.2362, 1.3031 -2.211 -0.2362, 1.2843 -2.2355 -0.2362, 1.3031 -2.0929 -0.2362, 1.3149 -2.1214 -0.2362, 1.3189 -2.152 -0.2362, 1.2313 -2.0379 -0.2362, 1.2598 -2.0497 -0.2362, 1.2843 -2.0684 -0.2362, 1.1417 -2.0497 -0.2362, 1.1702 -2.0379 -0.2362, 1.2008 -2.0338 -0.2362, 1.0985 -2.0929 -0.2362, 1.1173 -2.0684 -0.2362, 0.6874 -3.5542 0.0, 0.6874 -3.5542 0.2362, 0.6693 -3.5506 0.0, 0.3921 -3.4971 0.2362, 0.0933 -3.4627 0.2362, 0.2362 -3.4791 0.0, 0.3921 -3.4971 0.0, -0.2072 -3.4512 0.2362, -0.2072 -3.4512 0.0, 0.0933 -3.4627 0.0, 1.3767 -3.715 0.0, 1.4271 -3.7268 0.0, 1.4271 -3.7268 0.2362, 1.0138 -3.6303 0.0, -0.6299 -3.4512 0.0, -2.6277 -3.4512 0.6693, -2.8248 -3.4512 0.6654, -2.6277 -3.4512 0.2362, -2.8248 -3.4512 0.0, -2.3622 -3.4512 0.0, -2.8209 -3.4512 0.6693, -2.8219 -3.4512 0.6692, -2.8229 -3.4512 0.6688, -1.9292 -3.4512 0.0, -1.7028 -3.4512 0.0, -1.063 -3.4512 0.0, -2.8237 -3.4512 0.6681, -2.8243 -3.4512 0.6673, -2.8247 -3.4512 0.6664, 2.7815 -1.9638 0.2756, 2.1841 -1.9638 0.2756, 2.7815 -1.9638 0.6693, 2.1841 -1.9638 0.6693, -2.0728 -2.1188 -0.2349, -2.0599 -2.0878 -0.2349, -2.0396 -2.0612 -0.2349, -2.013 -2.0408 -0.2349, -1.982 -2.028 -0.2349, -1.9488 -2.0237 -0.2349, -1.9156 -2.028 -0.2349, -1.8847 -2.0408 -0.2349, -1.8581 -2.0612 -0.2349, -1.8377 -2.0878 -0.2349, -1.8249 -2.1188 -0.2349, -1.8205 -2.152 -0.2349, -1.8249 -2.1852 -0.2349, -1.8377 -2.2161 -0.2349, -1.8581 -2.2427 -0.2349, -1.8847 -2.2631 -0.2349, -1.9156 -2.2759 -0.2349, -1.9488 -2.2803 -0.2349, -1.982 -2.2759 -0.2349, -2.013 -2.2631 -0.2349, -2.0396 -2.2427 -0.2349, -2.0599 -2.2161 -0.2349, -2.0728 -2.1852 -0.2349, -2.0771 -2.152 -0.2349, -2.0819 -2.1163 -0.2309, -2.0682 -2.0831 -0.2309, -2.0463 -2.0545 -0.2309, -2.0177 -2.0326 -0.2309, -1.9845 -2.0189 -0.2309, -1.9488 -2.0142 -0.2309, -1.9132 -2.0189 -0.2309, -1.8799 -2.0326 -0.2309, -1.8514 -2.0545 -0.2309, -1.8295 -2.0831 -0.2309, -1.8157 -2.1163 -0.2309, -1.811 -2.152 -0.2309, -1.8157 -2.1876 -0.2309, -1.8295 -2.2209 -0.2309, -1.8514 -2.2494 -0.2309, -1.8799 -2.2713 -0.2309, -1.9132 -2.2851 -0.2309, -1.9488 -2.2898 -0.2309, -1.9845 -2.2851 -0.2309, -2.0177 -2.2713 -0.2309, -2.0463 -2.2494 -0.2309, -2.0682 -2.2209 -0.2309, -2.0819 -2.1876 -0.2309, -2.0866 -2.152 -0.2309, -2.0898 -2.1142 -0.2247, -2.0752 -2.079 -0.2247, -2.052 -2.0488 -0.2247, -2.0218 -2.0256 -0.2247, -1.9866 -2.011 -0.2247, -1.9488 -2.006 -0.2247, -1.9111 -2.011 -0.2247, -1.8759 -2.0256 -0.2247, -1.8456 -2.0488 -0.2247, -1.8224 -2.079 -0.2247, -1.8079 -2.1142 -0.2247, -1.8029 -2.152 -0.2247, -1.8079 -2.1897 -0.2247, -1.8224 -2.2249 -0.2247, -1.8456 -2.2552 -0.2247, -1.8759 -2.2784 -0.2247, -1.9111 -2.2929 -0.2247, -1.9488 -2.2979 -0.2247, -1.9866 -2.2929 -0.2247, -2.0218 -2.2784 -0.2247, -2.052 -2.2552 -0.2247, -2.0752 -2.2249 -0.2247, -2.0898 -2.1897 -0.2247, -2.0948 -2.152 -0.2247, -2.0959 -2.1126 -0.2165, -2.0807 -2.0759 -0.2165, -2.0565 -2.0443 -0.2165, -2.0249 -2.0201 -0.2165, -1.9882 -2.0049 -0.2165, -1.9488 -1.9998 -0.2165, -1.9094 -2.0049 -0.2165, -1.8727 -2.0201 -0.2165, -1.8412 -2.0443 -0.2165, -1.817 -2.0759 -0.2165, -1.8018 -2.1126 -0.2165, -1.7966 -2.152 -0.2165, -1.8018 -2.1914 -0.2165, -1.817 -2.2281 -0.2165, -1.8412 -2.2596 -0.2165, -1.8727 -2.2838 -0.2165, -1.9094 -2.299 -0.2165, -1.9488 -2.3042 -0.2165, -1.9882 -2.299 -0.2165, -2.0249 -2.2838 -0.2165, -2.0565 -2.2596 -0.2165, -2.0807 -2.2281 -0.2165, -2.0959 -2.1914 -0.2165, -2.101 -2.152 -0.2165, -2.0997 -2.1115 -0.207, -2.0841 -2.0739 -0.207, -2.0592 -2.0416 -0.207, -2.0269 -2.0167 -0.207, -1.9893 -2.0011 -0.207, -1.9488 -1.9958 -0.207, -1.9084 -2.0011 -0.207, -1.8708 -2.0167 -0.207, -1.8384 -2.0416 -0.207, -1.8136 -2.0739 -0.207, -1.798 -2.1115 -0.207, -1.7927 -2.152 -0.207, -1.798 -2.1924 -0.207, -1.8136 -2.23 -0.207, -1.8384 -2.2624 -0.207, -1.8708 -2.2872 -0.207, -1.9084 -2.3028 -0.207, -1.9488 -2.3081 -0.207, -1.9893 -2.3028 -0.207, -2.0269 -2.2872 -0.207, -2.0592 -2.2624 -0.207, -2.0841 -2.23 -0.207, -2.0997 -2.1924 -0.207, -2.105 -2.152 -0.207, 1.0768 -2.1188 -0.2349, 1.0897 -2.0878 -0.2349, 1.11 -2.0612 -0.2349, 1.1366 -2.0408 -0.2349, 1.1676 -2.028 -0.2349, 1.2008 -2.0237 -0.2349, 1.234 -2.028 -0.2349, 1.2649 -2.0408 -0.2349, 1.2915 -2.0612 -0.2349, 1.3119 -2.0878 -0.2349, 1.3247 -2.1188 -0.2349, 1.3291 -2.152 -0.2349, 1.3247 -2.1852 -0.2349, 1.3119 -2.2161 -0.2349, 1.2915 -2.2427 -0.2349, 1.2649 -2.2631 -0.2349, 1.234 -2.2759 -0.2349, 1.2008 -2.2803 -0.2349, 1.1676 -2.2759 -0.2349, 1.1366 -2.2631 -0.2349, 1.11 -2.2427 -0.2349, 1.0897 -2.2161 -0.2349, 1.0768 -2.1852 -0.2349, 1.0725 -2.152 -0.2349, 1.0677 -2.1163 -0.2309, 1.0814 -2.0831 -0.2309, 1.1033 -2.0545 -0.2309, 1.1319 -2.0326 -0.2309, 1.1651 -2.0189 -0.2309, 1.2008 -2.0142 -0.2309, 1.2364 -2.0189 -0.2309, 1.2697 -2.0326 -0.2309, 1.2982 -2.0545 -0.2309, 1.3201 -2.0831 -0.2309, 1.3339 -2.1163 -0.2309, 1.3386 -2.152 -0.2309, 1.3339 -2.1876 -0.2309, 1.3201 -2.2209 -0.2309, 1.2982 -2.2494 -0.2309, 1.2697 -2.2713 -0.2309, 1.2364 -2.2851 -0.2309, 1.2008 -2.2898 -0.2309, 1.1651 -2.2851 -0.2309, 1.1319 -2.2713 -0.2309, 1.1033 -2.2494 -0.2309, 1.0814 -2.2209 -0.2309, 1.0677 -2.1876 -0.2309, 1.063 -2.152 -0.2309, 1.0598 -2.1142 -0.2247, 1.0744 -2.079 -0.2247, 1.0976 -2.0488 -0.2247, 1.1278 -2.0256 -0.2247, 1.163 -2.011 -0.2247, 1.2008 -2.006 -0.2247, 1.2385 -2.011 -0.2247, 1.2737 -2.0256 -0.2247, 1.304 -2.0488 -0.2247, 1.3272 -2.079 -0.2247, 1.3417 -2.1142 -0.2247, 1.3467 -2.152 -0.2247, 1.3417 -2.1897 -0.2247, 1.3272 -2.2249 -0.2247, 1.304 -2.2552 -0.2247, 1.2737 -2.2784 -0.2247, 1.2385 -2.2929 -0.2247, 1.2008 -2.2979 -0.2247, 1.163 -2.2929 -0.2247, 1.1278 -2.2784 -0.2247, 1.0976 -2.2552 -0.2247, 1.0744 -2.2249 -0.2247, 1.0598 -2.1897 -0.2247, 1.0548 -2.152 -0.2247, 1.0537 -2.1126 -0.2165, 1.069 -2.0759 -0.2165, 1.0931 -2.0443 -0.2165, 1.1247 -2.0201 -0.2165, 1.1614 -2.0049 -0.2165, 1.2008 -1.9998 -0.2165, 1.2402 -2.0049 -0.2165, 1.2769 -2.0201 -0.2165, 1.3084 -2.0443 -0.2165, 1.3326 -2.0759 -0.2165, 1.3478 -2.1126 -0.2165, 1.353 -2.152 -0.2165, 1.3478 -2.1914 -0.2165, 1.3326 -2.2281 -0.2165, 1.3084 -2.2596 -0.2165, 1.2769 -2.2838 -0.2165, 1.2402 -2.299 -0.2165, 1.2008 -2.3042 -0.2165, 1.1614 -2.299 -0.2165, 1.1247 -2.2838 -0.2165, 1.0931 -2.2596 -0.2165, 1.069 -2.2281 -0.2165, 1.0537 -2.1914 -0.2165, 1.0486 -2.152 -0.2165, 1.0499 -2.1115 -0.207, 1.0655 -2.0739 -0.207, 1.0904 -2.0416 -0.207, 1.1227 -2.0167 -0.207, 1.1604 -2.0011 -0.207, 1.2008 -1.9958 -0.207, 1.2412 -2.0011 -0.207, 1.2788 -2.0167 -0.207, 1.3112 -2.0416 -0.207, 1.336 -2.0739 -0.207, 1.3516 -2.1115 -0.207, 1.3569 -2.152 -0.207, 1.3516 -2.1924 -0.207, 1.336 -2.23 -0.207, 1.3112 -2.2624 -0.207, 1.2788 -2.2872 -0.207, 1.2412 -2.3028 -0.207, 1.2008 -2.3081 -0.207, 1.1604 -2.3028 -0.207, 1.1227 -2.2872 -0.207, 1.0904 -2.2624 -0.207, 1.0655 -2.23 -0.207, 1.0499 -2.1924 -0.207, 1.0446 -2.152 -0.207
            ]
        }
        coordIndex [
            0,1,2,-1,2,1,3,-1,2,3,4,-1,4,3,5,-1,6,7,8,-1,8,7,9,-1,10,11,12,-1,12,11,8,-1,12,8,13,-1,13,8,9,-1,14,15,5,-1,7,6,16,-1,16,6,14,-1,16,14,3,-1,3,14,5,-1,11,10,17,-1,17,10,4,-1,17,4,15,-1,15,4,5,-1,1,0,18,-1,18,0,13,-1,18,13,9,-1,19,20,21,-1,21,20,22,-1,23,24,25,-1,25,24,26,-1,25,26,27,-1,27,26,20,-1,27,20,19,-1,28,29,30,-1,21,22,31,-1,31,22,28,-1,31,28,32,-1,32,28,30,-1,30,23,32,-1,32,23,25,-1,23,30,24,-1,24,30,29,-1,33,34,35,-1,35,34,36,-1,35,36,37,-1,38,39,40,-1,40,39,41,-1,40,41,42,-1,42,41,34,-1,42,34,33,-1,43,44,45,-1,37,36,46,-1,46,36,43,-1,46,43,47,-1,47,43,45,-1,47,45,48,-1,48,45,38,-1,48,38,40,-1,38,45,39,-1,39,45,44,-1,49,50,51,-1,51,50,52,-1,53,54,55,-1,55,54,56,-1,55,56,57,-1,57,56,50,-1,57,50,49,-1,58,59,60,-1,51,52,61,-1,61,52,58,-1,61,58,62,-1,62,58,60,-1,60,53,62,-1,62,53,55,-1,53,60,54,-1,54,60,59,-1,63,64,65,-1,65,64,66,-1,67,68,69,-1,69,68,70,-1,69,70,71,-1,71,70,64,-1,71,64,63,-1,72,73,74,-1,65,66,75,-1,75,66,72,-1,75,72,76,-1,76,72,74,-1,74,67,76,-1,76,67,69,-1,67,74,68,-1,68,74,73,-1,77,78,79,-1,79,78,80,-1,81,82,83,-1,83,82,84,-1,83,84,85,-1,85,84,78,-1,85,78,77,-1,86,87,88,-1,79,80,89,-1,89,80,86,-1,89,86,90,-1,90,86,88,-1,88,81,90,-1,90,81,83,-1,81,88,82,-1,82,88,87,-1,91,92,93,-1,93,92,94,-1,95,96,97,-1,97,96,98,-1,97,98,99,-1,99,98,92,-1,99,92,91,-1,100,101,102,-1,93,94,103,-1,103,94,100,-1,103,100,104,-1,104,100,102,-1,102,95,104,-1,104,95,97,-1,95,102,96,-1,96,102,101,-1,105,106,107,-1,107,106,108,-1,109,110,111,-1,111,110,112,-1,111,112,113,-1,113,112,106,-1,113,106,105,-1,114,115,116,-1,107,108,117,-1,117,108,114,-1,117,114,118,-1,118,114,116,-1,116,109,118,-1,118,109,111,-1,109,116,110,-1,110,116,115,-1,119,120,121,-1,121,120,122,-1,123,124,125,-1,121,122,126,-1,126,122,123,-1,126,123,127,-1,127,123,125,-1,128,129,130,-1,130,129,131,-1,130,131,132,-1,132,131,120,-1,132,120,119,-1,125,128,127,-1,127,128,130,-1,125,124,128,-1,128,124,129,-1,133,134,135,-1,135,134,136,-1,135,136,137,-1,137,136,138,-1,137,138,139,-1,139,138,140,-1,139,140,141,-1,141,140,142,-1,141,142,143,-1,143,142,144,-1,143,144,145,-1,145,144,146,-1,145,146,147,-1,147,146,148,-1,147,148,149,-1,149,148,150,-1,149,150,151,-1,151,150,152,-1,151,152,153,-1,153,152,154,-1,153,154,155,-1,155,154,156,-1,155,156,157,-1,157,156,158,-1,157,158,159,-1,158,160,159,-1,159,160,161,-1,159,161,162,-1,162,161,163,-1,162,163,164,-1,164,163,165,-1,164,165,166,-1,166,165,167,-1,166,167,168,-1,168,167,169,-1,168,169,170,-1,170,169,171,-1,170,171,172,-1,172,171,173,-1,172,173,174,-1,174,173,175,-1,174,175,176,-1,176,175,177,-1,176,177,178,-1,178,177,179,-1,178,179,180,-1,180,179,181,-1,180,181,133,-1,133,181,182,-1,133,182,134,-1,183,184,185,-1,185,184,186,-1,185,186,187,-1,188,189,185,-1,185,189,190,-1,185,190,183,-1,191,192,185,-1,185,192,193,-1,185,193,188,-1,194,195,185,-1,185,195,196,-1,185,196,191,-1,197,198,185,-1,185,198,199,-1,185,199,194,-1,200,201,185,-1,185,201,202,-1,185,202,197,-1,203,204,185,-1,185,204,205,-1,185,205,200,-1,187,206,185,-1,185,206,207,-1,185,207,203,-1,208,209,210,-1,210,209,211,-1,210,211,212,-1,212,211,213,-1,212,213,214,-1,214,213,215,-1,214,215,216,-1,216,215,217,-1,216,217,218,-1,218,217,219,-1,218,219,220,-1,220,219,221,-1,220,221,222,-1,222,221,223,-1,222,223,224,-1,224,223,225,-1,224,225,226,-1,226,225,227,-1,226,227,228,-1,228,227,229,-1,228,229,230,-1,230,229,231,-1,230,231,232,-1,232,231,233,-1,232,233,234,-1,234,233,235,-1,234,235,236,-1,236,235,237,-1,236,237,238,-1,238,237,239,-1,238,239,240,-1,240,239,241,-1,240,241,242,-1,242,241,243,-1,242,243,244,-1,244,243,245,-1,244,245,246,-1,246,245,247,-1,246,247,248,-1,248,247,249,-1,248,249,250,-1,250,249,251,-1,250,251,252,-1,252,251,253,-1,252,253,254,-1,254,253,255,-1,254,255,208,-1,208,255,209,-1,256,257,258,-1,258,257,259,-1,258,259,260,-1,261,262,258,-1,258,262,263,-1,258,263,256,-1,264,265,258,-1,258,265,266,-1,258,266,261,-1,267,268,258,-1,258,268,269,-1,258,269,264,-1,270,271,258,-1,258,271,272,-1,258,272,267,-1,273,274,258,-1,258,274,275,-1,258,275,270,-1,276,277,258,-1,258,277,278,-1,258,278,273,-1,260,279,258,-1,258,279,280,-1,258,280,276,-1,281,282,283,-1,283,282,284,-1,285,286,284,-1,284,286,287,-1,284,287,283,-1,288,289,285,-1,285,289,290,-1,285,290,286,-1,291,292,293,-1,291,293,294,-1,294,293,282,-1,294,282,281,-1,295,289,288,-1,296,297,298,-1,298,297,299,-1,298,299,300,-1,296,301,297,-1,297,301,302,-1,297,302,303,-1,300,304,298,-1,298,304,305,-1,298,305,288,-1,288,305,306,-1,288,306,295,-1,303,307,297,-1,297,307,308,-1,297,308,309,-1,310,311,312,-1,312,311,313,-1,186,314,187,-1,187,314,315,-1,187,315,206,-1,206,315,316,-1,206,316,207,-1,207,316,317,-1,207,317,203,-1,203,317,318,-1,203,318,204,-1,204,318,319,-1,204,319,205,-1,205,319,320,-1,205,320,200,-1,200,320,321,-1,200,321,201,-1,201,321,322,-1,201,322,202,-1,202,322,323,-1,202,323,197,-1,197,323,324,-1,197,324,198,-1,198,324,325,-1,198,325,199,-1,199,325,326,-1,199,326,194,-1,194,326,327,-1,194,327,195,-1,195,327,328,-1,195,328,196,-1,196,328,329,-1,196,329,191,-1,191,329,330,-1,191,330,192,-1,192,330,331,-1,192,331,193,-1,193,331,332,-1,193,332,188,-1,188,332,333,-1,188,333,189,-1,189,333,334,-1,189,334,190,-1,190,334,335,-1,190,335,183,-1,183,335,336,-1,183,336,184,-1,184,336,337,-1,184,337,186,-1,186,337,314,-1,337,338,314,-1,314,338,339,-1,314,339,315,-1,315,339,340,-1,315,340,316,-1,316,340,341,-1,316,341,317,-1,317,341,342,-1,317,342,318,-1,318,342,343,-1,318,343,319,-1,319,343,344,-1,319,344,320,-1,320,344,345,-1,320,345,321,-1,321,345,346,-1,321,346,322,-1,322,346,347,-1,322,347,323,-1,323,347,348,-1,323,348,324,-1,324,348,349,-1,324,349,325,-1,325,349,350,-1,325,350,326,-1,326,350,351,-1,326,351,327,-1,327,351,352,-1,327,352,328,-1,328,352,353,-1,328,353,329,-1,329,353,354,-1,329,354,330,-1,330,354,355,-1,330,355,331,-1,331,355,356,-1,331,356,332,-1,332,356,357,-1,332,357,333,-1,333,357,358,-1,333,358,334,-1,334,358,359,-1,334,359,335,-1,335,359,360,-1,335,360,336,-1,336,360,361,-1,336,361,337,-1,337,361,338,-1,361,362,338,-1,338,362,363,-1,338,363,339,-1,339,363,364,-1,339,364,340,-1,340,364,365,-1,340,365,341,-1,341,365,366,-1,341,366,342,-1,342,366,367,-1,342,367,343,-1,343,367,368,-1,343,368,344,-1,344,368,369,-1,344,369,345,-1,345,369,370,-1,345,370,346,-1,346,370,371,-1,346,371,347,-1,347,371,372,-1,347,372,348,-1,348,372,373,-1,348,373,349,-1,349,373,374,-1,349,374,350,-1,350,374,375,-1,350,375,351,-1,351,375,376,-1,351,376,352,-1,352,376,377,-1,352,377,353,-1,353,377,378,-1,353,378,354,-1,354,378,379,-1,354,379,355,-1,355,379,380,-1,355,380,356,-1,356,380,381,-1,356,381,357,-1,357,381,382,-1,357,382,358,-1,358,382,383,-1,358,383,359,-1,359,383,384,-1,359,384,360,-1,360,384,385,-1,360,385,361,-1,361,385,362,-1,385,386,362,-1,362,386,387,-1,362,387,363,-1,363,387,388,-1,363,388,364,-1,364,388,389,-1,364,389,365,-1,365,389,390,-1,365,390,366,-1,366,390,391,-1,366,391,367,-1,367,391,392,-1,367,392,368,-1,368,392,393,-1,368,393,369,-1,369,393,394,-1,369,394,370,-1,370,394,395,-1,370,395,371,-1,371,395,396,-1,371,396,372,-1,372,396,397,-1,372,397,373,-1,373,397,398,-1,373,398,374,-1,374,398,399,-1,374,399,375,-1,375,399,400,-1,375,400,376,-1,376,400,401,-1,376,401,377,-1,377,401,402,-1,377,402,378,-1,378,402,403,-1,378,403,379,-1,379,403,404,-1,379,404,380,-1,380,404,405,-1,380,405,381,-1,381,405,406,-1,381,406,382,-1,382,406,407,-1,382,407,383,-1,383,407,408,-1,383,408,384,-1,384,408,409,-1,384,409,385,-1,385,409,386,-1,409,410,386,-1,386,410,411,-1,386,411,387,-1,387,411,412,-1,387,412,388,-1,388,412,413,-1,388,413,389,-1,389,413,414,-1,389,414,390,-1,390,414,415,-1,390,415,391,-1,391,415,416,-1,391,416,392,-1,392,416,417,-1,392,417,393,-1,393,417,418,-1,393,418,394,-1,394,418,419,-1,394,419,395,-1,395,419,420,-1,395,420,396,-1,396,420,421,-1,396,421,397,-1,397,421,422,-1,397,422,398,-1,398,422,423,-1,398,423,399,-1,399,423,424,-1,399,424,400,-1,400,424,425,-1,400,425,401,-1,401,425,426,-1,401,426,402,-1,402,426,427,-1,402,427,403,-1,403,427,428,-1,403,428,404,-1,404,428,429,-1,404,429,405,-1,405,429,430,-1,405,430,406,-1,406,430,431,-1,406,431,407,-1,407,431,432,-1,407,432,408,-1,408,432,433,-1,408,433,409,-1,409,433,410,-1,433,147,410,-1,410,147,149,-1,410,149,411,-1,411,149,151,-1,411,151,412,-1,412,151,153,-1,412,153,413,-1,413,153,155,-1,413,155,414,-1,414,155,157,-1,414,157,415,-1,415,157,159,-1,415,159,416,-1,416,159,162,-1,416,162,417,-1,417,162,164,-1,417,164,418,-1,418,164,166,-1,418,166,419,-1,419,166,168,-1,419,168,420,-1,420,168,170,-1,420,170,421,-1,421,170,172,-1,421,172,422,-1,422,172,174,-1,422,174,423,-1,423,174,176,-1,423,176,424,-1,424,176,178,-1,424,178,425,-1,425,178,180,-1,425,180,426,-1,426,180,133,-1,426,133,427,-1,427,133,135,-1,427,135,428,-1,428,135,137,-1,428,137,429,-1,429,137,139,-1,429,139,430,-1,430,139,141,-1,430,141,431,-1,431,141,143,-1,431,143,432,-1,432,143,145,-1,432,145,433,-1,433,145,147,-1,259,434,260,-1,260,434,435,-1,260,435,279,-1,279,435,436,-1,279,436,280,-1,280,436,437,-1,280,437,276,-1,276,437,438,-1,276,438,277,-1,277,438,439,-1,277,439,278,-1,278,439,440,-1,278,440,273,-1,273,440,441,-1,273,441,274,-1,274,441,442,-1,274,442,275,-1,275,442,443,-1,275,443,270,-1,270,443,444,-1,270,444,271,-1,271,444,445,-1,271,445,272,-1,272,445,446,-1,272,446,267,-1,267,446,447,-1,267,447,268,-1,268,447,448,-1,268,448,269,-1,269,448,449,-1,269,449,264,-1,264,449,450,-1,264,450,265,-1,265,450,451,-1,265,451,266,-1,266,451,452,-1,266,452,261,-1,261,452,453,-1,261,453,262,-1,262,453,454,-1,262,454,263,-1,263,454,455,-1,263,455,256,-1,256,455,456,-1,256,456,257,-1,257,456,457,-1,257,457,259,-1,259,457,434,-1,457,458,434,-1,434,458,459,-1,434,459,435,-1,435,459,460,-1,435,460,436,-1,436,460,461,-1,436,461,437,-1,437,461,462,-1,437,462,438,-1,438,462,463,-1,438,463,439,-1,439,463,464,-1,439,464,440,-1,440,464,465,-1,440,465,441,-1,441,465,466,-1,441,466,442,-1,442,466,467,-1,442,467,443,-1,443,467,468,-1,443,468,444,-1,444,468,469,-1,444,469,445,-1,445,469,470,-1,445,470,446,-1,446,470,471,-1,446,471,447,-1,447,471,472,-1,447,472,448,-1,448,472,473,-1,448,473,449,-1,449,473,474,-1,449,474,450,-1,450,474,475,-1,450,475,451,-1,451,475,476,-1,451,476,452,-1,452,476,477,-1,452,477,453,-1,453,477,478,-1,453,478,454,-1,454,478,479,-1,454,479,455,-1,455,479,480,-1,455,480,456,-1,456,480,481,-1,456,481,457,-1,457,481,458,-1,481,482,458,-1,458,482,483,-1,458,483,459,-1,459,483,484,-1,459,484,460,-1,460,484,485,-1,460,485,461,-1,461,485,486,-1,461,486,462,-1,462,486,487,-1,462,487,463,-1,463,487,488,-1,463,488,464,-1,464,488,489,-1,464,489,465,-1,465,489,490,-1,465,490,466,-1,466,490,491,-1,466,491,467,-1,467,491,492,-1,467,492,468,-1,468,492,493,-1,468,493,469,-1,469,493,494,-1,469,494,470,-1,470,494,495,-1,470,495,471,-1,471,495,496,-1,471,496,472,-1,472,496,497,-1,472,497,473,-1,473,497,498,-1,473,498,474,-1,474,498,499,-1,474,499,475,-1,475,499,500,-1,475,500,476,-1,476,500,501,-1,476,501,477,-1,477,501,502,-1,477,502,478,-1,478,502,503,-1,478,503,479,-1,479,503,504,-1,479,504,480,-1,480,504,505,-1,480,505,481,-1,481,505,482,-1,505,506,482,-1,482,506,507,-1,482,507,483,-1,483,507,508,-1,483,508,484,-1,484,508,509,-1,484,509,485,-1,485,509,510,-1,485,510,486,-1,486,510,511,-1,486,511,487,-1,487,511,512,-1,487,512,488,-1,488,512,513,-1,488,513,489,-1,489,513,514,-1,489,514,490,-1,490,514,515,-1,490,515,491,-1,491,515,516,-1,491,516,492,-1,492,516,517,-1,492,517,493,-1,493,517,518,-1,493,518,494,-1,494,518,519,-1,494,519,495,-1,495,519,520,-1,495,520,496,-1,496,520,521,-1,496,521,497,-1,497,521,522,-1,497,522,498,-1,498,522,523,-1,498,523,499,-1,499,523,524,-1,499,524,500,-1,500,524,525,-1,500,525,501,-1,501,525,526,-1,501,526,502,-1,502,526,527,-1,502,527,503,-1,503,527,528,-1,503,528,504,-1,504,528,529,-1,504,529,505,-1,505,529,506,-1,529,530,506,-1,506,530,531,-1,506,531,507,-1,507,531,532,-1,507,532,508,-1,508,532,533,-1,508,533,509,-1,509,533,534,-1,509,534,510,-1,510,534,535,-1,510,535,511,-1,511,535,536,-1,511,536,512,-1,512,536,537,-1,512,537,513,-1,513,537,538,-1,513,538,514,-1,514,538,539,-1,514,539,515,-1,515,539,540,-1,515,540,516,-1,516,540,541,-1,516,541,517,-1,517,541,542,-1,517,542,518,-1,518,542,543,-1,518,543,519,-1,519,543,544,-1,519,544,520,-1,520,544,545,-1,520,545,521,-1,521,545,546,-1,521,546,522,-1,522,546,547,-1,522,547,523,-1,523,547,548,-1,523,548,524,-1,524,548,549,-1,524,549,525,-1,525,549,550,-1,525,550,526,-1,526,550,551,-1,526,551,527,-1,527,551,552,-1,527,552,528,-1,528,552,553,-1,528,553,529,-1,529,553,530,-1,553,229,530,-1,530,229,227,-1,530,227,531,-1,531,227,225,-1,531,225,532,-1,532,225,223,-1,532,223,533,-1,533,223,221,-1,533,221,534,-1,534,221,219,-1,534,219,535,-1,535,219,217,-1,535,217,536,-1,536,217,215,-1,536,215,537,-1,537,215,213,-1,537,213,538,-1,538,213,211,-1,538,211,539,-1,539,211,209,-1,539,209,540,-1,540,209,255,-1,540,255,541,-1,541,255,253,-1,541,253,542,-1,542,253,251,-1,542,251,543,-1,543,251,249,-1,543,249,544,-1,544,249,247,-1,544,247,545,-1,545,247,245,-1,545,245,546,-1,546,245,243,-1,546,243,547,-1,547,243,241,-1,547,241,548,-1,548,241,239,-1,548,239,549,-1,549,239,237,-1,549,237,550,-1,550,237,235,-1,550,235,551,-1,551,235,233,-1,551,233,552,-1,552,233,231,-1,552,231,553,-1,553,231,229,-1,
        ]
    }
}
Shape{
    appearance Appearance {
        material  Material 	{
            diffuseColor 0.7529411764705882 0.7529411764705882 0.7529411764705882
            specularColor 0.3764705882352941 0.3764705882352941 0.3764705882352941
            ambientIntensity 0.7529
            transparency 0.0
            shininess 0.5
        }
    }
    geometry IndexedFaceSet {
        ccw TRUE
        solid FALSE
        coord DEF co Coordinate {
            point [
                0.8268 2.2181 0.0197, 0.8268 2.041 0.0197, 0.9449 2.2181 0.0197, 0.9449 2.041 0.0197, 0.8268 2.2181 -0.0197, 0.9449 2.2181 -0.0197, 0.8268 2.041 -0.0197, 0.9449 2.041 -0.0197, 0.9449 2.0287 -0.0181, 0.8268 2.0287 -0.0181, 0.9449 2.0173 -0.0134, 0.8268 2.0173 -0.0134, 0.9449 2.0075 -0.0058, 0.8268 2.0075 -0.0058, 0.9449 2.0 0.0039, 0.8268 2.0 0.0039, 0.9449 1.9953 0.0153, 0.8268 1.9953 0.0153, 0.9449 1.9937 0.0276, 0.8268 1.9937 0.0276, 0.8268 1.9937 0.2831, 0.9449 1.9937 0.2831, 0.8268 1.9923 0.2946, 0.9449 1.9923 0.2946, 0.8268 1.9882 0.3053, 0.9449 1.9882 0.3053, 0.8268 1.9816 0.3147, 0.9449 1.9816 0.3147, 0.8268 1.9729 0.3223, 0.9449 1.9729 0.3223, 0.8268 1.9627 0.3275, 0.9449 1.9627 0.3275, 0.8268 1.9515 0.3301, 0.9449 1.9515 0.3301, 0.8268 1.7285 0.3541, 0.9449 1.7285 0.3541, 0.8268 1.7235 0.3543, 0.9449 1.7235 0.3543, 0.8268 1.6669 0.3543, 0.9449 1.6669 0.3543, 0.8268 1.6669 0.3937, 0.9449 1.6669 0.3937, 0.8268 1.7235 0.3937, 0.9449 1.7235 0.3937, 0.9449 1.7327 0.3932, 0.8268 1.7327 0.3932, 0.8268 1.9557 0.3693, 0.9449 1.9557 0.3693, 0.9449 1.9712 0.3661, 0.8268 1.9712 0.3661, 0.9449 1.9859 0.3603, 0.8268 1.9859 0.3603, 0.9449 1.9993 0.3518, 0.8268 1.9993 0.3518, 0.9449 2.0109 0.341, 0.8268 2.0109 0.341, 0.9449 2.0204 0.3283, 0.8268 2.0204 0.3283, 0.9449 2.0273 0.3141, 0.8268 2.0273 0.3141, 0.9449 2.0316 0.2989, 0.8268 2.0316 0.2989, 0.9449 2.0331 0.2831, 0.8268 2.0331 0.2831, 0.8268 2.0331 0.0276, 0.9449 2.0331 0.0276, 0.8268 2.0334 0.0255, 0.9449 2.0334 0.0255, 0.8268 2.0341 0.0236, 0.9449 2.0341 0.0236, 0.8268 2.0354 0.022, 0.9449 2.0354 0.022, 0.8268 2.037 0.0207, 0.9449 2.037 0.0207, 0.8268 2.0389 0.02, 0.9449 2.0389 0.02, -0.1661 1.1674 0.748, -0.1676 1.1673 0.748, -0.1362 1.1673 0.748, -0.034 1.5113 0.748, -0.0313 1.5103 0.748, -0.0313 1.5147 0.748, -0.267 1.5135 0.748, -0.257 1.5147 0.748, -0.3101 1.5147 0.748, -0.2327 1.3798 0.748, -0.2413 1.379 0.748, -0.1971 1.379 0.748, -0.5622 1.4095 0.748, -0.5365 1.3877 0.748, -0.4465 1.5147 0.748, -0.4465 1.379 0.748, -0.6142 1.4626 0.748, -0.5951 1.4251 0.748, -0.5904 1.4235 0.748, -0.6846 1.5264 0.748, -0.6676 1.5147 0.748, -0.6463 1.5 0.748, -0.7754 1.5494 0.748, -0.7318 1.5442 0.748, -0.4465 1.978 0.748, -0.8892 1.5123 0.748, -0.8854 1.5147 0.748, -1.9637 1.5147 0.748, -1.9637 1.379 0.748, -1.093 1.379 0.748, -1.0847 1.3977 0.748, -1.0619 1.427 0.748, -0.9902 1.4679 0.748, -0.9528 1.4725 0.748, -0.9115 1.4933 0.748, -0.9419 1.4719 0.748, -0.931 1.4706 0.748, -1.0555 1.433 0.748, -1.0253 1.4542 0.748, -1.037 1.1901 0.748, -1.0667 1.2154 0.748, -1.9637 1.1673 0.748, -1.0027 1.1734 0.748, -0.9896 1.1673 0.748, -0.9908 1.1698 0.748, -1.0883 1.2463 0.748, -1.1019 1.2816 0.748, -1.9637 1.3398 0.748, -1.1065 1.3188 0.748, -1.1062 1.3279 0.748, -1.1041 1.3398 0.748, -1.0999 1.3636 0.748, -1.9637 1.1144 0.748, -0.9399 1.1144 0.748, -0.9486 1.1181 0.748, -0.9671 1.132 0.748, -0.9812 1.1495 0.748, -0.4465 -3.4512 0.748, -0.8776 1.1081 0.748, -0.9006 1.1053 0.748, -1.9637 -3.4512 0.748, -0.9043 1.1054 0.748, -0.9267 1.1089 0.748, -0.8117 1.1673 0.748, -0.8118 1.1669 0.748, -0.4465 1.1144 0.748, -0.823 1.1457 0.748, -0.8376 1.1294 0.748, -0.8565 1.1163 0.748, -0.8613 1.1144 0.748, -0.5055 1.3317 0.748, -0.5012 1.3008 0.748, -0.4465 1.3398 0.748, -0.6906 1.2232 0.748, -0.6841 1.2258 0.748, -0.6729 1.2799 0.748, -0.5363 1.2106 0.748, -0.5621 1.1888 0.748, -0.4465 1.1673 0.748, -0.8295 1.2638 0.748, -0.7023 1.3302 0.748, -0.846 1.2789 0.748, -0.8662 1.2896 0.748, -0.6964 1.2191 0.748, -0.5174 1.2369 0.748, -0.5605 1.3082 0.748, -0.5649 1.3264 0.748, -0.5722 1.3398 0.748, -1.0444 1.3398 0.748, -0.5055 1.2669 0.748, -0.6767 1.2268 0.748, -0.6758 1.2267 0.748, -0.6729 1.2261 0.748, -1.0388 1.2828 0.748, -1.0275 1.2636 0.748, -0.9793 1.2538 0.748, -1.0105 1.2461 0.748, -0.9898 1.2334 0.748, -0.9442 1.2852 0.748, -0.9636 1.2717 0.748, -1.0467 1.3207 0.748, -1.0456 1.306 0.748, -0.9233 1.2932 0.748, -0.9006 1.296 0.748, -0.8891 1.2953 0.748, -0.7061 1.1973 0.748, -0.7059 1.2011 0.748, -0.8057 1.2097 0.748, -0.704 1.2083 0.748, -0.7003 1.2148 0.748, -0.5793 1.2496 0.748, -0.5688 1.2644 0.748, -0.5623 1.2813 0.748, -0.56 1.2998 0.748, -0.6839 1.1688 0.748, -0.6902 1.1713 0.748, -0.6964 1.1756 0.748, -0.6986 1.1779 0.748, -0.7027 1.1838 0.748, -0.7052 1.1903 0.748, -0.8063 1.1903 0.748, -0.8057 1.2002 0.748, -0.591 1.1746 0.748, -0.6226 1.1679 0.748, -0.6786 1.1679 0.748, -0.671 1.2258 0.748, -0.6283 1.2258 0.748, -0.6113 1.2291 0.748, -0.5945 1.2368 0.748, -0.5805 1.2483 0.748, -0.6416 1.3738 0.748, -1.0358 1.3648 0.748, -1.0439 1.3437 0.748, -0.634 1.3738 0.748, -0.5738 1.3427 0.748, -0.5847 1.3549 0.748, -0.5994 1.3652 0.748, -0.6159 1.3716 0.748, -0.6621 1.4308 0.748, -0.6835 1.4564 0.748, -0.9016 1.4013 0.748, -0.6858 1.4586 0.748, -0.7125 1.4771 0.748, -0.8871 1.4313 0.748, -1.0259 1.379 0.748, -0.9083 1.405 0.748, -0.6427 1.379 0.748, -0.6474 1.4003 0.748, -0.9296 1.4128 0.748, -0.9519 1.4156 0.748, -0.9617 1.4151 0.748, -0.8658 1.4568 0.748, -0.7422 1.4885 0.748, -0.8404 1.4754 0.748, -0.7744 1.4924 0.748, -0.8094 1.4879 0.748, -0.9852 1.4095 0.748, -1.0063 1.3983 0.748, -1.0226 1.3837 0.748, -0.5302 1.379 0.748, -0.5171 1.3607 0.748, -0.5088 1.3398 0.748, 0.111 1.4166 0.748, 0.0621 1.4166 0.748, 0.1247 1.3801 0.748, 0.0621 1.379 0.748, 0.1437 1.3801 0.748, 2.3535 1.379 0.748, 0.0929 1.5135 0.748, 2.3436 1.3866 0.748, 2.3249 1.411 0.748, 2.3131 1.4395 0.748, 0.0555 1.4166 0.748, 0.0427 1.3801 0.748, 0.0199 1.379 0.748, 0.0236 1.3801 0.748, 0.0199 1.5147 0.748, 0.0621 1.4811 0.748, 0.0621 1.5147 0.748, 0.0744 1.5135 0.748, -0.1362 1.4402 0.748, -0.1722 1.4402 0.748, -0.1362 1.3953 0.748, -0.1722 1.3953 0.748, -0.105 1.5147 0.748, -0.1362 1.5147 0.748, -0.1207 1.5135 0.748, -0.1362 1.5135 0.748, -0.1207 1.4982 0.748, -0.1176 1.3953 0.748, -0.105 1.379 0.748, -0.1176 1.3801 0.748, -0.1362 1.379 0.748, -0.1245 1.4402 0.748, -0.1245 1.4555 0.748, -0.1362 1.4555 0.748, -0.1362 1.4982 0.748, -0.1722 1.4982 0.748, -0.1722 1.4555 0.748, -0.1894 1.5135 0.748, -0.1971 1.5147 0.748, -0.1894 1.3801 0.748, -0.2161 1.5103 0.748, -0.2303 1.5144 0.748, -0.2334 1.5147 0.748, -0.1362 1.3801 0.748, -0.2161 1.4923 0.748, -0.2184 1.3845 0.748, -0.2476 1.5002 0.748, -0.2536 1.5 0.748, -0.2626 1.3945 0.748, -0.2506 1.3932 0.748, -0.2444 1.3934 0.748, -0.2176 1.4931 0.748, -0.2293 1.3962 0.748, -0.2161 1.4021 0.748, -0.2161 1.3856 0.748, -0.2813 1.4038 0.748, -0.2978 1.4397 0.748, -0.2849 1.4072 0.748, -0.2955 1.4265 0.748, -0.2911 1.4158 0.748, -0.2312 1.4983 0.748, -0.2651 1.4976 0.748, -0.2755 1.4925 0.748, -0.2839 1.4854 0.748, -0.2849 1.4844 0.748, -0.2913 1.4751 0.748, -0.2958 1.4636 0.748, -0.298 1.4453 0.748, -0.2723 1.3979 0.748, -0.2478 1.5158 0.748, -0.3101 1.978 0.748, -0.1971 1.978 0.748, -0.3064 1.4835 0.748, -0.2968 1.4961 0.748, -0.2934 1.4993 0.748, -0.2809 1.5081 0.748, -0.3101 1.414 0.748, -0.3134 1.4227 0.748, -0.3181 1.379 0.748, -0.316 1.4443 0.748, -0.3158 1.4513 0.748, -0.3181 1.5147 0.748, -0.3128 1.4687 0.748, -0.3101 1.475 0.748, -0.3101 1.379 0.748, -0.2774 1.3818 0.748, -0.2898 1.3882 0.748, -0.2989 1.3961 0.748, -0.3001 1.3973 0.748, -0.308 1.4087 0.748, -0.2654 1.379 0.748, -0.3101 1.3398 0.748, -0.2633 1.3785 0.748, -0.2531 1.3778 0.748, -0.1971 1.3398 0.748, 2.309 1.4701 0.748, 2.3131 1.5007 0.748, 2.3189 1.5147 0.748, 1.1909 1.8244 0.748, 2.3249 1.5291 0.748, 1.3484 1.9819 0.748, 1.3484 1.8244 0.748, 2.3436 1.5536 0.748, 2.3681 1.5724 0.748, 2.4271 1.9819 0.748, 2.3966 1.5842 0.748, 2.4271 1.5882 0.748, 2.3966 1.356 0.748, 2.3681 1.3678 0.748, 0.0621 1.3398 0.748, 2.4271 1.352 0.748, 2.8208 -3.7268 0.748, 2.8208 -2.8603 0.748, 1.4271 -3.7268 0.748, 2.7815 -2.8603 0.748, 2.0659 -2.8603 0.748, 2.0659 -2.0127 0.748, 1.7865 -1.7333 0.748, 2.8208 -0.9607 0.748, 2.8208 1.1144 0.748, 1.7865 -0.9607 0.748, 0.0621 1.1144 0.748, 0.0621 -3.4615 0.748, 0.0933 -3.4627 0.748, 1.9046 -1.2239 0.748, 1.9046 -1.6844 0.748, 2.7815 -1.2239 0.748, 2.1841 -1.9638 0.748, 2.1841 -2.8603 0.748, 0.6874 -3.5542 0.748, 0.3921 -3.4971 0.748, -0.1971 1.1144 0.748, -0.1362 -3.4539 0.748, -0.1362 1.1144 0.748, -0.105 -3.4551 0.748, -0.105 1.1144 0.748, -0.0313 -3.4579 0.748, -0.0313 1.1144 0.748, 0.0199 -3.4599 0.748, 0.0199 1.1144 0.748, -0.3101 -3.4512 0.748, -0.2072 -3.4512 0.748, -0.1971 -3.4516 0.748, -0.3101 1.1144 0.748, -0.3181 1.1144 0.748, -0.3181 -3.4512 0.748, -2.6673 1.1144 0.748, -2.6673 -0.1835 0.748, -2.8209 -0.1835 0.748, -2.8209 -3.4512 0.748, -2.8209 1.5147 0.748, -2.8209 1.3913 0.748, -2.6673 1.3913 0.748, -2.6673 1.1673 0.748, -2.6673 1.3398 0.748, -2.6673 1.379 0.748, -2.1162 1.9819 0.748, -2.8209 1.9819 0.748, -2.1162 1.8244 0.748, -1.9637 1.8244 0.748, -1.9587 1.8244 0.748, -1.9587 1.978 0.748, -0.8635 1.5281 0.748, -0.8195 1.5442 0.748, -0.3181 1.978 0.748, -0.1362 1.978 0.748, -0.105 1.978 0.748, -0.0313 1.978 0.748, 0.0199 1.978 0.748, 0.0621 1.978 0.748, 1.1909 1.978 0.748, 0.0126 1.4244 0.748, 0.006 1.4106 0.748, 0.0008 1.4912 0.748, 0.0091 1.4796 0.748, -0.0313 1.3835 0.748, -0.0313 1.379 0.748, -0.0179 1.3888 0.748, -0.0039 1.3988 0.748, -0.0039 1.4959 0.748, -0.0179 1.5054 0.748, 0.014 1.4668 0.748, 0.0162 1.4485 0.748, 0.0158 1.44 0.748, -0.0544 1.5135 0.748, -0.0331 1.3828 0.748, -0.0557 1.3801 0.748, -0.0924 1.3801 0.748, -0.0924 1.5135 0.748, -0.2584 1.1696 0.748, -0.2648 1.1673 0.748, -0.2442 1.1684 0.748, -0.2973 1.2139 0.748, -0.2948 1.2408 0.748, -0.3006 1.2092 0.748, -0.3029 1.2033 0.748, -0.2527 1.1734 0.748, -0.2839 1.1673 0.748, -0.2903 1.1697 0.748, -0.3101 1.1673 0.748, -0.3013 1.1807 0.748, -0.3033 1.1863 0.748, -0.2948 1.257 0.748, -0.2913 1.259 0.748, -0.2448 1.2628 0.748, -0.2021 1.2493 0.748, -0.199 1.2539 0.748, -0.2921 1.2184 0.748, -0.2849 1.222 0.748, -0.2847 1.2474 0.748, -0.2725 1.225 0.748, -0.2579 1.2517 0.748, -0.2635 1.2523 0.748, -0.2742 1.2511 0.748, -0.2959 1.1736 0.748, -0.2978 1.1755 0.748, -0.2442 1.1831 0.748, -0.2447 1.1831 0.748, -0.2474 1.179 0.748, -0.2789 1.2638 0.748, -0.262 1.2659 0.748, -0.2519 1.265 0.748, -0.3041 1.1939 0.748, -0.304 1.1961 0.748, -0.2393 1.2596 0.748, -0.2348 1.2554 0.748, -0.2041 1.244 0.748, -0.2314 1.25 0.748, -0.2288 1.2423 0.748, -0.2442 1.229 0.748, -0.2448 1.2364 0.748, -0.2465 1.2423 0.748, -0.2485 1.2458 0.748, -0.1973 1.22 0.748, -0.2049 1.189 0.748, -0.1971 1.2199 0.748, -0.1984 1.185 0.748, -0.1971 1.1845 0.748, -0.2 1.2229 0.748, -0.2022 1.2264 0.748, -0.2275 1.2297 0.748, -0.204 1.2315 0.748, -0.2048 1.238 0.748, -0.251 1.2484 0.748, -0.254 1.2504 0.748, -0.2652 1.1671 0.748, -0.2739 1.1661 0.748, -0.2836 1.1673 0.748, -0.2049 1.1717 0.748, -0.2275 1.1684 0.748, -0.1971 1.1689 0.748, -0.1971 1.1673 0.748, -0.1944 1.1679 0.748, -0.1888 1.1673 0.748, -0.179 1.1661 0.748, -0.1451 1.2617 0.748, -0.1451 1.2454 0.748, -0.1941 1.2583 0.748, -0.1889 1.2614 0.748, -0.1413 1.1876 0.748, -0.1433 1.1823 0.748, -0.1465 1.1779 0.748, -0.1971 1.2555 0.748, -0.1797 1.2646 0.748, -0.1677 1.2659 0.748, -0.1362 1.3398 0.748, -0.1562 1.2649 0.748, -0.1461 1.2101 0.748, -0.143 1.2055 0.748, -0.1412 1.2005 0.748, -0.1405 1.1943 0.748, -0.1512 1.1737 0.748, -0.1567 1.1705 0.748, -0.1693 1.2523 0.748, -0.1742 1.2519 0.748, -0.1875 1.2395 0.748, -0.1787 1.2508 0.748, -0.1825 1.2488 0.748, -0.1874 1.2373 0.748, -0.1867 1.2347 0.748, -0.1855 1.2324 0.748, -0.1839 1.2306 0.748, -0.178 1.2269 0.748, -0.1583 1.2511 0.748, -0.1677 1.2224 0.748, -0.1489 1.2476 0.748, -0.1612 1.2198 0.748, -0.1501 1.2136 0.748, -0.185 1.2465 0.748, -0.1864 1.2444 0.748, -0.1872 1.2421 0.748, -0.188 1.181 0.748, -0.1795 1.2103 0.748, -0.1894 1.2148 0.748, -0.1774 1.1798 0.748, -0.1766 1.1798 0.748, -0.1685 1.2057 0.748, -0.1681 1.1807 0.748, -0.1577 1.1927 0.748, -0.1578 1.1948 0.748, -0.1638 1.1823 0.748, -0.1622 1.1833 0.748, -0.1603 1.185 0.748, -0.1589 1.1871 0.748, -0.158 1.1895 0.748, -0.1586 1.1974 0.748, -0.1599 1.1996 0.748, -0.162 1.2018 0.748, -0.0576 1.2637 0.748, -0.0403 1.2637 0.748, -0.0313 1.3398 0.748, -0.0882 1.1921 0.748, -0.0862 1.1842 0.748, -0.0857 1.1842 0.748, -0.105 1.3398 0.748, -0.105 1.2405 0.748, -0.0837 1.1919 0.748, -0.0849 1.1875 0.748, -0.105 1.1673 0.748, -0.105 1.1956 0.748, -0.1318 1.2637 0.748, -0.1131 1.2637 0.748, -0.0944 1.1686 0.748, -0.095 1.1673 0.748, -0.1017 1.1513 0.748, -0.1284 1.1249 0.748, -0.1284 1.1397 0.748, -0.1082 1.1418 0.748, -0.105 1.1452 0.748, -0.105 1.1452 0.748, -0.1249 1.1386 0.748, -0.1189 1.1378 0.748, -0.105 1.1265 0.748, -0.1108 1.1243 0.748, -0.1176 1.1235 0.748, -0.1213 1.1236 0.748, -0.1147 1.1383 0.748, -0.1111 1.1397 0.748, -0.0836 1.154 0.748, -0.0911 1.1393 0.748, -0.0783 1.1673 0.748, -0.0972 1.1319 0.748, -0.0984 1.1309 0.748, -0.1042 1.1268 0.748, 0.0199 1.2285 0.748, -0.0051 1.2285 0.748, 0.0199 1.1836 0.748, -0.0051 1.1836 0.748, 0.0464 1.3018 0.748, 0.0464 1.2865 0.748, 0.0495 1.1836 0.748, 0.0621 1.1673 0.748, 0.0495 1.1684 0.748, 0.0199 1.1673 0.748, 0.0427 1.2285 0.748, 0.0427 1.2438 0.748, 0.0199 1.2438 0.748, 0.0199 1.2865 0.748, -0.0051 1.2865 0.748, -0.0051 1.2438 0.748, 0.0199 1.1684 0.748, -0.0223 1.1684 0.748, -0.0313 1.1673 0.748, -0.0223 1.3018 0.748, 0.0199 1.3018 0.748, 0.0199 1.3398 0.748, -0.3215 1.3953 0.748, -0.3215 1.3801 0.748, -0.3919 1.3801 0.748, -0.3919 1.5135 0.748, -0.3747 1.5135 0.748, -0.3747 1.3953 0.748, -0.3181 1.3398 0.748, 0.2098 1.1684 0.748, 0.1907 1.1684 0.748, 0.2918 1.1684 0.748, 0.2782 1.2049 0.748, 0.2226 1.2049 0.748, 0.3108 1.1684 0.748, 2.8208 1.1673 0.748, 0.26 1.3018 0.748, 2.8208 1.3398 0.748, 0.1797 1.2127 0.748, 0.1829 1.2283 0.748, 0.2416 1.3018 0.748, 0.1833 1.2368 0.748, 0.1811 1.2551 0.748, 0.1731 1.1989 0.748, 0.1632 1.1871 0.748, 0.1492 1.1771 0.748, 2.8208 1.352 0.748, 0.0747 1.3018 0.748, 0.0747 1.1684 0.748, 0.1114 1.1684 0.748, 0.134 1.1711 0.748, 0.1632 1.2842 0.748, 0.1679 1.2795 0.748, 0.1762 1.2679 0.748, 0.1128 1.3018 0.748, 0.1331 1.2996 0.748, 0.1492 1.2937 0.748, -0.3181 1.1673 0.748, -0.3919 1.1684 0.748, -0.3201 1.1684 0.748, -0.3201 1.1836 0.748, -0.3231 1.2865 0.748, -0.3919 1.3018 0.748, -0.3231 1.3018 0.748, -0.3747 1.2285 0.748, -0.3747 1.1836 0.748, -0.3269 1.2285 0.748, -0.3269 1.2438 0.748, -0.3747 1.2438 0.748, -0.3747 1.2865 0.748, -2.6673 1.3913 0.6693, -2.8209 1.3913 0.6693, -2.8209 1.9819 0.6693, -1.9587 1.8244 0.6693, -1.9587 1.978 0.6693, 1.1909 1.978 0.6693, 2.8208 -0.6795 0.6693, 2.8208 -0.9607 0.6693, 1.7865 -0.9607 0.6693, 2.8208 0.3362 0.6693, 2.0659 -2.8603 0.6693, 2.1841 -2.8603 0.6693, 2.8208 -3.7268 0.6693, 2.3681 1.5724 0.6693, 1.3484 1.9819 0.6693, 2.3966 1.5842 0.6693, 2.4271 1.9819 0.6693, 2.4271 1.5882 0.6693, 0.6874 -3.5542 0.6693, 0.3921 -3.4971 0.6693, 1.7865 -1.7333 0.6693, 0.0933 -3.4627 0.6693, 2.3436 1.5536 0.6693, 2.3249 1.5291 0.6693, 1.3484 1.8244 0.6693, 2.3131 1.5007 0.6693, 2.309 1.4701 0.6693, 2.3131 1.4395 0.6693, 2.3249 1.411 0.6693, 2.3436 1.3866 0.6693, 2.3681 1.3678 0.6693, 2.3966 1.356 0.6693, 2.4271 1.352 0.6693, 2.8208 1.352 0.6693, -2.1162 1.9819 0.6693, -2.1162 1.8244 0.6693, -2.6673 -0.1835 0.6693, 1.1909 1.8244 0.6693, -0.2072 -3.4512 0.6693, -2.8209 -3.4512 0.6693, 1.9046 -1.6844 0.6693, 1.9046 -1.2239 0.6693, 2.1841 -1.9638 0.6693, 2.7815 -1.2239 0.6693, 2.7815 -2.8603 0.6693, 2.8208 -2.8603 0.6693, -2.8209 -0.1835 0.6693, 2.0659 -2.0127 0.6693, 1.4271 -3.7268 0.6693, 2.4311 1.9819 0.6654, 2.5098 1.9819 0.6654, 2.4311 1.9819 0.063, 2.5098 1.9819 0.063, 2.5098 1.5882 0.063, 2.5098 1.5882 0.6654, 2.4311 1.5882 0.6654, 2.4311 1.5882 0.063, -2.8423 1.9819 0.7452, -2.8423 1.3913 0.7452, -2.8622 1.9819 0.737, -2.8622 1.3913 0.737, -2.8793 1.9819 0.7238, -2.8793 1.3913 0.7238, -2.8925 1.9819 0.7067, -2.8925 1.3913 0.7067, -2.9007 1.9819 0.6868, -2.9007 1.3913 0.6868, -2.9036 1.9819 0.6654, -2.9036 1.3913 0.6654, -2.8248 1.3913 0.6654, -2.8248 1.9819 0.6654, -2.8247 1.3913 0.6664, -2.8247 1.9819 0.6664, -2.8243 1.3913 0.6673, -2.8243 1.9819 0.6673, -2.8237 1.3913 0.6681, -2.8237 1.9819 0.6681, -2.8229 1.3913 0.6688, -2.8229 1.9819 0.6688, -2.8219 1.3913 0.6692, -2.8219 1.9819 0.6692, 2.9035 -2.3882 0.0, 2.9035 -3.7268 0.0, 2.8248 -2.3882 0.0, 2.8248 -3.7268 0.0, 2.9035 -2.3868 0.1519, 2.9035 -3.7268 0.6654, 2.9035 -2.3882 0.1417, 2.9035 -1.6008 0.1417, 2.9035 -1.6008 0.0, 2.9035 1.352 0.0, 2.9035 -2.3829 0.1614, 2.9035 -2.3766 0.1696, 2.9035 -2.3685 0.1758, 2.9035 -2.3147 0.1614, 2.9035 -1.668 0.1696, 2.9035 -1.6598 0.1758, 2.9035 -2.321 0.1696, 2.9035 1.352 0.6654, 2.9035 -2.3291 0.1758, 2.9035 -2.359 0.1798, 2.9035 -2.3488 0.1811, 2.9035 -2.3386 0.1798, 2.9035 -2.3094 0.063, 2.9035 -1.6795 0.063, 2.9035 -2.3094 0.1417, 2.9035 -1.6795 0.1417, 2.9035 -2.3108 0.1519, 2.9035 -1.6782 0.1519, 2.9035 -1.6742 0.1614, 2.9035 -1.6205 0.1758, 2.9035 -1.6123 0.1696, 2.9035 -1.6061 0.1614, 2.9035 -1.6021 0.1519, 2.9035 -1.6503 0.1798, 2.9035 -1.6401 0.1811, 2.9035 -1.63 0.1798, 2.8248 -1.6953 0.6654, 2.8248 -2.3147 0.1614, 2.8248 -2.321 0.1696, 2.8248 -3.7268 0.6654, 2.8248 -2.3868 0.1519, 2.8248 -2.3882 0.1417, 2.8248 -1.668 0.1696, 2.8248 -1.6742 0.1614, 2.8248 -1.6782 0.1519, 2.8248 1.352 0.0, 2.8248 -1.6008 0.0, 2.8248 1.352 0.6654, 2.8248 -1.6008 0.1417, 2.8248 0.3362 0.6654, 2.8248 -1.6021 0.1519, 2.8248 -0.6795 0.6654, 2.8248 -1.6061 0.1614, 2.8248 -1.6795 0.063, 2.8248 -2.3094 0.063, 2.8248 -1.6795 0.1417, 2.8248 -2.3094 0.1417, 2.8248 -2.3108 0.1519, 2.8248 -2.359 0.1798, 2.8248 -2.3685 0.1758, 2.8248 -2.711 0.6654, 2.8248 -2.3766 0.1696, 2.8248 -2.3829 0.1614, 2.8248 -1.6123 0.1696, 2.8248 -1.6205 0.1758, 2.8248 -1.63 0.1798, 2.8248 -1.6401 0.1811, 2.8248 -1.6503 0.1798, 2.8248 -1.6598 0.1758, 2.8248 -2.3291 0.1758, 2.8248 -2.3386 0.1798, 2.8248 -2.3488 0.1811, -2.9036 1.5095 0.0, -2.8248 1.5095 0.0, -2.9036 -1.6008 0.0, -2.8248 -1.6008 0.0, -2.9036 1.5147 0.1614, -2.9036 1.5108 0.1519, -2.9036 1.3913 0.2756, -2.9036 -1.6598 0.1916, -2.9036 -1.668 0.1853, -2.9036 -3.4512 0.6654, -2.9036 -1.6742 0.1772, -2.9036 -1.6782 0.1677, -2.9036 -0.1835 0.2756, -2.9036 1.5095 0.1417, -2.9036 -2.3147 0.1772, -2.9036 -2.321 0.1853, -2.9036 -2.3829 0.1772, -2.9036 -2.3868 0.1677, -2.9036 -1.6061 0.1772, -2.9036 -1.6123 0.1853, -2.9036 -0.1835 0.6654, -2.9036 -1.6205 0.1916, -2.9036 -1.6008 0.1575, -2.9036 -1.6021 0.1677, -2.9036 -1.6795 0.0787, -2.9036 -2.3094 0.0787, -2.9036 -1.6795 0.1575, -2.9036 -2.3094 0.1575, -2.9036 -2.3108 0.1677, -2.9036 -3.4512 0.0, -2.9036 -2.3882 0.1575, -2.9036 -2.3882 0.0, -2.9036 1.5882 0.063, -2.9036 1.5882 0.1417, -2.9036 1.9819 0.063, -2.9036 1.5869 0.1519, -2.9036 1.5829 0.1614, -2.9036 1.5767 0.1696, -2.9036 1.5685 0.1758, -2.9036 1.559 0.1798, -2.9036 1.5488 0.1811, -2.9036 1.5386 0.1798, -2.9036 1.5291 0.1758, -2.9036 1.521 0.1696, -2.9036 -2.3291 0.1916, -2.9036 -2.3386 0.1955, -2.9036 -2.3488 0.1969, -2.9036 -2.359 0.1955, -2.9036 -2.3685 0.1916, -2.9036 -2.3766 0.1853, -2.9036 -1.63 0.1955, -2.9036 -1.6401 0.1969, -2.9036 -1.6503 0.1955, -2.8248 1.5882 0.1417, -2.8248 1.5882 0.063, -2.8248 1.9819 0.063, -2.8248 1.5108 0.1519, -2.8248 1.3913 0.2756, -2.8248 1.5095 0.1417, -2.8248 -0.1835 0.2756, -2.8248 -2.321 0.1853, -2.8248 -2.3147 0.1772, -2.8248 -0.1835 0.6654, -2.8248 1.5685 0.1758, -2.8248 1.5767 0.1696, -2.8248 1.5829 0.1614, -2.8248 1.5869 0.1519, -2.8248 -2.3868 0.1677, -2.8248 -3.4512 0.6654, -2.8248 -2.3882 0.1575, -2.8248 -3.4512 0.0, -2.8248 -2.3882 0.0, -2.8248 -2.3829 0.1772, -2.8248 -2.3766 0.1853, -2.8248 -2.3685 0.1916, -2.8248 -1.668 0.1853, -2.8248 -1.6742 0.1772, -2.8248 -1.6782 0.1677, -2.8248 1.5147 0.1614, -2.8248 1.521 0.1696, -2.8248 1.5291 0.1758, -2.8248 1.5386 0.1798, -2.8248 1.5488 0.1811, -2.8248 1.559 0.1798, -2.8248 -2.3291 0.1916, -2.8248 -2.3094 0.1575, -2.8248 -2.3094 0.0787, -2.8248 -1.6795 0.0787, -2.8248 -1.6061 0.1772, -2.8248 -1.6021 0.1677, -2.8248 -2.359 0.1955, -2.8248 -2.3488 0.1969, -2.8248 -2.3386 0.1955, -2.8248 -2.3108 0.1677, -2.8248 -1.6795 0.1575, -2.8248 -1.6008 0.1575, -2.8248 -1.63 0.1955, -2.8248 -1.6205 0.1916, -2.8248 -1.6123 0.1853, -2.8248 -1.6598 0.1916, -2.8248 -1.6503 0.1955, -2.8248 -1.6401 0.1969, -2.8219 -3.4512 0.6692, -2.8423 -3.4512 0.7452, -2.8229 -3.4512 0.6688, -2.8622 -3.4512 0.737, -2.8237 -3.4512 0.6681, -2.8793 -3.4512 0.7238, -2.8243 -3.4512 0.6673, -2.8925 -3.4512 0.7067, -2.8247 -3.4512 0.6664, -2.9007 -3.4512 0.6868, -2.8423 -0.1835 0.7452, -2.8622 -0.1835 0.737, -2.8793 -0.1835 0.7238, -2.8925 -0.1835 0.7067, -2.9007 -0.1835 0.6868, -2.8247 -0.1835 0.6664, -2.8243 -0.1835 0.6673, -2.8237 -0.1835 0.6681, -2.8229 -0.1835 0.6688, -2.8219 -0.1835 0.6692, 2.4309 1.5882 0.6664, 2.507 1.5882 0.6868, 2.4306 1.5882 0.6673, 2.4987 1.5882 0.7067, 2.4299 1.5882 0.6681, 2.4856 1.5882 0.7238, 2.4291 1.5882 0.6688, 2.4685 1.5882 0.737, 2.4282 1.5882 0.6692, 2.4485 1.5882 0.7452, 2.4282 1.9819 0.6692, 2.4485 1.9819 0.7452, 2.4291 1.9819 0.6688, 2.4685 1.9819 0.737, 2.4299 1.9819 0.6681, 2.4856 1.9819 0.7238, 2.4306 1.9819 0.6673, 2.4987 1.9819 0.7067, 2.4309 1.9819 0.6664, 2.507 1.9819 0.6868, 2.8246 -3.7268 0.6664, 2.9007 -3.7268 0.6868, 2.8243 -3.7268 0.6673, 2.8924 -3.7268 0.7067, 2.8236 -3.7268 0.6681, 2.8793 -3.7268 0.7238, 2.8228 -3.7268 0.6688, 2.8622 -3.7268 0.737, 2.8219 -3.7268 0.6692, 2.8422 -3.7268 0.7452, 2.8422 1.352 0.7452, 2.8622 1.352 0.737, 2.8793 1.352 0.7238, 2.8924 1.352 0.7067, 2.9007 1.352 0.6868, 2.8208 -2.711 0.6693, 2.8219 -2.711 0.6692, 2.8246 -2.711 0.6664, 2.8243 -2.711 0.6673, 2.8236 -2.711 0.6681, 2.8228 -2.711 0.6688, 2.8246 -1.6953 0.6664, 2.8243 -1.6953 0.6673, 2.8236 -1.6953 0.6681, 2.8228 -1.6953 0.6688, 2.8219 -1.6953 0.6692, 2.8208 -1.6953 0.6693, 2.8219 -0.6795 0.6692, 2.8228 -0.6795 0.6688, 2.8236 -0.6795 0.6681, 2.8243 -0.6795 0.6673, 2.8246 -0.6795 0.6664, 2.8246 0.3362 0.6664, 2.8243 0.3362 0.6673, 2.8236 0.3362 0.6681, 2.8228 0.3362 0.6688, 2.8219 0.3362 0.6692, 2.8246 1.352 0.6664, 2.8243 1.352 0.6673, 2.8236 1.352 0.6681, 2.8228 1.352 0.6688, 2.8219 1.352 0.6692, -2.9037 1.9819 0.0621, -2.8269 1.9819 0.0446, -2.904 1.9819 0.0613, -2.833 1.9819 0.0271, -2.9044 1.9819 0.0605, -2.8429 1.9819 0.0114, -2.905 1.9819 0.0599, -2.856 1.9819 -0.0016, -2.9058 1.9819 0.0594, -2.8716 1.9819 -0.0115, -2.9066 1.9819 0.0592, -2.8891 1.9819 -0.0176, -2.9075 1.9819 0.0591, -2.9075 1.9819 -0.0197, -2.9075 1.5882 0.0591, -2.9075 1.5882 -0.0197, -2.9066 1.5882 0.0592, -2.8891 1.5882 -0.0176, -2.9058 1.5882 0.0594, -2.8716 1.5882 -0.0115, -2.905 1.5882 0.0599, -2.856 1.5882 -0.0016, -2.9044 1.5882 0.0605, -2.8429 1.5882 0.0114, -2.904 1.5882 0.0613, -2.833 1.5882 0.0271, -2.9037 1.5882 0.0621, -2.8269 1.5882 0.0446, -3.0807 1.5882 -0.0197, -3.0807 1.5882 0.0591, -3.0807 1.9819 0.0591, -3.0807 1.9819 -0.0197, -3.1011 1.5909 -0.0197, -3.1568 1.6466 -0.0197, -3.1595 1.6669 -0.0197, -3.1201 1.5987 -0.0197, -3.1364 1.6113 -0.0197, -3.1489 1.6276 -0.0197, -3.1201 1.9714 -0.0197, -3.1568 1.9235 -0.0197, -3.1364 1.9588 -0.0197, -3.1489 1.9425 -0.0197, -3.1595 1.9032 -0.0197, -3.1011 1.9792 -0.0197, -3.1011 1.9792 0.0591, -3.1568 1.9235 0.0591, -3.1595 1.9032 0.0591, -3.1201 1.9714 0.0591, -3.1364 1.9588 0.0591, -3.1489 1.9425 0.0591, -3.1201 1.5987 0.0591, -3.1568 1.6466 0.0591, -3.1364 1.6113 0.0591, -3.1489 1.6276 0.0591, -3.1595 1.6669 0.0591, -3.1011 1.5909 0.0591, -2.9037 -1.6795 0.0777, -2.8276 -1.6795 0.0573, -2.9041 -1.6795 0.0768, -2.8359 -1.6795 0.0374, -2.9047 -1.6795 0.076, -2.849 -1.6795 0.0203, -2.9055 -1.6795 0.0753, -2.8662 -1.6795 0.0071, -2.9065 -1.6795 0.0749, -2.8861 -1.6795 -0.0011, -2.9075 -1.6795 0.0748, -2.9075 -1.6795 -0.0039, -2.9075 -2.3094 0.0748, -2.9075 -2.3094 -0.0039, -2.9065 -2.3094 0.0749, -2.8861 -2.3094 -0.0011, -2.9055 -2.3094 0.0753, -2.8662 -2.3094 0.0071, -2.9047 -2.3094 0.076, -2.849 -2.3094 0.0203, -2.9041 -2.3094 0.0768, -2.8359 -2.3094 0.0374, -2.9037 -2.3094 0.0777, -2.8276 -2.3094 0.0573, -3.0807 -2.3094 -0.0039, -3.0807 -2.3094 0.0748, -3.0807 -1.6795 0.0748, -3.0807 -1.6795 -0.0039, -3.1011 -1.6822 -0.0039, -3.1568 -1.7379 -0.0039, -3.1011 -2.3068 -0.0039, -3.1568 -2.2511 -0.0039, -3.1595 -2.2307 -0.0039, -3.1595 -1.7583 -0.0039, -3.1201 -2.2989 -0.0039, -3.1364 -2.2864 -0.0039, -3.1489 -2.2701 -0.0039, -3.1489 -1.7189 -0.0039, -3.1364 -1.7026 -0.0039, -3.1201 -1.6901 -0.0039, -3.1011 -1.6822 0.0748, -3.1568 -1.7379 0.0748, -3.1595 -1.7583 0.0748, -3.1201 -1.6901 0.0748, -3.1364 -1.7026 0.0748, -3.1489 -1.7189 0.0748, -3.1201 -2.2989 0.0748, -3.1568 -2.2511 0.0748, -3.1364 -2.2864 0.0748, -3.1489 -2.2701 0.0748, -3.1595 -2.2307 0.0748, -3.1011 -2.3068 0.0748, 2.9037 -2.3094 0.062, 2.8276 -2.3094 0.0416, 2.9041 -2.3094 0.061, 2.8359 -2.3094 0.0217, 2.9047 -2.3094 0.0602, 2.849 -2.3094 0.0045, 2.9055 -2.3094 0.0596, 2.8661 -2.3094 -0.0086, 2.9064 -2.3094 0.0592, 2.8861 -2.3094 -0.0169, 2.9075 -2.3094 0.0591, 2.9075 -2.3094 -0.0197, 2.9075 -1.6795 0.0591, 2.9075 -1.6795 -0.0197, 2.9064 -1.6795 0.0592, 2.8861 -1.6795 -0.0169, 2.9055 -1.6795 0.0596, 2.8661 -1.6795 -0.0086, 2.9047 -1.6795 0.0602, 2.849 -1.6795 0.0045, 2.9041 -1.6795 0.061, 2.8359 -1.6795 0.0217, 2.9037 -1.6795 0.062, 2.8276 -1.6795 0.0416, 3.0807 -2.3094 0.0591, 3.0807 -2.3094 -0.0197, 3.0807 -1.6795 -0.0197, 3.0807 -1.6795 0.0591, 3.1011 -1.6822 -0.0197, 3.1567 -1.7379 -0.0197, 3.1594 -1.7583 -0.0197, 3.1201 -2.2989 -0.0197, 3.1567 -2.2511 -0.0197, 3.1364 -2.2864 -0.0197, 3.1489 -2.2701 -0.0197, 3.1594 -2.2307 -0.0197, 3.1011 -2.3068 -0.0197, 3.1201 -1.6901 -0.0197, 3.1364 -1.7026 -0.0197, 3.1489 -1.7189 -0.0197, 3.1011 -1.6822 0.0591, 3.1567 -1.7379 0.0591, 3.1011 -2.3068 0.0591, 3.1567 -2.2511 0.0591, 3.1594 -2.2307 0.0591, 3.1594 -1.7583 0.0591, 3.1201 -2.2989 0.0591, 3.1364 -2.2864 0.0591, 3.1489 -2.2701 0.0591, 3.1489 -1.7189 0.0591, 3.1364 -1.7026 0.0591, 3.1201 -1.6901 0.0591
            ]
        }
        coordIndex [
            0,1,2,-1,2,1,3,-1,4,0,5,-1,5,0,2,-1,6,4,7,-1,7,4,5,-1,6,7,8,-1,6,8,9,-1,9,8,10,-1,9,10,11,-1,11,10,12,-1,11,12,13,-1,13,12,14,-1,13,14,15,-1,15,14,16,-1,15,16,17,-1,17,16,18,-1,17,18,19,-1,20,19,21,-1,21,19,18,-1,20,21,22,-1,22,21,23,-1,22,23,24,-1,24,23,25,-1,24,25,26,-1,26,25,27,-1,26,27,28,-1,28,27,29,-1,28,29,30,-1,30,29,31,-1,30,31,32,-1,32,31,33,-1,34,32,35,-1,35,32,33,-1,34,35,36,-1,36,35,37,-1,38,36,39,-1,39,36,37,-1,40,38,41,-1,41,38,39,-1,42,40,43,-1,43,40,41,-1,43,44,42,-1,42,44,45,-1,46,45,47,-1,47,45,44,-1,46,47,48,-1,46,48,49,-1,49,48,50,-1,49,50,51,-1,51,50,52,-1,51,52,53,-1,53,52,54,-1,53,54,55,-1,55,54,56,-1,55,56,57,-1,57,56,58,-1,57,58,59,-1,59,58,60,-1,59,60,61,-1,61,60,62,-1,61,62,63,-1,64,63,65,-1,65,63,62,-1,64,65,66,-1,66,65,67,-1,66,67,68,-1,68,67,69,-1,68,69,70,-1,70,69,71,-1,70,71,72,-1,72,71,73,-1,72,73,74,-1,74,73,75,-1,74,75,1,-1,1,75,3,-1,30,51,28,-1,28,51,53,-1,28,53,26,-1,26,53,55,-1,26,55,24,-1,55,57,24,-1,24,57,59,-1,24,59,22,-1,22,59,61,-1,22,61,20,-1,20,61,63,-1,20,63,19,-1,19,63,64,-1,19,64,17,-1,17,64,66,-1,17,66,15,-1,15,66,68,-1,15,68,13,-1,13,68,70,-1,13,70,11,-1,11,70,72,-1,11,72,9,-1,9,72,74,-1,9,74,6,-1,6,74,1,-1,6,1,4,-1,4,1,0,-1,38,40,36,-1,36,40,42,-1,36,42,34,-1,34,42,45,-1,34,45,32,-1,32,45,46,-1,32,46,30,-1,30,46,49,-1,30,49,51,-1,23,58,25,-1,25,58,56,-1,25,56,27,-1,27,56,54,-1,27,54,29,-1,5,2,7,-1,7,2,3,-1,7,3,8,-1,8,3,75,-1,8,75,10,-1,10,75,73,-1,10,73,12,-1,12,73,71,-1,12,71,14,-1,14,71,69,-1,14,69,16,-1,16,69,67,-1,16,67,18,-1,18,67,65,-1,18,65,21,-1,21,65,62,-1,21,62,23,-1,23,62,60,-1,23,60,58,-1,54,52,29,-1,29,52,50,-1,29,50,31,-1,31,50,48,-1,31,48,33,-1,33,48,47,-1,33,47,35,-1,35,47,44,-1,35,44,37,-1,37,44,43,-1,37,43,39,-1,39,43,41,-1,76,77,78,-1,79,80,81,-1,82,83,84,-1,85,86,87,-1,88,89,90,-1,90,89,91,-1,92,93,90,-1,90,93,94,-1,90,94,88,-1,95,96,90,-1,90,96,97,-1,90,97,92,-1,98,99,100,-1,101,102,103,-1,104,105,103,-1,103,105,106,-1,103,106,107,-1,103,108,101,-1,101,108,109,-1,101,109,110,-1,110,109,111,-1,110,111,112,-1,107,113,103,-1,103,113,114,-1,103,114,108,-1,115,116,117,-1,115,117,118,-1,118,117,119,-1,118,119,120,-1,116,121,117,-1,117,121,122,-1,117,122,123,-1,123,122,124,-1,124,125,123,-1,123,125,126,-1,123,126,104,-1,104,126,127,-1,104,127,105,-1,128,129,117,-1,117,129,130,-1,130,131,117,-1,117,131,132,-1,117,132,119,-1,133,134,135,-1,133,135,136,-1,136,135,137,-1,136,137,138,-1,139,140,141,-1,141,140,142,-1,142,143,141,-1,141,143,144,-1,141,144,145,-1,146,147,148,-1,149,150,151,-1,152,153,154,-1,155,156,157,-1,157,156,158,-1,149,151,159,-1,152,154,160,-1,161,162,156,-1,156,162,163,-1,156,163,164,-1,148,147,154,-1,154,147,165,-1,154,165,160,-1,150,166,151,-1,151,166,167,-1,151,167,168,-1,169,170,171,-1,171,170,172,-1,171,172,173,-1,174,164,175,-1,175,164,176,-1,175,176,171,-1,171,176,177,-1,171,177,169,-1,174,178,164,-1,164,178,179,-1,164,179,156,-1,156,179,180,-1,156,180,158,-1,181,182,183,-1,183,182,184,-1,183,184,151,-1,151,184,185,-1,151,185,159,-1,186,187,151,-1,151,187,188,-1,151,188,156,-1,156,188,189,-1,156,189,161,-1,190,191,139,-1,139,191,192,-1,139,192,193,-1,193,194,139,-1,139,194,195,-1,139,195,196,-1,196,195,181,-1,196,181,197,-1,197,181,183,-1,153,198,154,-1,154,198,199,-1,154,199,139,-1,139,199,200,-1,139,200,190,-1,168,201,151,-1,151,201,202,-1,151,202,203,-1,203,204,151,-1,151,204,205,-1,151,205,186,-1,206,207,208,-1,208,164,206,-1,206,164,163,-1,206,163,209,-1,209,163,210,-1,210,211,209,-1,209,211,212,-1,209,212,213,-1,214,215,216,-1,215,217,216,-1,216,217,218,-1,216,218,219,-1,220,216,221,-1,207,206,220,-1,220,206,222,-1,220,222,216,-1,216,222,223,-1,216,223,214,-1,221,224,220,-1,220,224,225,-1,220,225,226,-1,219,218,227,-1,227,218,228,-1,227,228,229,-1,229,228,230,-1,229,230,231,-1,232,233,226,-1,226,233,234,-1,226,234,220,-1,89,235,91,-1,91,235,236,-1,91,236,148,-1,148,236,237,-1,148,237,146,-1,238,239,240,-1,240,239,241,-1,240,241,242,-1,242,241,243,-1,242,243,244,-1,243,245,244,-1,244,245,246,-1,244,246,247,-1,239,248,241,-1,241,248,249,-1,241,249,250,-1,250,249,251,-1,250,251,252,-1,252,251,253,-1,252,253,254,-1,254,253,255,-1,254,255,244,-1,256,257,258,-1,258,257,259,-1,260,261,262,-1,262,261,263,-1,262,264,260,-1,260,264,265,-1,260,265,266,-1,266,265,267,-1,266,267,268,-1,256,258,269,-1,269,258,265,-1,269,265,270,-1,270,265,264,-1,270,264,271,-1,264,272,271,-1,271,272,273,-1,271,273,274,-1,263,261,275,-1,275,261,276,-1,275,276,277,-1,278,276,279,-1,279,276,280,-1,267,281,268,-1,268,281,277,-1,268,277,87,-1,87,277,276,-1,87,276,282,-1,282,276,278,-1,85,87,283,-1,284,285,286,-1,287,288,289,-1,289,288,290,-1,289,290,282,-1,282,290,291,-1,282,291,87,-1,87,291,292,-1,87,292,283,-1,293,294,295,-1,295,294,296,-1,295,296,297,-1,287,289,286,-1,286,289,298,-1,286,298,284,-1,285,299,286,-1,286,299,300,-1,286,300,301,-1,301,302,286,-1,286,302,303,-1,286,303,304,-1,304,305,286,-1,286,305,294,-1,286,294,306,-1,306,294,293,-1,307,280,308,-1,308,280,309,-1,84,310,311,-1,311,312,84,-1,84,312,313,-1,84,313,82,-1,314,315,316,-1,316,315,317,-1,317,318,319,-1,319,318,320,-1,319,320,84,-1,84,320,321,-1,84,321,310,-1,322,323,324,-1,324,325,322,-1,322,325,326,-1,322,326,327,-1,323,322,328,-1,328,322,329,-1,328,329,330,-1,330,329,331,-1,331,329,332,-1,331,332,86,-1,247,333,244,-1,244,333,334,-1,244,334,254,-1,254,334,335,-1,254,335,336,-1,337,338,335,-1,335,338,339,-1,335,339,336,-1,337,340,338,-1,338,340,341,-1,338,341,342,-1,342,341,343,-1,342,343,344,-1,345,346,347,-1,345,347,348,-1,349,350,351,-1,351,350,352,-1,353,354,355,-1,356,357,358,-1,358,357,359,-1,355,360,361,-1,362,363,364,-1,364,363,365,-1,364,365,352,-1,352,365,366,-1,352,366,351,-1,351,366,353,-1,351,353,367,-1,367,353,355,-1,367,355,368,-1,368,355,361,-1,369,370,371,-1,371,370,372,-1,371,372,373,-1,373,372,374,-1,373,374,375,-1,375,374,376,-1,375,376,377,-1,377,376,360,-1,377,360,359,-1,359,360,355,-1,359,355,358,-1,378,379,369,-1,369,379,380,-1,369,380,370,-1,369,381,378,-1,378,381,382,-1,378,382,383,-1,383,382,141,-1,383,141,133,-1,133,141,145,-1,133,145,134,-1,128,384,385,-1,386,387,385,-1,385,387,136,-1,385,136,128,-1,128,136,138,-1,128,138,129,-1,388,389,390,-1,384,128,391,-1,391,128,117,-1,391,117,392,-1,392,117,123,-1,392,123,393,-1,393,123,104,-1,393,104,390,-1,390,104,103,-1,390,103,388,-1,394,395,396,-1,396,395,388,-1,396,388,397,-1,397,388,103,-1,397,103,398,-1,398,103,102,-1,398,102,399,-1,399,102,400,-1,399,400,100,-1,100,400,401,-1,100,401,98,-1,100,319,402,-1,402,319,84,-1,402,84,308,-1,308,84,83,-1,308,83,307,-1,280,276,309,-1,309,276,261,-1,309,261,403,-1,403,261,260,-1,403,260,404,-1,404,81,405,-1,405,81,252,-1,405,252,406,-1,406,252,254,-1,406,254,407,-1,407,254,336,-1,407,336,408,-1,409,410,250,-1,411,412,252,-1,413,414,415,-1,415,414,250,-1,415,250,416,-1,416,250,410,-1,411,252,417,-1,81,80,252,-1,252,80,418,-1,252,418,417,-1,412,419,252,-1,252,419,420,-1,252,420,250,-1,250,420,421,-1,250,421,409,-1,404,260,81,-1,81,260,422,-1,81,422,79,-1,413,423,414,-1,414,423,424,-1,414,424,266,-1,266,424,425,-1,266,425,260,-1,260,425,426,-1,260,426,422,-1,427,428,429,-1,430,431,432,-1,432,431,433,-1,427,429,434,-1,435,436,437,-1,437,438,439,-1,329,440,441,-1,442,443,444,-1,430,445,431,-1,431,445,446,-1,431,446,447,-1,447,446,448,-1,449,450,448,-1,448,450,451,-1,448,451,447,-1,436,452,437,-1,437,452,453,-1,437,453,438,-1,454,455,429,-1,429,455,456,-1,429,456,434,-1,441,457,329,-1,329,457,458,-1,329,458,459,-1,439,460,437,-1,437,460,461,-1,437,461,329,-1,329,461,433,-1,329,433,440,-1,440,433,431,-1,442,462,443,-1,443,462,463,-1,443,463,464,-1,464,463,465,-1,464,465,466,-1,467,468,448,-1,448,468,469,-1,448,469,470,-1,471,472,473,-1,473,472,474,-1,473,474,475,-1,476,477,478,-1,478,477,479,-1,478,479,466,-1,466,479,480,-1,466,480,464,-1,470,481,448,-1,448,481,482,-1,448,482,449,-1,428,483,369,-1,369,483,381,-1,381,483,484,-1,381,484,485,-1,471,476,472,-1,472,476,478,-1,472,478,486,-1,486,478,487,-1,486,487,488,-1,488,487,489,-1,488,489,490,-1,490,489,491,-1,492,491,369,-1,369,491,489,-1,369,489,428,-1,428,489,487,-1,428,487,429,-1,493,494,78,-1,495,496,332,-1,497,498,78,-1,78,498,499,-1,459,442,329,-1,329,442,444,-1,329,444,332,-1,332,444,500,-1,332,500,495,-1,496,501,332,-1,332,501,502,-1,332,502,503,-1,503,502,504,-1,503,504,493,-1,505,506,494,-1,494,506,507,-1,494,507,78,-1,78,507,508,-1,78,508,497,-1,499,509,78,-1,78,509,510,-1,78,510,76,-1,511,512,513,-1,513,512,514,-1,513,514,515,-1,513,516,511,-1,511,516,517,-1,511,517,518,-1,518,519,511,-1,511,519,520,-1,511,520,521,-1,521,520,522,-1,521,522,523,-1,523,522,524,-1,523,524,494,-1,494,524,525,-1,494,525,505,-1,526,527,515,-1,515,527,528,-1,515,528,513,-1,529,530,475,-1,475,530,531,-1,475,531,473,-1,529,532,530,-1,530,532,533,-1,530,533,534,-1,534,533,535,-1,534,536,537,-1,535,538,534,-1,534,538,539,-1,534,539,540,-1,540,541,534,-1,534,541,542,-1,534,542,536,-1,537,543,534,-1,534,543,544,-1,534,544,545,-1,546,547,548,-1,549,550,551,-1,548,552,546,-1,546,552,553,-1,546,553,554,-1,554,553,549,-1,554,549,555,-1,555,549,551,-1,556,557,78,-1,78,557,558,-1,493,78,503,-1,503,78,558,-1,503,558,552,-1,552,558,559,-1,552,559,553,-1,560,557,561,-1,561,557,556,-1,561,556,562,-1,371,563,564,-1,565,566,556,-1,556,566,567,-1,556,567,562,-1,492,369,77,-1,77,369,371,-1,77,371,78,-1,78,371,564,-1,78,564,556,-1,556,564,568,-1,556,568,569,-1,570,571,373,-1,373,571,572,-1,373,572,371,-1,371,572,573,-1,371,573,563,-1,569,574,556,-1,556,574,575,-1,556,575,565,-1,576,577,375,-1,576,375,578,-1,577,579,375,-1,375,579,580,-1,375,580,373,-1,373,580,581,-1,373,581,570,-1,582,583,584,-1,584,583,585,-1,586,587,347,-1,347,587,588,-1,347,588,589,-1,589,588,590,-1,589,590,591,-1,582,584,592,-1,592,584,588,-1,592,588,593,-1,593,588,587,-1,593,587,594,-1,587,595,594,-1,594,595,596,-1,594,596,597,-1,590,598,591,-1,591,598,599,-1,591,599,600,-1,600,599,601,-1,586,347,602,-1,602,347,603,-1,602,603,601,-1,601,603,548,-1,601,548,600,-1,600,548,547,-1,600,547,578,-1,317,319,316,-1,316,319,604,-1,316,604,605,-1,91,606,90,-1,90,606,607,-1,90,607,608,-1,609,604,608,-1,608,604,319,-1,608,319,90,-1,90,319,100,-1,90,100,95,-1,95,100,99,-1,86,332,87,-1,87,332,503,-1,87,503,268,-1,268,503,552,-1,268,552,266,-1,266,552,548,-1,266,548,414,-1,414,548,603,-1,414,603,250,-1,250,603,347,-1,250,347,241,-1,241,347,346,-1,241,346,243,-1,605,606,316,-1,316,606,91,-1,316,91,610,-1,610,91,148,-1,611,612,589,-1,613,614,615,-1,615,611,613,-1,613,611,589,-1,613,589,616,-1,616,589,617,-1,616,617,618,-1,618,617,619,-1,620,612,621,-1,621,612,622,-1,621,622,623,-1,623,622,624,-1,620,625,612,-1,612,625,626,-1,612,626,627,-1,628,348,619,-1,619,348,347,-1,619,347,618,-1,618,347,622,-1,629,347,630,-1,630,347,589,-1,630,589,631,-1,631,589,612,-1,631,612,632,-1,632,612,627,-1,633,634,622,-1,622,634,635,-1,622,635,624,-1,629,636,347,-1,347,636,637,-1,347,637,622,-1,622,637,638,-1,622,638,633,-1,327,314,322,-1,322,314,316,-1,322,316,329,-1,329,316,610,-1,329,610,437,-1,437,610,639,-1,154,639,640,-1,640,639,641,-1,641,639,642,-1,642,639,610,-1,642,610,643,-1,154,640,148,-1,148,640,644,-1,148,644,610,-1,610,644,645,-1,610,645,643,-1,646,647,648,-1,648,647,642,-1,648,642,649,-1,649,642,643,-1,649,643,650,-1,650,643,651,-1,578,375,600,-1,600,375,377,-1,600,377,591,-1,591,377,359,-1,591,359,589,-1,589,359,357,-1,589,357,617,-1,139,141,154,-1,154,141,382,-1,154,382,639,-1,639,382,381,-1,639,381,437,-1,437,381,485,-1,437,485,435,-1,652,653,654,-1,655,656,657,-1,658,659,660,-1,658,660,661,-1,662,663,664,-1,665,666,667,-1,667,666,668,-1,667,668,669,-1,670,671,672,-1,672,671,673,-1,665,674,666,-1,666,674,675,-1,666,675,676,-1,676,675,677,-1,676,677,678,-1,678,679,676,-1,676,679,680,-1,676,680,681,-1,682,683,661,-1,661,683,684,-1,661,684,685,-1,654,686,652,-1,652,686,687,-1,652,687,688,-1,688,687,655,-1,688,655,689,-1,689,655,657,-1,673,690,672,-1,672,690,691,-1,672,691,660,-1,692,693,694,-1,694,693,695,-1,694,695,663,-1,663,695,696,-1,663,696,664,-1,664,696,697,-1,698,688,691,-1,691,688,689,-1,691,689,660,-1,660,689,676,-1,660,676,661,-1,661,676,681,-1,661,681,682,-1,672,699,670,-1,670,699,662,-1,670,662,700,-1,700,662,664,-1,655,398,656,-1,656,398,399,-1,336,689,408,-1,408,689,657,-1,701,702,703,-1,703,702,704,-1,704,702,705,-1,705,702,706,-1,707,701,708,-1,708,701,703,-1,388,395,709,-1,710,389,388,-1,388,709,710,-1,710,709,711,-1,710,711,712,-1,712,711,713,-1,712,713,714,-1,714,713,715,-1,714,715,716,-1,716,715,717,-1,716,717,718,-1,718,717,719,-1,718,719,720,-1,721,722,723,-1,723,722,724,-1,723,724,725,-1,725,724,726,-1,725,726,727,-1,727,726,728,-1,727,728,729,-1,729,728,730,-1,729,730,731,-1,731,730,732,-1,731,732,653,-1,653,732,654,-1,733,734,735,-1,735,734,736,-1,737,738,739,-1,739,738,734,-1,739,734,733,-1,740,741,742,-1,737,743,738,-1,738,743,744,-1,738,744,745,-1,746,747,748,-1,749,746,750,-1,749,750,751,-1,745,752,738,-1,738,752,753,-1,738,753,750,-1,750,753,754,-1,750,754,751,-1,755,756,757,-1,757,756,758,-1,757,758,759,-1,759,758,760,-1,759,760,746,-1,746,760,761,-1,746,761,747,-1,762,763,750,-1,750,763,764,-1,750,764,742,-1,742,764,765,-1,742,765,740,-1,748,766,746,-1,746,766,767,-1,746,767,750,-1,750,767,768,-1,750,768,762,-1,769,770,771,-1,772,773,736,-1,736,773,774,-1,736,774,735,-1,769,775,770,-1,770,775,776,-1,770,776,777,-1,778,779,780,-1,780,779,781,-1,780,781,782,-1,782,781,783,-1,782,783,784,-1,784,783,785,-1,786,787,788,-1,788,787,789,-1,788,789,777,-1,777,789,790,-1,777,790,770,-1,791,792,793,-1,793,792,794,-1,793,794,772,-1,772,794,795,-1,772,795,773,-1,785,796,784,-1,784,796,797,-1,784,797,769,-1,769,797,798,-1,769,798,799,-1,799,800,769,-1,769,800,801,-1,769,801,775,-1,771,802,769,-1,769,802,803,-1,769,803,793,-1,793,803,804,-1,793,804,791,-1,779,778,741,-1,741,778,742,-1,805,806,807,-1,807,806,808,-1,809,810,811,-1,812,813,814,-1,814,813,815,-1,814,815,816,-1,811,810,817,-1,817,810,818,-1,817,818,805,-1,816,819,820,-1,814,821,822,-1,823,824,825,-1,825,824,826,-1,805,807,817,-1,817,807,827,-1,817,827,825,-1,825,827,828,-1,825,828,823,-1,829,830,831,-1,831,830,832,-1,831,832,816,-1,816,832,833,-1,816,833,819,-1,814,822,834,-1,834,822,835,-1,834,835,836,-1,837,838,839,-1,839,838,840,-1,839,840,719,-1,719,840,841,-1,719,841,842,-1,842,843,719,-1,719,843,844,-1,719,844,720,-1,720,844,845,-1,845,846,720,-1,720,846,847,-1,720,847,811,-1,811,847,848,-1,811,848,809,-1,820,849,816,-1,816,849,850,-1,816,850,814,-1,814,850,851,-1,814,851,852,-1,852,853,814,-1,814,853,854,-1,814,854,821,-1,826,855,825,-1,825,855,856,-1,825,856,814,-1,814,856,857,-1,814,857,812,-1,858,859,860,-1,861,862,863,-1,863,862,864,-1,863,864,806,-1,806,864,808,-1,865,866,867,-1,868,869,722,-1,722,869,870,-1,722,870,860,-1,860,870,871,-1,860,871,858,-1,872,873,874,-1,874,873,875,-1,874,875,876,-1,872,877,873,-1,873,877,878,-1,873,878,879,-1,880,866,881,-1,881,866,882,-1,861,883,862,-1,862,883,884,-1,862,884,721,-1,721,884,885,-1,885,886,721,-1,721,886,887,-1,721,887,722,-1,722,887,888,-1,722,888,868,-1,865,867,889,-1,890,891,892,-1,867,893,894,-1,879,895,873,-1,873,895,896,-1,873,896,867,-1,867,896,897,-1,867,897,889,-1,866,898,882,-1,882,898,890,-1,882,890,899,-1,899,890,892,-1,867,894,864,-1,864,894,900,-1,864,900,808,-1,901,902,867,-1,867,902,903,-1,867,903,893,-1,880,904,866,-1,866,904,905,-1,866,905,867,-1,867,905,906,-1,867,906,901,-1,875,834,876,-1,876,834,836,-1,719,722,839,-1,839,722,860,-1,349,351,664,-1,664,351,700,-1,395,394,654,-1,654,394,686,-1,379,378,690,-1,690,378,383,-1,383,133,690,-1,690,133,136,-1,690,136,691,-1,691,136,387,-1,666,338,668,-1,668,338,342,-1,396,687,394,-1,394,687,686,-1,398,655,397,-1,397,655,687,-1,397,687,396,-1,338,666,339,-1,339,666,676,-1,339,676,336,-1,336,676,689,-1,670,367,671,-1,671,367,368,-1,671,368,673,-1,673,368,361,-1,673,361,360,-1,360,376,673,-1,673,376,374,-1,673,374,690,-1,690,374,372,-1,372,370,690,-1,690,370,380,-1,690,380,379,-1,367,670,351,-1,351,670,700,-1,691,387,907,-1,907,387,908,-1,907,908,909,-1,909,908,910,-1,909,910,911,-1,911,910,912,-1,911,912,913,-1,913,912,914,-1,913,914,915,-1,915,914,916,-1,915,916,873,-1,873,916,814,-1,722,719,724,-1,724,719,717,-1,724,717,726,-1,726,717,715,-1,726,715,728,-1,728,715,713,-1,728,713,730,-1,730,713,711,-1,730,711,732,-1,732,711,709,-1,732,709,654,-1,654,709,395,-1,387,386,917,-1,387,917,908,-1,908,917,918,-1,908,918,910,-1,910,918,919,-1,910,919,912,-1,912,919,920,-1,912,920,914,-1,914,920,921,-1,914,921,916,-1,916,921,825,-1,916,825,814,-1,873,867,915,-1,915,867,922,-1,915,922,913,-1,913,922,923,-1,913,923,911,-1,911,923,924,-1,911,924,909,-1,909,924,925,-1,909,925,907,-1,907,925,926,-1,907,926,691,-1,691,926,698,-1,834,875,814,-1,814,875,873,-1,708,705,707,-1,707,705,706,-1,707,706,927,-1,927,706,928,-1,927,928,929,-1,929,928,930,-1,929,930,931,-1,931,930,932,-1,931,932,933,-1,933,932,934,-1,933,934,935,-1,935,934,936,-1,935,936,669,-1,669,936,344,-1,668,342,937,-1,937,342,938,-1,937,938,939,-1,939,938,940,-1,939,940,941,-1,941,940,942,-1,941,942,943,-1,943,942,944,-1,943,944,945,-1,945,944,946,-1,945,946,701,-1,701,946,702,-1,342,344,936,-1,342,936,938,-1,938,936,934,-1,938,934,940,-1,940,934,932,-1,940,932,942,-1,942,932,930,-1,942,930,944,-1,944,930,928,-1,944,928,946,-1,946,928,706,-1,946,706,702,-1,701,707,945,-1,945,707,927,-1,945,927,943,-1,943,927,929,-1,943,929,941,-1,941,929,931,-1,941,931,939,-1,939,931,933,-1,939,933,937,-1,937,933,935,-1,937,935,668,-1,668,935,669,-1,772,738,947,-1,947,738,948,-1,947,948,949,-1,949,948,950,-1,949,950,951,-1,951,950,952,-1,951,952,953,-1,953,952,954,-1,953,954,955,-1,955,954,956,-1,955,956,664,-1,664,956,349,-1,350,349,956,-1,957,628,619,-1,619,617,957,-1,957,617,357,-1,957,357,356,-1,350,956,356,-1,356,956,957,-1,957,956,954,-1,957,954,958,-1,958,954,952,-1,958,952,959,-1,959,952,950,-1,959,950,960,-1,960,950,948,-1,960,948,961,-1,961,948,738,-1,961,738,750,-1,697,962,963,-1,793,772,964,-1,964,772,947,-1,964,947,965,-1,965,947,949,-1,965,949,966,-1,966,949,951,-1,966,951,967,-1,967,951,953,-1,967,953,963,-1,963,953,955,-1,963,955,697,-1,697,955,664,-1,769,793,968,-1,968,793,964,-1,968,964,969,-1,969,964,965,-1,969,965,970,-1,970,965,966,-1,970,966,971,-1,971,966,967,-1,971,967,972,-1,972,967,963,-1,972,963,973,-1,973,963,962,-1,659,658,974,-1,973,659,972,-1,972,659,974,-1,972,974,971,-1,971,974,975,-1,971,975,970,-1,970,975,976,-1,970,976,969,-1,969,976,977,-1,969,977,968,-1,968,977,978,-1,968,978,769,-1,769,978,784,-1,782,784,979,-1,979,784,978,-1,979,978,980,-1,980,978,977,-1,980,977,981,-1,981,977,976,-1,981,976,982,-1,982,976,975,-1,982,975,983,-1,983,975,974,-1,983,974,661,-1,661,974,658,-1,780,782,984,-1,984,782,979,-1,984,979,985,-1,985,979,980,-1,985,980,986,-1,986,980,981,-1,986,981,987,-1,987,981,982,-1,987,982,988,-1,988,982,983,-1,988,983,685,-1,685,983,661,-1,772,736,738,-1,738,736,734,-1,669,344,667,-1,667,344,343,-1,667,343,665,-1,665,343,341,-1,665,341,674,-1,674,341,340,-1,674,340,675,-1,340,337,675,-1,675,337,335,-1,675,335,677,-1,677,335,334,-1,677,334,678,-1,678,334,333,-1,678,333,679,-1,679,333,247,-1,679,247,680,-1,680,247,246,-1,680,246,681,-1,246,245,681,-1,681,245,243,-1,681,243,682,-1,682,243,346,-1,682,346,683,-1,683,346,345,-1,683,345,684,-1,684,345,348,-1,684,348,685,-1,685,348,628,-1,685,628,988,-1,988,628,957,-1,988,957,987,-1,987,957,958,-1,987,958,986,-1,986,958,959,-1,986,959,985,-1,985,959,960,-1,985,960,984,-1,984,960,961,-1,984,961,780,-1,780,961,750,-1,780,750,778,-1,778,750,742,-1,805,818,806,-1,806,818,863,-1,838,858,840,-1,840,858,871,-1,840,871,841,-1,841,871,870,-1,841,870,842,-1,842,870,869,-1,842,869,843,-1,843,869,868,-1,843,868,844,-1,844,868,888,-1,844,888,845,-1,845,888,887,-1,845,887,846,-1,846,887,886,-1,846,886,847,-1,847,886,885,-1,847,885,848,-1,848,885,884,-1,848,884,809,-1,809,884,883,-1,809,883,810,-1,810,883,861,-1,810,861,818,-1,818,861,863,-1,838,837,858,-1,858,837,859,-1,808,900,807,-1,807,900,827,-1,836,835,876,-1,876,835,874,-1,832,890,833,-1,833,890,898,-1,833,898,819,-1,819,898,866,-1,819,866,820,-1,820,866,865,-1,820,865,849,-1,849,865,889,-1,849,889,850,-1,850,889,897,-1,850,897,851,-1,851,897,896,-1,851,896,852,-1,852,896,895,-1,852,895,853,-1,853,895,879,-1,853,879,854,-1,854,879,878,-1,854,878,821,-1,821,878,877,-1,821,877,822,-1,822,877,872,-1,822,872,835,-1,835,872,874,-1,832,830,890,-1,890,830,891,-1,829,831,892,-1,892,831,899,-1,827,900,828,-1,828,900,894,-1,828,894,823,-1,823,894,893,-1,823,893,824,-1,824,893,903,-1,824,903,826,-1,826,903,902,-1,826,902,855,-1,855,902,901,-1,855,901,856,-1,856,901,906,-1,856,906,857,-1,857,906,905,-1,857,905,812,-1,812,905,904,-1,812,904,813,-1,813,904,880,-1,813,880,815,-1,815,880,881,-1,815,881,816,-1,816,881,882,-1,816,882,831,-1,831,882,899,-1,758,788,760,-1,760,788,777,-1,760,777,761,-1,761,777,776,-1,761,776,747,-1,747,776,775,-1,747,775,748,-1,748,775,801,-1,748,801,766,-1,766,801,800,-1,766,800,767,-1,767,800,799,-1,767,799,768,-1,768,799,798,-1,768,798,762,-1,762,798,797,-1,762,797,763,-1,763,797,796,-1,763,796,764,-1,764,796,785,-1,764,785,765,-1,765,785,783,-1,765,783,740,-1,740,783,781,-1,788,758,786,-1,786,758,756,-1,787,755,789,-1,789,755,757,-1,739,774,737,-1,737,774,773,-1,737,773,743,-1,743,773,795,-1,743,795,744,-1,744,795,794,-1,744,794,745,-1,745,794,792,-1,745,792,752,-1,752,792,791,-1,752,791,753,-1,753,791,804,-1,753,804,754,-1,754,804,803,-1,754,803,751,-1,751,803,802,-1,751,802,749,-1,749,802,771,-1,749,771,746,-1,746,771,770,-1,746,770,759,-1,759,770,790,-1,759,790,757,-1,757,790,789,-1,779,741,781,-1,781,741,740,-1,774,739,735,-1,735,739,733,-1,839,860,989,-1,989,860,990,-1,989,990,991,-1,991,990,992,-1,991,992,993,-1,993,992,994,-1,993,994,995,-1,995,994,996,-1,995,996,997,-1,997,996,998,-1,997,998,999,-1,999,998,1000,-1,999,1000,1001,-1,1001,1000,1002,-1,1003,1004,1005,-1,1005,1004,1006,-1,1005,1006,1007,-1,1007,1006,1008,-1,1007,1008,1009,-1,1009,1008,1010,-1,1009,1010,1011,-1,1011,1010,1012,-1,1011,1012,1013,-1,1013,1012,1014,-1,1013,1014,1015,-1,1015,1014,1016,-1,1015,1016,837,-1,837,1016,859,-1,860,859,1016,-1,860,1016,990,-1,990,1016,1014,-1,990,1014,992,-1,992,1014,1012,-1,992,1012,994,-1,994,1012,1010,-1,994,1010,996,-1,996,1010,1008,-1,996,1008,998,-1,998,1008,1006,-1,998,1006,1000,-1,1000,1006,1004,-1,1000,1004,1002,-1,1001,1003,999,-1,999,1003,1005,-1,999,1005,997,-1,997,1005,1007,-1,997,1007,995,-1,995,1007,1009,-1,995,1009,993,-1,993,1009,1011,-1,993,1011,991,-1,991,1011,1013,-1,991,1013,989,-1,989,1013,1015,-1,989,1015,839,-1,839,1015,837,-1,1017,1004,1018,-1,1018,1004,1003,-1,1019,1001,1020,-1,1020,1001,1002,-1,1002,1004,1020,-1,1020,1004,1017,-1,1021,1022,1017,-1,1017,1022,1023,-1,1017,1023,1020,-1,1021,1024,1022,-1,1022,1024,1025,-1,1022,1025,1026,-1,1027,1028,1029,-1,1029,1028,1030,-1,1023,1031,1020,-1,1020,1031,1028,-1,1020,1028,1032,-1,1032,1028,1027,-1,1003,1001,1018,-1,1018,1001,1019,-1,1033,1034,1019,-1,1019,1034,1035,-1,1019,1035,1018,-1,1033,1036,1034,-1,1034,1036,1037,-1,1034,1037,1038,-1,1039,1040,1041,-1,1041,1040,1042,-1,1035,1043,1018,-1,1018,1043,1040,-1,1018,1040,1044,-1,1044,1040,1039,-1,1043,1035,1023,-1,1023,1035,1031,-1,829,892,1045,-1,1045,892,1046,-1,1045,1046,1047,-1,1047,1046,1048,-1,1047,1048,1049,-1,1049,1048,1050,-1,1049,1050,1051,-1,1051,1050,1052,-1,1051,1052,1053,-1,1053,1052,1054,-1,1053,1054,1055,-1,1055,1054,1056,-1,1057,1058,1059,-1,1059,1058,1060,-1,1059,1060,1061,-1,1061,1060,1062,-1,1061,1062,1063,-1,1063,1062,1064,-1,1063,1064,1065,-1,1065,1064,1066,-1,1065,1066,1067,-1,1067,1066,1068,-1,1067,1068,830,-1,830,1068,891,-1,892,891,1068,-1,892,1068,1046,-1,1046,1068,1066,-1,1046,1066,1048,-1,1048,1066,1064,-1,1048,1064,1050,-1,1050,1064,1062,-1,1050,1062,1052,-1,1052,1062,1060,-1,1052,1060,1054,-1,1054,1060,1058,-1,1054,1058,1056,-1,1055,1057,1053,-1,1053,1057,1059,-1,1053,1059,1051,-1,1051,1059,1061,-1,1051,1061,1049,-1,1049,1061,1063,-1,1049,1063,1047,-1,1047,1063,1065,-1,1047,1065,1045,-1,1045,1065,1067,-1,1045,1067,829,-1,829,1067,830,-1,1069,1058,1070,-1,1070,1058,1057,-1,1071,1055,1072,-1,1072,1055,1056,-1,1073,1072,1074,-1,1056,1058,1072,-1,1072,1058,1069,-1,1075,1076,1069,-1,1069,1076,1077,-1,1069,1077,1072,-1,1072,1077,1078,-1,1072,1078,1074,-1,1075,1079,1076,-1,1076,1079,1080,-1,1076,1080,1081,-1,1082,1083,1074,-1,1074,1083,1084,-1,1074,1084,1073,-1,1057,1055,1070,-1,1070,1055,1071,-1,1085,1086,1071,-1,1071,1086,1087,-1,1071,1087,1070,-1,1085,1088,1086,-1,1086,1088,1089,-1,1086,1089,1090,-1,1091,1092,1093,-1,1093,1092,1094,-1,1087,1095,1070,-1,1070,1095,1092,-1,1070,1092,1096,-1,1096,1092,1091,-1,1078,1077,1087,-1,1087,1077,1095,-1,755,787,1097,-1,1097,787,1098,-1,1097,1098,1099,-1,1099,1098,1100,-1,1099,1100,1101,-1,1101,1100,1102,-1,1101,1102,1103,-1,1103,1102,1104,-1,1103,1104,1105,-1,1105,1104,1106,-1,1105,1106,1107,-1,1107,1106,1108,-1,1109,1110,1111,-1,1111,1110,1112,-1,1111,1112,1113,-1,1113,1112,1114,-1,1113,1114,1115,-1,1115,1114,1116,-1,1115,1116,1117,-1,1117,1116,1118,-1,1117,1118,1119,-1,1119,1118,1120,-1,1119,1120,756,-1,756,1120,786,-1,787,786,1120,-1,787,1120,1098,-1,1098,1120,1118,-1,1098,1118,1100,-1,1100,1118,1116,-1,1100,1116,1102,-1,1102,1116,1114,-1,1102,1114,1104,-1,1104,1114,1112,-1,1104,1112,1106,-1,1106,1112,1110,-1,1106,1110,1108,-1,1107,1109,1105,-1,1105,1109,1111,-1,1105,1111,1103,-1,1103,1111,1113,-1,1103,1113,1101,-1,1101,1113,1115,-1,1101,1115,1099,-1,1099,1115,1117,-1,1099,1117,1097,-1,1097,1117,1119,-1,1097,1119,755,-1,755,1119,756,-1,1121,1107,1122,-1,1122,1107,1108,-1,1123,1110,1124,-1,1124,1110,1109,-1,1108,1110,1122,-1,1122,1110,1123,-1,1125,1126,1123,-1,1123,1126,1127,-1,1123,1127,1122,-1,1128,1129,1130,-1,1130,1129,1131,-1,1127,1132,1122,-1,1122,1132,1129,-1,1122,1129,1133,-1,1133,1129,1128,-1,1125,1134,1126,-1,1126,1134,1135,-1,1126,1135,1136,-1,1137,1124,1138,-1,1109,1107,1124,-1,1124,1107,1121,-1,1139,1140,1121,-1,1121,1140,1141,-1,1121,1141,1124,-1,1124,1141,1142,-1,1124,1142,1138,-1,1139,1143,1140,-1,1140,1143,1144,-1,1140,1144,1145,-1,1146,1147,1138,-1,1138,1147,1148,-1,1138,1148,1137,-1,1142,1141,1127,-1,1127,1141,1132,-1,
        ]
    }
}
Shape{
    appearance Appearance {
        material  Material 	{
            diffuseColor 0.25098039215686274 0.25098039215686274 0.25098039215686274
            specularColor 0.12549019607843137 0.12549019607843137 0.12549019607843137
            ambientIntensity 0.251
            transparency 0.0
            shininess 0.5
        }
    }
    geometry IndexedFaceSet {
        ccw TRUE
        solid FALSE
        coord DEF co Coordinate {
            point [
                2.7815 -2.8603 0.748, 2.7815 -2.8603 0.6693, 2.7815 -1.2239 0.748, 2.7815 -1.2239 0.6693, 1.9046 -1.2239 0.748, 1.9046 -1.2239 0.6693, 1.9046 -1.6844 0.748, 1.9046 -1.6844 0.6693, 2.1841 -1.9638 0.748, 2.1841 -1.9638 0.6693, 2.1841 -2.8603 0.748, 2.1841 -2.8603 0.6693, 2.0659 -2.8603 0.748, 2.0659 -2.8603 0.6693, 2.0659 -2.0127 0.748, 2.0659 -2.0127 0.6693, 1.7865 -1.7333 0.748, 1.7865 -1.7333 0.6693, 1.7865 -0.9607 0.748, 1.7865 -0.9607 0.6693, 2.8208 -2.711 0.6693, 2.8208 -2.8603 0.6693, 2.8208 -2.8603 0.748, 2.8208 -1.6953 0.6693, 2.8208 -0.9607 0.748, 2.8208 -0.9607 0.6693, -2.6673 1.1673 0.748, -2.6673 1.3913 0.6693, -2.6673 1.1144 0.748, -2.6673 -0.1835 0.6693, -2.6673 -0.1835 0.748, -2.6673 1.3398 0.748, -2.6673 1.379 0.748, -2.6673 1.3913 0.748, -2.8209 1.3913 0.6693, -2.8209 1.3913 0.748, -2.8219 1.3913 0.6692, -2.8423 1.3913 0.7452, -2.8229 1.3913 0.6688, -2.8622 1.3913 0.737, -2.8237 1.3913 0.6681, -2.8793 1.3913 0.7238, -2.8243 1.3913 0.6673, -2.8925 1.3913 0.7067, -2.8247 1.3913 0.6664, -2.9007 1.3913 0.6868, -2.8248 1.3913 0.6654, -2.9036 1.3913 0.6654, -2.8248 1.3913 0.2756, -2.9036 1.3913 0.2756, -2.8248 -0.1835 0.2756, -2.9036 -0.1835 0.2756, -2.8248 -0.1835 0.6654, -2.9036 -0.1835 0.6654, -2.8247 -0.1835 0.6664, -2.9007 -0.1835 0.6868, -2.8243 -0.1835 0.6673, -2.8925 -0.1835 0.7067, -2.8237 -0.1835 0.6681, -2.8793 -0.1835 0.7238, -2.8229 -0.1835 0.6688, -2.8622 -0.1835 0.737, -2.8219 -0.1835 0.6692, -2.8423 -0.1835 0.7452, -2.8209 -0.1835 0.6693, -2.8209 -0.1835 0.748
            ]
        }
        coordIndex [
            0,1,2,-1,2,1,3,-1,2,3,4,-1,4,3,5,-1,4,5,6,-1,6,5,7,-1,6,7,8,-1,8,7,9,-1,8,9,10,-1,10,9,11,-1,10,11,12,-1,12,11,13,-1,12,13,14,-1,14,13,15,-1,14,15,16,-1,16,15,17,-1,16,17,18,-1,18,17,19,-1,20,21,22,-1,20,22,23,-1,23,22,24,-1,23,24,25,-1,22,21,0,-1,0,21,1,-1,18,19,24,-1,24,19,25,-1,26,27,28,-1,28,27,29,-1,28,29,30,-1,26,31,27,-1,27,31,32,-1,27,32,33,-1,27,33,34,-1,34,33,35,-1,34,35,36,-1,36,35,37,-1,36,37,38,-1,38,37,39,-1,38,39,40,-1,40,39,41,-1,40,41,42,-1,42,41,43,-1,42,43,44,-1,44,43,45,-1,44,45,46,-1,46,45,47,-1,46,47,48,-1,48,47,49,-1,50,51,52,-1,52,51,53,-1,52,53,54,-1,54,53,55,-1,54,55,56,-1,56,55,57,-1,56,57,58,-1,58,57,59,-1,58,59,60,-1,60,59,61,-1,60,61,62,-1,62,61,63,-1,62,63,64,-1,64,63,65,-1,64,65,29,-1,29,65,30,-1,51,50,49,-1,49,50,48,-1,
        ]
    }
}
Shape{
    appearance Appearance {
        material  Material 	{
            diffuseColor 0.7529411764705882 0.7529411764705882 0.7529411764705882
            specularColor 0.3764705882352941 0.3764705882352941 0.3764705882352941
            ambientIntensity 0.7529
            transparency 0.0
            shininess 0.5
        }
    }
    geometry IndexedFaceSet {
        ccw TRUE
        solid FALSE
        coord DEF co Coordinate {
            point [
                2.5098 1.5882 0.063, 2.4311 1.5882 0.063, 2.51 1.5882 0.062, 2.4339 1.5882 0.0416, 2.5103 1.5882 0.061, 2.4422 1.5882 0.0217, 2.511 1.5882 0.0602, 2.4553 1.5882 0.0045, 2.5118 1.5882 0.0596, 2.4724 1.5882 -0.0086, 2.5127 1.5882 0.0592, 2.4924 1.5882 -0.0169, 2.5138 1.5882 0.0591, 2.5138 1.5882 -0.0197, 2.5138 1.9819 0.0591, 2.5138 1.9819 -0.0197, 2.5127 1.9819 0.0592, 2.4924 1.9819 -0.0169, 2.5118 1.9819 0.0596, 2.4724 1.9819 -0.0086, 2.511 1.9819 0.0602, 2.4553 1.9819 0.0045, 2.5103 1.9819 0.061, 2.4422 1.9819 0.0217, 2.51 1.9819 0.062, 2.4339 1.9819 0.0416, 2.5098 1.9819 0.063, 2.4311 1.9819 0.063, 2.687 1.5882 0.0591, 2.687 1.5882 -0.0197, 2.687 1.9819 -0.0197, 2.687 1.9819 0.0591, 2.7264 1.9714 -0.0197, 2.7427 1.9588 -0.0197, 2.7552 1.9425 -0.0197, 2.7657 1.9032 -0.0197, 2.7657 1.6669 -0.0197, 2.7074 1.9792 -0.0197, 2.763 1.9235 -0.0197, 2.7552 1.6276 -0.0197, 2.7427 1.6113 -0.0197, 2.7264 1.5987 -0.0197, 2.763 1.6466 -0.0197, 2.7074 1.5909 -0.0197, 2.7657 1.9032 0.0591, 2.7657 1.6669 0.0591, 2.7552 1.9425 0.0591, 2.7427 1.9588 0.0591, 2.7264 1.9714 0.0591, 2.7264 1.5987 0.0591, 2.7427 1.6113 0.0591, 2.7552 1.6276 0.0591, 2.763 1.9235 0.0591, 2.7074 1.9792 0.0591, 2.7074 1.5909 0.0591, 2.763 1.6466 0.0591, -1.9587 1.978 0.6693, -1.9587 1.978 0.748, -1.9587 1.979 0.6692, -1.9587 1.9994 0.7452, -1.9587 1.9799 0.6688, -1.9587 2.0193 0.737, -1.9587 1.9807 0.6681, -1.9587 2.0364 0.7238, -1.9587 1.9814 0.6673, -1.9587 2.0496 0.7067, -1.9587 1.9818 0.6664, -1.9587 2.0578 0.6868, -1.9587 1.9819 0.6654, -1.9587 2.0606 0.6654, 1.1909 1.9819 0.6654, 1.1909 2.0606 0.6654, 1.1909 1.9818 0.6664, 1.1909 2.0578 0.6868, 1.1909 1.9814 0.6673, 1.1909 2.0496 0.7067, 1.1909 1.9807 0.6681, 1.1909 2.0364 0.7238, 1.1909 1.9799 0.6688, 1.1909 2.0193 0.737, 1.1909 1.979 0.6692, 1.1909 1.9994 0.7452, 1.1909 1.978 0.6693, 1.1909 1.978 0.748, -0.4465 1.978 0.748, -0.3181 1.978 0.748, -0.3101 1.978 0.748, -0.1971 1.978 0.748, -0.1362 1.978 0.748, -0.105 1.978 0.748, -0.0313 1.978 0.748, 0.0199 1.978 0.748, 0.0621 1.978 0.748, 1.1909 1.9819 0.5118, 1.1909 2.0606 0.5118, -1.9587 2.0606 0.5118, -1.9587 1.9819 0.5118, -3.0807 1.5882 -0.0197, -3.0807 1.5882 0.0591, -3.1011 1.5909 0.0591, -3.1011 1.5909 -0.0197, -3.1201 1.5987 0.0591, -3.1201 1.5987 -0.0197, -3.1364 1.6113 0.0591, -3.1364 1.6113 -0.0197, -3.1489 1.6276 0.0591, -3.1489 1.6276 -0.0197, -3.1568 1.6466 0.0591, -3.1568 1.6466 -0.0197, -3.1595 1.6669 0.0591, -3.1595 1.6669 -0.0197, -3.1595 1.9032 -0.0197, -3.1595 1.9032 0.0591, -3.1568 1.9235 0.0591, -3.1568 1.9235 -0.0197, -3.1489 1.9425 0.0591, -3.1489 1.9425 -0.0197, -3.1364 1.9588 0.0591, -3.1364 1.9588 -0.0197, -3.1201 1.9714 0.0591, -3.1201 1.9714 -0.0197, -3.1011 1.9792 0.0591, -3.1011 1.9792 -0.0197, -3.0807 1.9819 0.0591, -3.0807 1.9819 -0.0197, -3.1595 -1.7583 -0.0039, -3.1595 -1.7583 0.0748, -3.1568 -1.7379 0.0748, -3.1568 -1.7379 -0.0039, -3.1489 -1.7189 0.0748, -3.1489 -1.7189 -0.0039, -3.1364 -1.7026 0.0748, -3.1364 -1.7026 -0.0039, -3.1201 -1.6901 0.0748, -3.1201 -1.6901 -0.0039, -3.1011 -1.6822 0.0748, -3.1011 -1.6822 -0.0039, -3.0807 -1.6795 0.0748, -3.0807 -1.6795 -0.0039, -3.0807 -2.3094 -0.0039, -3.0807 -2.3094 0.0748, -3.1011 -2.3068 0.0748, -3.1011 -2.3068 -0.0039, -3.1201 -2.2989 0.0748, -3.1201 -2.2989 -0.0039, -3.1364 -2.2864 0.0748, -3.1364 -2.2864 -0.0039, -3.1489 -2.2701 0.0748, -3.1489 -2.2701 -0.0039, -3.1568 -2.2511 0.0748, -3.1568 -2.2511 -0.0039, -3.1595 -2.2307 0.0748, -3.1595 -2.2307 -0.0039, 3.0807 -1.6795 -0.0197, 3.0807 -1.6795 0.0591, 3.1011 -1.6822 0.0591, 3.1011 -1.6822 -0.0197, 3.1201 -1.6901 0.0591, 3.1201 -1.6901 -0.0197, 3.1364 -1.7026 0.0591, 3.1364 -1.7026 -0.0197, 3.1489 -1.7189 0.0591, 3.1489 -1.7189 -0.0197, 3.1567 -1.7379 0.0591, 3.1567 -1.7379 -0.0197, 3.1594 -1.7583 0.0591, 3.1594 -1.7583 -0.0197, 3.1594 -2.2307 -0.0197, 3.1594 -2.2307 0.0591, 3.1567 -2.2511 0.0591, 3.1567 -2.2511 -0.0197, 3.1489 -2.2701 0.0591, 3.1489 -2.2701 -0.0197, 3.1364 -2.2864 0.0591, 3.1364 -2.2864 -0.0197, 3.1201 -2.2989 0.0591, 3.1201 -2.2989 -0.0197, 3.1011 -2.3068 0.0591, 3.1011 -2.3068 -0.0197, 3.0807 -2.3094 0.0591, 3.0807 -2.3094 -0.0197
            ]
        }
        coordIndex [
            0,1,2,-1,2,1,3,-1,2,3,4,-1,4,3,5,-1,4,5,6,-1,6,5,7,-1,6,7,8,-1,8,7,9,-1,8,9,10,-1,10,9,11,-1,10,11,12,-1,12,11,13,-1,14,15,16,-1,16,15,17,-1,16,17,18,-1,18,17,19,-1,18,19,20,-1,20,19,21,-1,20,21,22,-1,22,21,23,-1,22,23,24,-1,24,23,25,-1,24,25,26,-1,26,25,27,-1,1,27,25,-1,1,25,3,-1,3,25,23,-1,3,23,5,-1,5,23,21,-1,5,21,7,-1,7,21,19,-1,7,19,9,-1,9,19,17,-1,9,17,11,-1,11,17,15,-1,11,15,13,-1,12,14,10,-1,10,14,16,-1,10,16,8,-1,8,16,18,-1,8,18,6,-1,6,18,20,-1,6,20,4,-1,4,20,22,-1,4,22,2,-1,2,22,24,-1,2,24,0,-1,0,24,26,-1,28,12,29,-1,29,12,13,-1,30,15,31,-1,31,15,14,-1,29,13,15,-1,32,33,34,-1,15,30,29,-1,29,30,35,-1,29,35,36,-1,30,37,35,-1,35,37,32,-1,35,32,38,-1,38,32,34,-1,39,40,41,-1,36,42,29,-1,29,42,39,-1,29,39,43,-1,43,39,41,-1,31,14,44,-1,14,12,44,-1,44,12,28,-1,44,28,45,-1,46,47,48,-1,49,50,51,-1,44,52,31,-1,31,52,46,-1,31,46,53,-1,53,46,48,-1,28,54,45,-1,45,54,49,-1,45,49,55,-1,55,49,51,-1,44,45,35,-1,35,45,36,-1,56,57,58,-1,58,57,59,-1,58,59,60,-1,60,59,61,-1,60,61,62,-1,62,61,63,-1,62,63,64,-1,64,63,65,-1,64,65,66,-1,66,65,67,-1,66,67,68,-1,68,67,69,-1,70,71,72,-1,72,71,73,-1,72,73,74,-1,74,73,75,-1,74,75,76,-1,76,75,77,-1,76,77,78,-1,78,77,79,-1,78,79,80,-1,80,79,81,-1,80,81,82,-1,82,81,83,-1,59,57,84,-1,84,85,81,-1,81,85,86,-1,81,86,87,-1,87,88,81,-1,81,88,89,-1,81,89,90,-1,90,91,81,-1,81,91,92,-1,81,92,83,-1,84,81,59,-1,59,81,79,-1,59,79,61,-1,61,79,77,-1,61,77,63,-1,63,77,75,-1,63,75,65,-1,65,75,73,-1,65,73,67,-1,67,73,71,-1,67,71,69,-1,68,70,66,-1,66,70,72,-1,66,72,64,-1,64,72,74,-1,64,74,62,-1,62,74,76,-1,62,76,60,-1,60,76,78,-1,60,78,58,-1,58,78,80,-1,58,80,56,-1,56,80,82,-1,93,94,70,-1,70,94,71,-1,95,96,69,-1,69,96,68,-1,94,95,71,-1,71,95,69,-1,68,96,70,-1,70,96,93,-1,95,94,96,-1,96,94,93,-1,97,98,99,-1,97,99,100,-1,100,99,101,-1,100,101,102,-1,102,101,103,-1,102,103,104,-1,104,103,105,-1,104,105,106,-1,106,105,107,-1,106,107,108,-1,108,107,109,-1,108,109,110,-1,111,112,113,-1,111,113,114,-1,114,113,115,-1,114,115,116,-1,116,115,117,-1,116,117,118,-1,118,117,119,-1,118,119,120,-1,120,119,121,-1,120,121,122,-1,122,121,123,-1,122,123,124,-1,125,126,127,-1,125,127,128,-1,128,127,129,-1,128,129,130,-1,130,129,131,-1,130,131,132,-1,132,131,133,-1,132,133,134,-1,134,133,135,-1,134,135,136,-1,136,135,137,-1,136,137,138,-1,139,140,141,-1,139,141,142,-1,142,141,143,-1,142,143,144,-1,144,143,145,-1,144,145,146,-1,146,145,147,-1,146,147,148,-1,148,147,149,-1,148,149,150,-1,150,149,151,-1,150,151,152,-1,153,154,155,-1,153,155,156,-1,156,155,157,-1,156,157,158,-1,158,157,159,-1,158,159,160,-1,160,159,161,-1,160,161,162,-1,162,161,163,-1,162,163,164,-1,164,163,165,-1,164,165,166,-1,167,168,169,-1,167,169,170,-1,170,169,171,-1,170,171,172,-1,172,171,173,-1,172,173,174,-1,174,173,175,-1,174,175,176,-1,176,175,177,-1,176,177,178,-1,178,177,179,-1,178,179,180,-1,30,31,53,-1,30,53,37,-1,37,53,48,-1,37,48,32,-1,32,48,47,-1,32,47,33,-1,33,47,46,-1,33,46,34,-1,34,46,52,-1,34,52,38,-1,38,52,44,-1,38,44,35,-1,36,45,55,-1,36,55,42,-1,42,55,51,-1,42,51,39,-1,39,51,50,-1,39,50,40,-1,40,50,49,-1,40,49,41,-1,41,49,54,-1,41,54,43,-1,43,54,28,-1,43,28,29,-1,
        ]
    }
}
Shape{
    appearance Appearance {
        material  Material 	{
            diffuseColor 0.0 0.0 0.0
            specularColor 0.0 0.0 0.0
            ambientIntensity 0.0
            transparency 0.0
            shininess 0.5
        }
    }
    geometry IndexedFaceSet {
        ccw TRUE
        solid FALSE
        coord DEF co Coordinate {
            point [
                -0.3215 1.3953 0.752, -0.3215 1.3801 0.752, -0.3215 1.3953 0.748, -0.3215 1.3801 0.748, -0.3747 1.3953 0.752, -0.3747 1.3953 0.748, -0.3747 1.5135 0.752, -0.3747 1.5135 0.748, -0.3919 1.5135 0.752, -0.3919 1.5135 0.748, -0.3919 1.3801 0.752, -0.3919 1.3801 0.748, -0.2531 1.3778 0.752, -0.2531 1.3778 0.748, -0.2327 1.3798 0.752, -0.2413 1.379 0.748, -0.2327 1.3798 0.748, -0.2184 1.3845 0.748, -0.2184 1.3845 0.752, -0.2161 1.3856 0.748, -0.2161 1.3856 0.752, -0.2161 1.4021 0.752, -0.2161 1.4021 0.748, -0.2293 1.3962 0.748, -0.2293 1.3962 0.752, -0.2444 1.3934 0.748, -0.2444 1.3934 0.752, -0.2506 1.3932 0.748, -0.2506 1.3932 0.752, -0.2626 1.3945 0.748, -0.2626 1.3945 0.752, -0.2723 1.3979 0.748, -0.2723 1.3979 0.752, -0.2813 1.4038 0.748, -0.2813 1.4038 0.752, -0.2849 1.4072 0.748, -0.2849 1.4072 0.752, -0.2911 1.4158 0.748, -0.2911 1.4158 0.752, -0.2955 1.4265 0.748, -0.2955 1.4265 0.752, -0.2978 1.4397 0.748, -0.2978 1.4397 0.752, -0.298 1.4453 0.748, -0.298 1.4453 0.752, -0.2958 1.4636 0.748, -0.2958 1.4636 0.752, -0.2913 1.4751 0.748, -0.2913 1.4751 0.752, -0.2849 1.4844 0.748, -0.2849 1.4844 0.752, -0.2839 1.4854 0.748, -0.2839 1.4854 0.752, -0.2755 1.4925 0.748, -0.2755 1.4925 0.752, -0.2651 1.4976 0.748, -0.2651 1.4976 0.752, -0.2536 1.5 0.748, -0.2536 1.5 0.752, -0.2476 1.5002 0.748, -0.2476 1.5002 0.752, -0.2312 1.4983 0.748, -0.2312 1.4983 0.752, -0.2176 1.4931 0.748, -0.2176 1.4931 0.752, -0.2161 1.4923 0.748, -0.2161 1.4923 0.752, -0.2161 1.5103 0.752, -0.2161 1.5103 0.748, -0.2478 1.5158 0.748, -0.2478 1.5158 0.752, -0.2334 1.5147 0.748, -0.2303 1.5144 0.752, -0.2303 1.5144 0.748, -0.257 1.5147 0.748, -0.267 1.5135 0.752, -0.267 1.5135 0.748, -0.2809 1.5081 0.748, -0.2809 1.5081 0.752, -0.2934 1.4993 0.748, -0.2934 1.4993 0.752, -0.2968 1.4961 0.748, -0.2968 1.4961 0.752, -0.3064 1.4835 0.748, -0.3101 1.475 0.748, -0.3128 1.4687 0.752, -0.3064 1.4835 0.752, -0.3128 1.4687 0.748, -0.3158 1.4513 0.748, -0.3158 1.4513 0.752, -0.316 1.4443 0.748, -0.316 1.4443 0.752, -0.3134 1.4227 0.748, -0.3101 1.414 0.748, -0.308 1.4087 0.752, -0.3134 1.4227 0.752, -0.308 1.4087 0.748, -0.3001 1.3973 0.748, -0.3001 1.3973 0.752, -0.2989 1.3961 0.748, -0.2989 1.3961 0.752, -0.2633 1.3785 0.752, -0.2898 1.3882 0.748, -0.2898 1.3882 0.752, -0.2774 1.3818 0.748, -0.2774 1.3818 0.752, -0.2654 1.379 0.748, -0.2633 1.3785 0.748, -0.1176 1.3953 0.752, -0.1176 1.3801 0.752, -0.1176 1.3953 0.748, -0.1176 1.3801 0.748, -0.1722 1.3953 0.748, -0.1722 1.3953 0.752, -0.1362 1.3953 0.748, -0.1722 1.4402 0.752, -0.1722 1.4402 0.748, -0.1245 1.4402 0.752, -0.1362 1.4402 0.748, -0.1245 1.4402 0.748, -0.1245 1.4555 0.752, -0.1245 1.4555 0.748, -0.1722 1.4555 0.748, -0.1722 1.4555 0.752, -0.1362 1.4555 0.748, -0.1722 1.4982 0.752, -0.1722 1.4982 0.748, -0.1207 1.4982 0.748, -0.1207 1.4982 0.752, -0.1362 1.4982 0.748, -0.1207 1.5135 0.752, -0.1207 1.5135 0.748, -0.1894 1.5135 0.748, -0.1894 1.5135 0.752, -0.1362 1.5135 0.748, -0.1894 1.3801 0.752, -0.1894 1.3801 0.748, -0.1362 1.3801 0.748, -0.0096 1.4173 0.752, -0.0162 1.4092 0.752, -0.0039 1.3988 0.752, -0.0178 1.4077 0.752, -0.0179 1.3888 0.752, -0.0264 1.4018 0.752, -0.0331 1.3828 0.752, -0.0374 1.3975 0.752, -0.0557 1.3801 0.752, -0.0558 1.3953 0.752, -0.0924 1.3801 0.752, -0.0752 1.3953 0.752, -0.0924 1.5135 0.752, -0.0752 1.4982 0.752, -0.0544 1.5135 0.752, -0.055 1.4982 0.752, -0.034 1.5113 0.752, -0.037 1.4961 0.752, -0.0179 1.5054 0.752, -0.0255 1.4917 0.752, -0.0039 1.4959 0.752, -0.0165 1.4856 0.752, 0.0008 1.4912 0.752, -0.0128 1.4819 0.752, 0.0091 1.4796 0.752, -0.0076 1.4744 0.752, 0.014 1.4668 0.752, -0.0039 1.4647 0.752, 0.0162 1.4485 0.752, -0.0019 1.448 0.752, 0.0158 1.44 0.752, -0.0024 1.4393 0.752, 0.0126 1.4244 0.752, -0.005 1.4271 0.752, 0.006 1.4106 0.752, -0.0557 1.3801 0.748, -0.0924 1.3801 0.748, -0.0039 1.3988 0.748, -0.0331 1.3828 0.748, -0.0313 1.3835 0.748, -0.0179 1.3888 0.748, 0.006 1.4106 0.748, 0.0126 1.4244 0.748, 0.0158 1.44 0.748, 0.0162 1.4485 0.748, 0.014 1.4668 0.748, 0.0091 1.4796 0.748, 0.0008 1.4912 0.748, -0.0039 1.4959 0.748, -0.0179 1.5054 0.748, -0.0313 1.5103 0.748, -0.034 1.5113 0.748, -0.0544 1.5135 0.748, -0.0924 1.5135 0.748, -0.055 1.4982 0.748, -0.0752 1.4982 0.748, -0.0752 1.3953 0.748, -0.0558 1.3953 0.748, -0.0162 1.4092 0.748, -0.0178 1.4077 0.748, -0.0264 1.4018 0.748, -0.0374 1.3975 0.748, -0.0019 1.448 0.748, -0.0024 1.4393 0.748, -0.005 1.4271 0.748, -0.0096 1.4173 0.748, -0.0165 1.4856 0.748, -0.0128 1.4819 0.748, -0.0076 1.4744 0.748, -0.0039 1.4647 0.748, -0.037 1.4961 0.748, -0.0255 1.4917 0.748
            ]
        }
        coordIndex [
            0,1,2,-1,2,1,3,-1,4,0,5,-1,5,0,2,-1,6,4,7,-1,7,4,5,-1,8,6,9,-1,9,6,7,-1,10,8,11,-1,11,8,9,-1,1,10,3,-1,3,10,11,-1,6,8,4,-1,4,8,10,-1,4,10,0,-1,0,10,1,-1,12,13,14,-1,14,13,15,-1,15,16,14,-1,14,16,17,-1,14,17,18,-1,18,17,19,-1,18,19,20,-1,21,20,22,-1,22,20,19,-1,21,22,23,-1,21,23,24,-1,24,23,25,-1,24,25,26,-1,26,25,27,-1,26,27,28,-1,28,27,29,-1,28,29,30,-1,30,29,31,-1,30,31,32,-1,32,31,33,-1,32,33,34,-1,34,33,35,-1,34,35,36,-1,36,35,37,-1,36,37,38,-1,38,37,39,-1,38,39,40,-1,40,39,41,-1,40,41,42,-1,42,41,43,-1,42,43,44,-1,44,43,45,-1,44,45,46,-1,46,45,47,-1,46,47,48,-1,48,47,49,-1,48,49,50,-1,50,49,51,-1,50,51,52,-1,52,51,53,-1,52,53,54,-1,54,53,55,-1,54,55,56,-1,56,55,57,-1,56,57,58,-1,58,57,59,-1,58,59,60,-1,60,59,61,-1,60,61,62,-1,62,61,63,-1,62,63,64,-1,64,63,65,-1,64,65,66,-1,67,66,68,-1,68,66,65,-1,69,70,71,-1,71,70,72,-1,71,72,73,-1,73,72,67,-1,73,67,68,-1,70,69,74,-1,70,74,75,-1,74,76,75,-1,75,76,77,-1,75,77,78,-1,78,77,79,-1,78,79,80,-1,80,79,81,-1,80,81,82,-1,82,81,83,-1,84,85,83,-1,83,85,86,-1,83,86,82,-1,84,87,85,-1,85,87,88,-1,85,88,89,-1,89,88,90,-1,89,90,91,-1,91,90,92,-1,93,94,92,-1,92,94,95,-1,92,95,91,-1,93,96,94,-1,94,96,97,-1,94,97,98,-1,98,97,99,-1,98,99,100,-1,13,12,101,-1,100,99,102,-1,100,102,103,-1,103,102,104,-1,103,104,105,-1,105,104,106,-1,105,106,101,-1,101,106,107,-1,101,107,13,-1,82,52,80,-1,80,52,54,-1,80,54,78,-1,91,44,89,-1,89,44,46,-1,89,46,85,-1,85,46,86,-1,86,46,48,-1,86,48,82,-1,82,48,50,-1,82,50,52,-1,78,54,75,-1,75,54,56,-1,75,56,70,-1,20,21,18,-1,18,21,24,-1,18,24,14,-1,14,24,26,-1,14,26,12,-1,12,26,28,-1,12,28,101,-1,101,28,30,-1,101,30,105,-1,105,30,32,-1,105,32,103,-1,103,32,34,-1,103,34,100,-1,100,34,36,-1,100,36,98,-1,98,36,38,-1,98,38,94,-1,94,38,95,-1,95,38,40,-1,95,40,91,-1,91,40,42,-1,91,42,44,-1,56,58,70,-1,70,58,60,-1,70,60,72,-1,72,60,62,-1,72,62,67,-1,67,62,64,-1,67,64,66,-1,108,109,110,-1,110,109,111,-1,112,113,114,-1,114,113,108,-1,114,108,110,-1,115,113,116,-1,116,113,112,-1,115,116,117,-1,117,116,118,-1,117,118,119,-1,120,117,121,-1,121,117,119,-1,122,123,124,-1,124,123,120,-1,124,120,121,-1,125,123,126,-1,126,123,122,-1,127,128,129,-1,129,128,125,-1,129,125,126,-1,130,128,131,-1,131,128,127,-1,132,133,134,-1,134,133,130,-1,134,130,131,-1,135,133,136,-1,136,133,132,-1,111,109,137,-1,137,109,135,-1,137,135,136,-1,135,109,108,-1,108,113,135,-1,135,113,115,-1,135,115,133,-1,128,130,125,-1,125,130,133,-1,125,133,123,-1,123,133,115,-1,123,115,120,-1,120,115,117,-1,138,139,140,-1,140,139,141,-1,140,141,142,-1,142,141,143,-1,142,143,144,-1,144,143,145,-1,144,145,146,-1,146,145,147,-1,146,147,148,-1,148,147,149,-1,148,149,150,-1,150,149,151,-1,150,151,152,-1,152,151,153,-1,152,153,154,-1,154,153,155,-1,154,155,156,-1,156,155,157,-1,156,157,158,-1,158,157,159,-1,158,159,160,-1,160,159,161,-1,160,161,162,-1,162,161,163,-1,162,163,164,-1,164,163,165,-1,164,165,166,-1,166,165,167,-1,166,167,168,-1,168,167,169,-1,168,169,170,-1,170,169,171,-1,170,171,172,-1,172,171,138,-1,172,138,140,-1,146,148,173,-1,173,148,174,-1,175,140,142,-1,146,173,176,-1,146,176,144,-1,144,176,177,-1,144,177,142,-1,142,177,178,-1,142,178,175,-1,140,175,179,-1,140,179,172,-1,172,179,180,-1,172,180,170,-1,170,180,181,-1,170,181,168,-1,168,181,182,-1,168,182,166,-1,166,182,183,-1,166,183,164,-1,164,183,184,-1,164,184,162,-1,162,184,185,-1,162,185,160,-1,160,185,186,-1,160,186,158,-1,158,186,187,-1,188,154,187,-1,187,154,156,-1,187,156,158,-1,188,189,154,-1,154,189,190,-1,154,190,152,-1,150,152,191,-1,191,152,190,-1,148,150,174,-1,174,150,191,-1,153,151,192,-1,192,151,193,-1,151,149,193,-1,193,149,194,-1,149,147,194,-1,194,147,195,-1,139,196,197,-1,139,197,141,-1,141,197,198,-1,141,198,143,-1,143,198,199,-1,143,199,145,-1,145,199,195,-1,145,195,147,-1,167,200,201,-1,167,201,169,-1,169,201,202,-1,169,202,171,-1,171,202,203,-1,171,203,138,-1,138,203,196,-1,138,196,139,-1,159,204,205,-1,159,205,161,-1,161,205,206,-1,161,206,163,-1,163,206,207,-1,163,207,165,-1,165,207,200,-1,165,200,167,-1,153,192,208,-1,153,208,155,-1,155,208,209,-1,155,209,157,-1,157,209,204,-1,157,204,159,-1,
        ]
    }
}
Shape{
    appearance Appearance {
        material  Material 	{
            diffuseColor 0.7529411764705882 0.7529411764705882 0.7529411764705882
            specularColor 0.3764705882352941 0.3764705882352941 0.3764705882352941
            ambientIntensity 0.7529
            transparency 0.0
            shininess 0.5
        }
    }
    geometry IndexedFaceSet {
        ccw TRUE
        solid FALSE
        coord DEF co Coordinate {
            point [
                -0.0752 1.4982 0.748, -0.0752 1.3953 0.748, -0.055 1.4982 0.748, -0.0558 1.3953 0.748, -0.0374 1.3975 0.748, -0.0264 1.4018 0.748, -0.0178 1.4077 0.748, -0.0162 1.4092 0.748, -0.0096 1.4173 0.748, -0.005 1.4271 0.748, -0.0019 1.448 0.748, -0.0165 1.4856 0.748, -0.0255 1.4917 0.748, -0.0039 1.4647 0.748, -0.0076 1.4744 0.748, -0.0128 1.4819 0.748, -0.0024 1.4393 0.748, -0.037 1.4961 0.748
            ]
        }
        coordIndex [
            0,1,2,-1,2,1,3,-1,3,4,2,-1,2,4,5,-1,2,5,6,-1,6,7,2,-1,2,7,8,-1,2,8,9,-1,10,11,12,-1,13,14,10,-1,10,14,15,-1,10,15,11,-1,9,16,2,-1,2,16,10,-1,2,10,17,-1,17,10,12,-1,
        ]
    }
}
Shape{
    appearance Appearance {
        material  Material 	{
            diffuseColor 0.0 0.0 0.0
            specularColor 0.0 0.0 0.0
            ambientIntensity 0.0
            transparency 0.0
            shininess 0.5
        }
    }
    geometry IndexedFaceSet {
        ccw TRUE
        solid FALSE
        coord DEF co Coordinate {
            point [
                0.0609 1.4317 0.752, 0.0555 1.4166 0.752, 0.1057 1.4317 0.752, 0.111 1.4166 0.752, 0.0809 1.4871 0.752, 0.0744 1.5135 0.752, 0.0236 1.3801 0.752, 0.0427 1.3801 0.752, 0.082 1.4911 0.752, 0.0831 1.4965 0.752, 0.0929 1.5135 0.752, 0.0835 1.4965 0.752, 0.0846 1.4908 0.752, 0.0856 1.4871 0.752, 0.1437 1.3801 0.752, 0.1247 1.3801 0.752, 0.0929 1.5135 0.748, 0.1437 1.3801 0.748, 0.0744 1.5135 0.748, 0.0236 1.3801 0.748, 0.0621 1.4811 0.748, 0.0427 1.3801 0.748, 0.0555 1.4166 0.748, 0.111 1.4166 0.748, 0.0621 1.4166 0.748, 0.1247 1.3801 0.748, 0.0609 1.4317 0.748, 0.1057 1.4317 0.748, 0.0856 1.4871 0.748, 0.0835 1.4965 0.748, 0.0846 1.4908 0.748, 0.0831 1.4965 0.748, 0.0809 1.4871 0.748, 0.082 1.4911 0.748
            ]
        }
        coordIndex [
            0,1,2,-1,2,1,3,-1,4,5,0,-1,0,5,6,-1,0,6,1,-1,1,6,7,-1,4,8,5,-1,5,8,9,-1,5,9,10,-1,10,9,11,-1,10,11,12,-1,12,13,10,-1,10,13,2,-1,10,2,14,-1,14,2,3,-1,14,3,15,-1,10,14,16,-1,16,14,17,-1,5,10,18,-1,18,10,16,-1,19,6,20,-1,20,6,5,-1,20,5,18,-1,7,6,21,-1,21,6,19,-1,1,7,22,-1,22,7,21,-1,23,3,24,-1,24,3,1,-1,24,1,22,-1,15,3,25,-1,25,3,23,-1,14,15,17,-1,17,15,25,-1,0,2,26,-1,26,2,27,-1,2,13,27,-1,27,13,28,-1,11,29,30,-1,11,30,12,-1,12,30,28,-1,12,28,13,-1,11,9,29,-1,29,9,31,-1,4,32,33,-1,4,33,8,-1,8,33,31,-1,8,31,9,-1,4,0,32,-1,32,0,26,-1,
        ]
    }
}
Shape{
    appearance Appearance {
        material  Material 	{
            diffuseColor 0.7529411764705882 0.7529411764705882 0.7529411764705882
            specularColor 0.3764705882352941 0.3764705882352941 0.3764705882352941
            ambientIntensity 0.7529
            transparency 0.0
            shininess 0.5
        }
    }
    geometry IndexedFaceSet {
        ccw TRUE
        solid FALSE
        coord DEF co Coordinate {
            point [
                0.0835 1.4965 0.748, 0.0831 1.4965 0.748, 0.0846 1.4908 0.748, 0.082 1.4911 0.748, 0.0856 1.4871 0.748, 0.0809 1.4871 0.748, 0.1057 1.4317 0.748, 0.0609 1.4317 0.748
            ]
        }
        coordIndex [
            0,1,2,-1,2,1,3,-1,2,3,4,-1,4,3,5,-1,4,5,6,-1,6,5,7,-1,
        ]
    }
}
Shape{
    appearance Appearance {
        material  Material 	{
            diffuseColor 0.0 0.0 0.0
            specularColor 0.0 0.0 0.0
            ambientIntensity 0.0
            transparency 0.0
            shininess 0.5
        }
    }
    geometry IndexedFaceSet {
        ccw TRUE
        solid FALSE
        coord DEF co Coordinate {
            point [
                -0.3201 1.1836 0.752, -0.3201 1.1684 0.752, -0.3201 1.1836 0.748, -0.3201 1.1684 0.748, -0.3747 1.1836 0.752, -0.3747 1.1836 0.748, -0.3747 1.2285 0.752, -0.3747 1.2285 0.748, -0.3269 1.2285 0.752, -0.3269 1.2285 0.748, -0.3269 1.2438 0.752, -0.3269 1.2438 0.748, -0.3747 1.2438 0.752, -0.3747 1.2438 0.748, -0.3747 1.2865 0.752, -0.3747 1.2865 0.748, -0.3231 1.2865 0.752, -0.3231 1.2865 0.748, -0.3231 1.3018 0.752, -0.3231 1.3018 0.748, -0.3919 1.3018 0.752, -0.3919 1.3018 0.748, -0.3919 1.1684 0.752, -0.3919 1.1684 0.748, -0.2442 1.1684 0.752, -0.2275 1.1684 0.752, -0.2442 1.1831 0.752, -0.2275 1.2297 0.752, -0.2442 1.229 0.752, -0.2807 1.2089 0.752, -0.2768 1.2108 0.752, -0.2447 1.1831 0.752, -0.2535 1.1856 0.752, -0.2474 1.179 0.752, -0.2582 1.1824 0.752, -0.2665 1.2132 0.752, -0.2442 1.2162 0.752, -0.2442 1.2071 0.752, -0.2443 1.206 0.752, -0.2453 1.1985 0.752, -0.2478 1.1925 0.752, -0.2514 1.1876 0.752, -0.2448 1.2364 0.752, -0.2288 1.2423 0.752, -0.2465 1.2423 0.752, -0.2314 1.25 0.752, -0.2485 1.2458 0.752, -0.2348 1.2554 0.752, -0.251 1.2484 0.752, -0.2393 1.2596 0.752, -0.254 1.2504 0.752, -0.2448 1.2628 0.752, -0.2579 1.2517 0.752, -0.2519 1.265 0.752, -0.2635 1.2523 0.752, -0.262 1.2659 0.752, -0.2742 1.2511 0.752, -0.2789 1.2638 0.752, -0.2847 1.2474 0.752, -0.2913 1.259 0.752, -0.2948 1.2408 0.752, -0.2948 1.257 0.752, -0.2837 1.1856 0.752, -0.2959 1.1736 0.752, -0.2823 1.1842 0.752, -0.2903 1.1697 0.752, -0.279 1.1819 0.752, -0.2839 1.1673 0.752, -0.2752 1.1805 0.752, -0.2739 1.1661 0.752, -0.2695 1.1799 0.752, -0.2652 1.1671 0.752, -0.2633 1.1806 0.752, -0.2584 1.1696 0.752, -0.2527 1.1734 0.752, -0.287 1.1979 0.752, -0.304 1.1961 0.752, -0.2872 1.1953 0.752, -0.3041 1.1939 0.752, -0.2867 1.1914 0.752, -0.3033 1.1863 0.752, -0.2856 1.1884 0.752, -0.3013 1.1807 0.752, -0.2978 1.1755 0.752, -0.2725 1.225 0.752, -0.2849 1.222 0.752, -0.2827 1.2073 0.752, -0.2921 1.2184 0.752, -0.2847 1.2049 0.752, -0.2973 1.2139 0.752, -0.2862 1.2018 0.752, -0.3006 1.2092 0.752, -0.3029 1.2033 0.752, -0.262 1.2659 0.748, -0.2789 1.2638 0.748, -0.2913 1.259 0.748, -0.2948 1.257 0.748, -0.2948 1.2408 0.748, -0.2847 1.2474 0.748, -0.2742 1.2511 0.748, -0.2635 1.2523 0.748, -0.2579 1.2517 0.748, -0.254 1.2504 0.748, -0.251 1.2484 0.748, -0.2485 1.2458 0.748, -0.2465 1.2423 0.748, -0.2448 1.2364 0.748, -0.2442 1.229 0.748, -0.2725 1.225 0.748, -0.2849 1.222 0.748, -0.2921 1.2184 0.748, -0.2973 1.2139 0.748, -0.3006 1.2092 0.748, -0.3029 1.2033 0.748, -0.304 1.1961 0.748, -0.3041 1.1939 0.748, -0.3033 1.1863 0.748, -0.3013 1.1807 0.748, -0.2978 1.1755 0.748, -0.2959 1.1736 0.748, -0.2739 1.1661 0.748, -0.2836 1.1673 0.748, -0.2839 1.1673 0.748, -0.2903 1.1697 0.748, -0.2652 1.1671 0.748, -0.2648 1.1673 0.748, -0.2584 1.1696 0.748, -0.2527 1.1734 0.748, -0.2474 1.179 0.748, -0.2447 1.1831 0.748, -0.2442 1.1831 0.748, -0.2442 1.1684 0.748, -0.2275 1.1684 0.748, -0.2275 1.2297 0.748, -0.2288 1.2423 0.748, -0.2314 1.25 0.748, -0.2348 1.2554 0.748, -0.2393 1.2596 0.748, -0.2448 1.2628 0.748, -0.2519 1.265 0.748, -0.2827 1.2073 0.748, -0.2807 1.2089 0.748, -0.2768 1.2108 0.748, -0.2665 1.2132 0.748, -0.2872 1.1953 0.748, -0.287 1.1979 0.748, -0.2862 1.2018 0.748, -0.2847 1.2049 0.748, -0.2823 1.1842 0.748, -0.2837 1.1856 0.748, -0.2856 1.1884 0.748, -0.2867 1.1914 0.748, -0.2695 1.1799 0.748, -0.2752 1.1805 0.748, -0.279 1.1819 0.748, -0.2514 1.1876 0.748, -0.2535 1.1856 0.748, -0.2582 1.1824 0.748, -0.2633 1.1806 0.748, -0.2442 1.2071 0.748, -0.2443 1.206 0.748, -0.2453 1.1985 0.748, -0.2478 1.1925 0.748, -0.2442 1.2162 0.748
            ]
        }
        coordIndex [
            0,1,2,-1,2,1,3,-1,4,0,5,-1,5,0,2,-1,6,4,7,-1,7,4,5,-1,8,6,9,-1,9,6,7,-1,10,8,11,-1,11,8,9,-1,12,10,13,-1,13,10,11,-1,14,12,15,-1,15,12,13,-1,16,14,17,-1,17,14,15,-1,18,16,19,-1,19,16,17,-1,20,18,21,-1,21,18,19,-1,22,20,23,-1,23,20,21,-1,1,22,3,-1,3,22,23,-1,22,1,0,-1,0,4,22,-1,22,4,6,-1,22,6,20,-1,16,18,14,-1,14,18,20,-1,14,20,12,-1,12,20,6,-1,12,6,10,-1,10,6,8,-1,24,25,26,-1,26,25,27,-1,28,29,30,-1,31,32,33,-1,33,32,34,-1,35,36,27,-1,27,36,37,-1,37,38,27,-1,27,38,39,-1,27,39,26,-1,26,39,40,-1,26,40,31,-1,31,40,41,-1,31,41,32,-1,30,35,28,-1,28,35,27,-1,28,27,42,-1,42,27,43,-1,42,43,44,-1,44,43,45,-1,44,45,46,-1,46,45,47,-1,46,47,48,-1,48,47,49,-1,48,49,50,-1,50,49,51,-1,50,51,52,-1,52,51,53,-1,52,53,54,-1,54,53,55,-1,54,55,56,-1,56,55,57,-1,56,57,58,-1,58,57,59,-1,58,59,60,-1,60,59,61,-1,62,63,64,-1,64,63,65,-1,64,65,66,-1,66,65,67,-1,66,67,68,-1,68,67,69,-1,68,69,70,-1,70,69,71,-1,70,71,72,-1,72,71,73,-1,72,73,34,-1,34,73,74,-1,34,74,33,-1,75,76,77,-1,77,76,78,-1,77,78,79,-1,79,78,80,-1,79,80,81,-1,81,80,82,-1,81,82,62,-1,62,82,83,-1,62,83,63,-1,28,84,29,-1,29,84,85,-1,29,85,86,-1,86,85,87,-1,86,87,88,-1,88,87,89,-1,88,89,90,-1,90,89,91,-1,90,91,75,-1,75,91,92,-1,75,92,76,-1,55,93,94,-1,55,94,57,-1,57,94,95,-1,57,95,59,-1,59,95,96,-1,59,96,61,-1,60,61,97,-1,97,61,96,-1,60,97,98,-1,60,98,58,-1,58,98,99,-1,58,99,56,-1,56,99,100,-1,56,100,54,-1,54,100,101,-1,54,101,52,-1,52,101,102,-1,52,102,50,-1,50,102,103,-1,50,103,48,-1,48,103,104,-1,48,104,46,-1,46,104,105,-1,46,105,44,-1,44,105,106,-1,44,106,42,-1,42,106,107,-1,42,107,28,-1,84,28,108,-1,108,28,107,-1,84,108,109,-1,84,109,85,-1,85,109,110,-1,85,110,87,-1,87,110,111,-1,87,111,89,-1,89,111,112,-1,89,112,91,-1,91,112,113,-1,91,113,92,-1,92,113,114,-1,92,114,76,-1,76,114,115,-1,76,115,78,-1,78,115,116,-1,78,116,80,-1,80,116,117,-1,80,117,82,-1,82,117,118,-1,82,118,83,-1,83,118,119,-1,83,119,63,-1,120,69,121,-1,121,69,67,-1,121,67,122,-1,122,67,65,-1,122,65,123,-1,123,65,63,-1,123,63,119,-1,69,120,124,-1,69,124,71,-1,71,124,125,-1,71,125,73,-1,125,126,73,-1,73,126,127,-1,73,127,74,-1,74,127,128,-1,74,128,33,-1,33,128,129,-1,33,129,31,-1,26,31,130,-1,130,31,129,-1,24,26,131,-1,131,26,130,-1,25,24,132,-1,132,24,131,-1,27,25,133,-1,133,25,132,-1,27,133,134,-1,27,134,43,-1,43,134,135,-1,43,135,45,-1,45,135,136,-1,45,136,47,-1,47,136,137,-1,47,137,49,-1,49,137,138,-1,49,138,51,-1,51,138,139,-1,51,139,53,-1,53,139,93,-1,53,93,55,-1,86,140,141,-1,86,141,29,-1,29,141,142,-1,29,142,30,-1,30,142,143,-1,30,143,35,-1,77,144,145,-1,77,145,75,-1,75,145,146,-1,75,146,90,-1,90,146,147,-1,90,147,88,-1,88,147,140,-1,88,140,86,-1,64,148,149,-1,64,149,62,-1,62,149,150,-1,62,150,81,-1,81,150,151,-1,81,151,79,-1,79,151,144,-1,79,144,77,-1,70,152,153,-1,70,153,68,-1,68,153,154,-1,68,154,66,-1,66,154,148,-1,66,148,64,-1,41,155,156,-1,41,156,32,-1,32,156,157,-1,32,157,34,-1,34,157,158,-1,34,158,72,-1,72,158,152,-1,72,152,70,-1,37,159,160,-1,37,160,38,-1,38,160,161,-1,38,161,39,-1,39,161,162,-1,39,162,40,-1,40,162,155,-1,40,155,41,-1,37,36,159,-1,159,36,163,-1,36,35,163,-1,163,35,143,-1,
        ]
    }
}
Shape{
    appearance Appearance {
        material  Material 	{
            diffuseColor 0.7529411764705882 0.7529411764705882 0.7529411764705882
            specularColor 0.3764705882352941 0.3764705882352941 0.3764705882352941
            ambientIntensity 0.7529
            transparency 0.0
            shininess 0.5
        }
    }
    geometry IndexedFaceSet {
        ccw TRUE
        solid FALSE
        coord DEF co Coordinate {
            point [
                -0.2443 1.206 0.748, -0.2442 1.2071 0.748, -0.2827 1.2073 0.748, -0.2442 1.2162 0.748, -0.2665 1.2132 0.748, -0.2768 1.2108 0.748, -0.2807 1.2089 0.748, -0.2453 1.1985 0.748, -0.2847 1.2049 0.748, -0.2478 1.1925 0.748, -0.2837 1.1856 0.748, -0.2823 1.1842 0.748, -0.2535 1.1856 0.748, -0.2856 1.1884 0.748, -0.2582 1.1824 0.748, -0.2633 1.1806 0.748, -0.2695 1.1799 0.748, -0.2862 1.2018 0.748, -0.287 1.1979 0.748, -0.2514 1.1876 0.748, -0.2872 1.1953 0.748, -0.2867 1.1914 0.748, -0.279 1.1819 0.748, -0.2752 1.1805 0.748
            ]
        }
        coordIndex [
            0,1,2,-1,1,3,4,-1,4,5,1,-1,1,5,6,-1,1,6,2,-1,0,2,7,-1,7,2,8,-1,7,8,9,-1,10,11,12,-1,10,12,13,-1,14,12,15,-1,15,12,16,-1,8,17,9,-1,9,17,18,-1,9,18,19,-1,19,18,20,-1,19,20,12,-1,12,20,21,-1,12,21,13,-1,11,22,12,-1,12,22,23,-1,12,23,16,-1,
        ]
    }
}
Shape{
    appearance Appearance {
        material  Material 	{
            diffuseColor 0.0 0.0 0.0
            specularColor 0.0 0.0 0.0
            ambientIntensity 0.0
            transparency 0.0
            shininess 0.5
        }
    }
    geometry IndexedFaceSet {
        ccw TRUE
        solid FALSE
        coord DEF co Coordinate {
            point [
                -0.2049 1.189 0.748, -0.2049 1.189 0.752, -0.1984 1.185 0.752, -0.1774 1.1798 0.752, -0.1774 1.1798 0.748, -0.188 1.181 0.748, -0.188 1.181 0.752, -0.1971 1.1845 0.748, -0.1984 1.185 0.748, -0.2049 1.1717 0.752, -0.2049 1.1717 0.748, -0.1944 1.1679 0.752, -0.1971 1.1689 0.748, -0.179 1.1661 0.748, -0.179 1.1661 0.752, -0.1888 1.1673 0.748, -0.1944 1.1679 0.748, -0.1676 1.1673 0.748, -0.1661 1.1674 0.752, -0.1661 1.1674 0.748, -0.1567 1.1705 0.748, -0.1567 1.1705 0.752, -0.1512 1.1737 0.748, -0.1512 1.1737 0.752, -0.1465 1.1779 0.748, -0.1465 1.1779 0.752, -0.1433 1.1823 0.748, -0.1433 1.1823 0.752, -0.1413 1.1876 0.748, -0.1413 1.1876 0.752, -0.1405 1.1943 0.748, -0.1405 1.1943 0.752, -0.1412 1.2005 0.748, -0.1412 1.2005 0.752, -0.143 1.2055 0.748, -0.143 1.2055 0.752, -0.1461 1.2101 0.748, -0.1461 1.2101 0.752, -0.1501 1.2136 0.748, -0.1501 1.2136 0.752, -0.1612 1.2198 0.748, -0.1612 1.2198 0.752, -0.1677 1.2224 0.748, -0.1677 1.2224 0.752, -0.178 1.2269 0.748, -0.178 1.2269 0.752, -0.1839 1.2306 0.748, -0.1839 1.2306 0.752, -0.1855 1.2324 0.748, -0.1855 1.2324 0.752, -0.1867 1.2347 0.748, -0.1867 1.2347 0.752, -0.1874 1.2373 0.748, -0.1874 1.2373 0.752, -0.1875 1.2395 0.748, -0.1875 1.2395 0.752, -0.1872 1.2421 0.748, -0.1872 1.2421 0.752, -0.1864 1.2444 0.748, -0.1864 1.2444 0.752, -0.185 1.2465 0.748, -0.185 1.2465 0.752, -0.1825 1.2488 0.748, -0.1825 1.2488 0.752, -0.1787 1.2508 0.748, -0.1787 1.2508 0.752, -0.1742 1.2519 0.748, -0.1742 1.2519 0.752, -0.1693 1.2523 0.748, -0.1693 1.2523 0.752, -0.1583 1.2511 0.748, -0.1583 1.2511 0.752, -0.1489 1.2476 0.748, -0.1489 1.2476 0.752, -0.1451 1.2454 0.748, -0.1451 1.2454 0.752, -0.1451 1.2617 0.752, -0.1451 1.2617 0.748, -0.1562 1.2649 0.748, -0.1562 1.2649 0.752, -0.1677 1.2659 0.748, -0.1677 1.2659 0.752, -0.1797 1.2646 0.748, -0.1797 1.2646 0.752, -0.1889 1.2614 0.748, -0.1889 1.2614 0.752, -0.1941 1.2583 0.748, -0.1941 1.2583 0.752, -0.199 1.2539 0.752, -0.1971 1.2555 0.748, -0.199 1.2539 0.748, -0.2021 1.2493 0.748, -0.2021 1.2493 0.752, -0.2041 1.244 0.748, -0.2041 1.244 0.752, -0.2048 1.238 0.748, -0.2048 1.238 0.752, -0.204 1.2315 0.748, -0.204 1.2315 0.752, -0.2022 1.2264 0.748, -0.2022 1.2264 0.752, -0.2 1.2229 0.748, -0.2 1.2229 0.752, -0.1795 1.2103 0.748, -0.1795 1.2103 0.752, -0.1894 1.2148 0.752, -0.1973 1.22 0.748, -0.1973 1.22 0.752, -0.1971 1.2199 0.748, -0.1894 1.2148 0.748, -0.1685 1.2057 0.748, -0.1685 1.2057 0.752, -0.162 1.2018 0.748, -0.162 1.2018 0.752, -0.1599 1.1996 0.748, -0.1599 1.1996 0.752, -0.1586 1.1974 0.748, -0.1586 1.1974 0.752, -0.1578 1.1948 0.748, -0.1578 1.1948 0.752, -0.1577 1.1927 0.748, -0.1577 1.1927 0.752, -0.158 1.1895 0.748, -0.158 1.1895 0.752, -0.1589 1.1871 0.748, -0.1589 1.1871 0.752, -0.1603 1.185 0.748, -0.1603 1.185 0.752, -0.1622 1.1833 0.748, -0.1622 1.1833 0.752, -0.1638 1.1823 0.748, -0.1638 1.1823 0.752, -0.1681 1.1807 0.748, -0.1681 1.1807 0.752, -0.1766 1.1798 0.748, -0.1766 1.1798 0.752, -0.0576 1.2637 0.752, -0.0403 1.2637 0.752, -0.0576 1.2637 0.748, -0.0403 1.2637 0.748, -0.0837 1.1919 0.752, -0.0837 1.1919 0.748, -0.0849 1.1875 0.748, -0.0849 1.1875 0.752, -0.0857 1.1842 0.748, -0.0857 1.1842 0.752, -0.0862 1.1842 0.752, -0.0862 1.1842 0.748, -0.0882 1.1921 0.752, -0.0882 1.1921 0.748, -0.1131 1.2637 0.748, -0.1131 1.2637 0.752, -0.105 1.2405 0.748, -0.1318 1.2637 0.752, -0.1318 1.2637 0.748, -0.0944 1.1686 0.748, -0.0944 1.1686 0.752, -0.105 1.1956 0.748, -0.1017 1.1513 0.748, -0.1017 1.1513 0.752, -0.095 1.1673 0.748, -0.105 1.1452 0.748, -0.105 1.1452 0.752, -0.105 1.1452 0.748, -0.1082 1.1418 0.748, -0.1082 1.1418 0.752, -0.1111 1.1397 0.748, -0.1111 1.1397 0.752, -0.1147 1.1383 0.748, -0.1147 1.1383 0.752, -0.1189 1.1378 0.748, -0.1189 1.1378 0.752, -0.1249 1.1386 0.748, -0.1249 1.1386 0.752, -0.1284 1.1397 0.748, -0.1284 1.1397 0.752, -0.1284 1.1249 0.752, -0.1284 1.1249 0.748, -0.1213 1.1236 0.748, -0.1213 1.1236 0.752, -0.1176 1.1235 0.748, -0.1176 1.1235 0.752, -0.1108 1.1243 0.748, -0.1108 1.1243 0.752, -0.105 1.1265 0.748, -0.1042 1.1268 0.752, -0.1042 1.1268 0.748, -0.0984 1.1309 0.748, -0.0984 1.1309 0.752, -0.0972 1.1319 0.748, -0.0972 1.1319 0.752, -0.0911 1.1393 0.748, -0.0911 1.1393 0.752, -0.0836 1.154 0.748, -0.0836 1.154 0.752, -0.0783 1.1673 0.748, 0.0495 1.1836 0.752, 0.0495 1.1684 0.752, 0.0495 1.1836 0.748, 0.0495 1.1684 0.748, -0.0051 1.1836 0.748, -0.0051 1.1836 0.752, 0.0199 1.1836 0.748, -0.0051 1.2285 0.752, -0.0051 1.2285 0.748, 0.0427 1.2285 0.748, 0.0427 1.2285 0.752, 0.0199 1.2285 0.748, 0.0427 1.2438 0.752, 0.0427 1.2438 0.748, -0.0051 1.2438 0.748, -0.0051 1.2438 0.752, 0.0199 1.2438 0.748, -0.0051 1.2865 0.752, -0.0051 1.2865 0.748, 0.0464 1.2865 0.748, 0.0464 1.2865 0.752, 0.0199 1.2865 0.748, 0.0464 1.3018 0.752, 0.0464 1.3018 0.748, -0.0223 1.3018 0.748, -0.0223 1.3018 0.752, 0.0199 1.3018 0.748, -0.0223 1.1684 0.752, -0.0223 1.1684 0.748, 0.0199 1.1684 0.748, 0.1575 1.2056 0.752, 0.151 1.1975 0.752, 0.1632 1.1871 0.752, 0.1494 1.196 0.752, 0.1492 1.1771 0.752, 0.1407 1.1901 0.752, 0.134 1.1711 0.752, 0.1297 1.1858 0.752, 0.1114 1.1684 0.752, 0.1113 1.1836 0.752, 0.0747 1.1684 0.752, 0.0919 1.1836 0.752, 0.0747 1.3018 0.752, 0.0919 1.2865 0.752, 0.1128 1.3018 0.752, 0.1121 1.2865 0.752, 0.1331 1.2996 0.752, 0.1302 1.2844 0.752, 0.1492 1.2937 0.752, 0.1416 1.28 0.752, 0.1632 1.2842 0.752, 0.1506 1.2739 0.752, 0.1679 1.2795 0.752, 0.1544 1.2702 0.752, 0.1762 1.2679 0.752, 0.1595 1.2627 0.752, 0.1811 1.2551 0.752, 0.1633 1.253 0.752, 0.1833 1.2368 0.752, 0.1652 1.2363 0.752, 0.1829 1.2283 0.752, 0.1647 1.2276 0.752, 0.1797 1.2127 0.752, 0.1621 1.2154 0.752, 0.1731 1.1989 0.752, 0.1114 1.1684 0.748, 0.0747 1.1684 0.748, 0.134 1.1711 0.748, 0.1492 1.1771 0.748, 0.1632 1.1871 0.748, 0.1731 1.1989 0.748, 0.1797 1.2127 0.748, 0.1829 1.2283 0.748, 0.1833 1.2368 0.748, 0.1811 1.2551 0.748, 0.1762 1.2679 0.748, 0.1679 1.2795 0.748, 0.1632 1.2842 0.748, 0.1492 1.2937 0.748, 0.1331 1.2996 0.748, 0.1128 1.3018 0.748, 0.0747 1.3018 0.748, 0.1121 1.2865 0.748, 0.0919 1.2865 0.748, 0.0919 1.1836 0.748, 0.1113 1.1836 0.748, 0.151 1.1975 0.748, 0.1494 1.196 0.748, 0.1407 1.1901 0.748, 0.1297 1.1858 0.748, 0.1652 1.2363 0.748, 0.1647 1.2276 0.748, 0.1621 1.2154 0.748, 0.1575 1.2056 0.748, 0.1506 1.2739 0.748, 0.1544 1.2702 0.748, 0.1595 1.2627 0.748, 0.1633 1.253 0.748, 0.1302 1.2844 0.748, 0.1416 1.28 0.748
            ]
        }
        coordIndex [
            0,1,2,-1,3,4,5,-1,3,5,6,-1,6,5,7,-1,6,7,2,-1,2,7,8,-1,2,8,0,-1,9,1,10,-1,10,1,0,-1,9,10,11,-1,11,10,12,-1,13,14,15,-1,15,14,11,-1,15,11,16,-1,16,11,12,-1,13,17,14,-1,14,17,18,-1,17,19,18,-1,18,19,20,-1,18,20,21,-1,21,20,22,-1,21,22,23,-1,23,22,24,-1,23,24,25,-1,25,24,26,-1,25,26,27,-1,27,26,28,-1,27,28,29,-1,29,28,30,-1,29,30,31,-1,31,30,32,-1,31,32,33,-1,33,32,34,-1,33,34,35,-1,35,34,36,-1,35,36,37,-1,37,36,38,-1,37,38,39,-1,39,38,40,-1,39,40,41,-1,41,40,42,-1,41,42,43,-1,43,42,44,-1,43,44,45,-1,45,44,46,-1,45,46,47,-1,47,46,48,-1,47,48,49,-1,49,48,50,-1,49,50,51,-1,51,50,52,-1,51,52,53,-1,53,52,54,-1,53,54,55,-1,55,54,56,-1,55,56,57,-1,57,56,58,-1,57,58,59,-1,59,58,60,-1,59,60,61,-1,61,60,62,-1,61,62,63,-1,63,62,64,-1,63,64,65,-1,65,64,66,-1,65,66,67,-1,67,66,68,-1,67,68,69,-1,69,68,70,-1,69,70,71,-1,71,70,72,-1,71,72,73,-1,73,72,74,-1,73,74,75,-1,76,75,77,-1,77,75,74,-1,76,77,78,-1,76,78,79,-1,79,78,80,-1,79,80,81,-1,81,80,82,-1,81,82,83,-1,83,82,84,-1,83,84,85,-1,85,84,86,-1,85,86,87,-1,87,86,88,-1,88,86,89,-1,89,90,88,-1,88,90,91,-1,88,91,92,-1,92,91,93,-1,92,93,94,-1,94,93,95,-1,94,95,96,-1,96,95,97,-1,96,97,98,-1,98,97,99,-1,98,99,100,-1,100,99,101,-1,100,101,102,-1,103,104,105,-1,102,101,106,-1,102,106,107,-1,107,106,108,-1,107,108,105,-1,105,108,109,-1,105,109,103,-1,104,103,110,-1,104,110,111,-1,111,110,112,-1,111,112,113,-1,113,112,114,-1,113,114,115,-1,115,114,116,-1,115,116,117,-1,117,116,118,-1,117,118,119,-1,119,118,120,-1,119,120,121,-1,121,120,122,-1,121,122,123,-1,123,122,124,-1,123,124,125,-1,125,124,126,-1,125,126,127,-1,127,126,128,-1,127,128,129,-1,129,128,130,-1,129,130,131,-1,131,130,132,-1,131,132,133,-1,133,132,134,-1,133,134,135,-1,135,134,4,-1,135,4,3,-1,61,63,85,-1,85,63,83,-1,45,104,43,-1,43,104,111,-1,43,111,41,-1,14,3,11,-1,11,3,6,-1,11,6,9,-1,9,6,2,-1,9,2,1,-1,63,65,83,-1,83,65,67,-1,83,67,81,-1,81,67,69,-1,81,69,79,-1,79,69,71,-1,79,71,76,-1,76,71,73,-1,76,73,75,-1,41,111,39,-1,39,111,113,-1,39,113,37,-1,37,113,115,-1,37,115,35,-1,35,115,117,-1,35,117,33,-1,33,117,119,-1,33,119,31,-1,31,119,121,-1,31,121,29,-1,29,121,123,-1,29,123,27,-1,27,123,125,-1,27,125,25,-1,25,125,127,-1,25,127,23,-1,23,127,129,-1,23,129,21,-1,21,129,131,-1,21,131,18,-1,18,131,133,-1,18,133,14,-1,14,133,135,-1,14,135,3,-1,85,87,61,-1,61,87,88,-1,61,88,59,-1,59,88,92,-1,59,92,57,-1,57,92,94,-1,57,94,55,-1,55,94,96,-1,55,96,53,-1,53,96,98,-1,53,98,51,-1,51,98,100,-1,51,100,49,-1,49,100,102,-1,49,102,47,-1,47,102,107,-1,47,107,45,-1,45,107,105,-1,45,105,104,-1,136,137,138,-1,138,137,139,-1,140,136,141,-1,141,136,138,-1,140,141,142,-1,140,142,143,-1,143,142,144,-1,143,144,145,-1,146,145,147,-1,147,145,144,-1,148,146,149,-1,149,146,147,-1,150,151,152,-1,152,151,148,-1,152,148,149,-1,153,151,154,-1,154,151,150,-1,155,156,157,-1,157,156,153,-1,157,153,154,-1,158,159,160,-1,160,159,156,-1,160,156,155,-1,158,161,159,-1,159,161,162,-1,161,163,162,-1,162,163,164,-1,162,164,165,-1,165,164,166,-1,165,166,167,-1,167,166,168,-1,167,168,169,-1,169,168,170,-1,169,170,171,-1,171,170,172,-1,171,172,173,-1,173,172,174,-1,173,174,175,-1,176,175,177,-1,177,175,174,-1,176,177,178,-1,176,178,179,-1,179,178,180,-1,179,180,181,-1,181,180,182,-1,181,182,183,-1,183,182,184,-1,183,184,185,-1,184,186,185,-1,185,186,187,-1,185,187,188,-1,188,187,189,-1,188,189,190,-1,190,189,191,-1,190,191,192,-1,192,191,193,-1,192,193,194,-1,139,137,195,-1,195,137,194,-1,195,194,193,-1,143,145,194,-1,137,136,194,-1,194,136,140,-1,194,140,143,-1,151,153,148,-1,148,153,156,-1,148,156,146,-1,175,176,173,-1,173,176,179,-1,173,179,171,-1,171,179,181,-1,171,181,169,-1,169,181,183,-1,169,183,167,-1,167,183,185,-1,167,185,165,-1,145,146,194,-1,194,146,156,-1,194,156,192,-1,156,159,192,-1,192,159,162,-1,192,162,190,-1,190,162,165,-1,190,165,188,-1,188,165,185,-1,196,197,198,-1,198,197,199,-1,200,201,202,-1,202,201,196,-1,202,196,198,-1,203,201,204,-1,204,201,200,-1,205,206,207,-1,207,206,203,-1,207,203,204,-1,208,206,209,-1,209,206,205,-1,210,211,212,-1,212,211,208,-1,212,208,209,-1,213,211,214,-1,214,211,210,-1,215,216,217,-1,217,216,213,-1,217,213,214,-1,218,216,219,-1,219,216,215,-1,220,221,222,-1,222,221,218,-1,222,218,219,-1,223,221,224,-1,224,221,220,-1,199,197,225,-1,225,197,223,-1,225,223,224,-1,223,197,196,-1,196,201,223,-1,223,201,203,-1,223,203,221,-1,216,218,213,-1,213,218,221,-1,213,221,211,-1,211,221,203,-1,211,203,208,-1,208,203,206,-1,226,227,228,-1,228,227,229,-1,228,229,230,-1,230,229,231,-1,230,231,232,-1,232,231,233,-1,232,233,234,-1,234,233,235,-1,234,235,236,-1,236,235,237,-1,236,237,238,-1,238,237,239,-1,238,239,240,-1,240,239,241,-1,240,241,242,-1,242,241,243,-1,242,243,244,-1,244,243,245,-1,244,245,246,-1,246,245,247,-1,246,247,248,-1,248,247,249,-1,248,249,250,-1,250,249,251,-1,250,251,252,-1,252,251,253,-1,252,253,254,-1,254,253,255,-1,254,255,256,-1,256,255,257,-1,256,257,258,-1,258,257,259,-1,258,259,260,-1,260,259,226,-1,260,226,228,-1,234,236,261,-1,261,236,262,-1,234,261,263,-1,234,263,232,-1,232,263,264,-1,232,264,230,-1,230,264,265,-1,230,265,228,-1,228,265,266,-1,228,266,260,-1,260,266,267,-1,260,267,258,-1,258,267,268,-1,258,268,256,-1,256,268,269,-1,256,269,254,-1,254,269,270,-1,254,270,252,-1,252,270,271,-1,252,271,250,-1,250,271,272,-1,250,272,248,-1,248,272,273,-1,248,273,246,-1,246,273,274,-1,246,274,244,-1,244,274,275,-1,244,275,242,-1,242,275,276,-1,242,276,240,-1,238,240,277,-1,277,240,276,-1,236,238,262,-1,262,238,277,-1,241,239,278,-1,278,239,279,-1,239,237,279,-1,279,237,280,-1,237,235,280,-1,280,235,281,-1,227,282,283,-1,227,283,229,-1,229,283,284,-1,229,284,231,-1,231,284,285,-1,231,285,233,-1,233,285,281,-1,233,281,235,-1,255,286,287,-1,255,287,257,-1,257,287,288,-1,257,288,259,-1,259,288,289,-1,259,289,226,-1,226,289,282,-1,226,282,227,-1,247,290,291,-1,247,291,249,-1,249,291,292,-1,249,292,251,-1,251,292,293,-1,251,293,253,-1,253,293,286,-1,253,286,255,-1,241,278,294,-1,241,294,243,-1,243,294,295,-1,243,295,245,-1,245,295,290,-1,245,290,247,-1,
        ]
    }
}
Shape{
    appearance Appearance {
        material  Material 	{
            diffuseColor 0.7529411764705882 0.7529411764705882 0.7529411764705882
            specularColor 0.3764705882352941 0.3764705882352941 0.3764705882352941
            ambientIntensity 0.7529
            transparency 0.0
            shininess 0.5
        }
    }
    geometry IndexedFaceSet {
        ccw TRUE
        solid FALSE
        coord DEF co Coordinate {
            point [
                0.0919 1.2865 0.748, 0.0919 1.1836 0.748, 0.1121 1.2865 0.748, 0.1113 1.1836 0.748, 0.1297 1.1858 0.748, 0.1407 1.1901 0.748, 0.1494 1.196 0.748, 0.151 1.1975 0.748, 0.1575 1.2056 0.748, 0.1621 1.2154 0.748, 0.1652 1.2363 0.748, 0.1506 1.2739 0.748, 0.1416 1.28 0.748, 0.1633 1.253 0.748, 0.1595 1.2627 0.748, 0.1544 1.2702 0.748, 0.1647 1.2276 0.748, 0.1302 1.2844 0.748
            ]
        }
        coordIndex [
            0,1,2,-1,2,1,3,-1,3,4,2,-1,2,4,5,-1,2,5,6,-1,6,7,2,-1,2,7,8,-1,2,8,9,-1,10,11,12,-1,13,14,10,-1,10,14,15,-1,10,15,11,-1,9,16,2,-1,2,16,10,-1,2,10,17,-1,17,10,12,-1,
        ]
    }
}
Shape{
    appearance Appearance {
        material  Material 	{
            diffuseColor 0.0 0.0 0.0
            specularColor 0.0 0.0 0.0
            ambientIntensity 0.0
            transparency 0.0
            shininess 0.5
        }
    }
    geometry IndexedFaceSet {
        ccw TRUE
        solid FALSE
        coord DEF co Coordinate {
            point [
                0.2281 1.22 0.752, 0.2226 1.2049 0.752, 0.2728 1.22 0.752, 0.2782 1.2049 0.752, 0.248 1.2754 0.752, 0.2416 1.3018 0.752, 0.1907 1.1684 0.752, 0.2098 1.1684 0.752, 0.2492 1.2794 0.752, 0.2502 1.2848 0.752, 0.26 1.3018 0.752, 0.2506 1.2848 0.752, 0.2517 1.2791 0.752, 0.2527 1.2754 0.752, 0.3108 1.1684 0.752, 0.2918 1.1684 0.752, 0.26 1.3018 0.748, 0.3108 1.1684 0.748, 0.2416 1.3018 0.748, 0.1907 1.1684 0.748, 0.2098 1.1684 0.748, 0.2226 1.2049 0.748, 0.2782 1.2049 0.748, 0.2918 1.1684 0.748, 0.2281 1.22 0.748, 0.2728 1.22 0.748, 0.2527 1.2754 0.748, 0.2506 1.2848 0.748, 0.2517 1.2791 0.748, 0.2502 1.2848 0.748, 0.248 1.2754 0.748, 0.2492 1.2794 0.748
            ]
        }
        coordIndex [
            0,1,2,-1,2,1,3,-1,4,5,0,-1,0,5,6,-1,0,6,1,-1,1,6,7,-1,4,8,5,-1,5,8,9,-1,5,9,10,-1,10,9,11,-1,10,11,12,-1,12,13,10,-1,10,13,2,-1,10,2,14,-1,14,2,3,-1,14,3,15,-1,10,14,16,-1,16,14,17,-1,5,10,18,-1,18,10,16,-1,6,5,19,-1,19,5,18,-1,7,6,20,-1,20,6,19,-1,1,7,21,-1,21,7,20,-1,3,1,22,-1,22,1,21,-1,15,3,23,-1,23,3,22,-1,14,15,17,-1,17,15,23,-1,0,2,24,-1,24,2,25,-1,2,13,25,-1,25,13,26,-1,11,27,28,-1,11,28,12,-1,12,28,26,-1,12,26,13,-1,11,9,27,-1,27,9,29,-1,4,30,31,-1,4,31,8,-1,8,31,29,-1,8,29,9,-1,4,0,30,-1,30,0,24,-1,
        ]
    }
}
Shape{
    appearance Appearance {
        material  Material 	{
            diffuseColor 0.7529411764705882 0.7529411764705882 0.7529411764705882
            specularColor 0.3764705882352941 0.3764705882352941 0.3764705882352941
            ambientIntensity 0.7529
            transparency 0.0
            shininess 0.5
        }
    }
    geometry IndexedFaceSet {
        ccw TRUE
        solid FALSE
        coord DEF co Coordinate {
            point [
                0.2506 1.2848 0.748, 0.2502 1.2848 0.748, 0.2517 1.2791 0.748, 0.2492 1.2794 0.748, 0.2527 1.2754 0.748, 0.248 1.2754 0.748, 0.2728 1.22 0.748, 0.2281 1.22 0.748
            ]
        }
        coordIndex [
            0,1,2,-1,2,1,3,-1,2,3,4,-1,4,3,5,-1,4,5,6,-1,6,5,7,-1,
        ]
    }
}
Shape{
    appearance Appearance {
        material  Material 	{
            diffuseColor 0.0 0.0 0.0
            specularColor 0.0 0.0 0.0
            ambientIntensity 0.0
            transparency 0.0
            shininess 0.5
        }
    }
    geometry IndexedFaceSet {
        ccw TRUE
        solid FALSE
        coord DEF co Coordinate {
            point [
                -0.9812 1.1495 0.752, -0.9671 1.132 0.752, -0.9898 1.2334 0.752, -1.0063 1.3983 0.752, -0.9852 1.4095 0.752, -0.9902 1.4679 0.752, -0.931 1.4706 0.752, -0.9016 1.4013 0.752, -0.8871 1.4313 0.752, -0.8057 1.2002 0.752, -0.8057 1.2097 0.752, -0.8858 1.2327 0.752, -0.8947 1.2356 0.752, -1.0105 1.2461 0.752, -1.0027 1.1734 0.752, -0.9908 1.1698 0.752, -0.9528 1.4725 0.752, -0.8717 1.2211 0.752, -0.8674 1.2134 0.752, -0.8063 1.1903 0.752, -0.6729 1.2799 0.752, -0.7023 1.3302 0.752, -0.8295 1.2638 0.752, -0.9016 1.2362 0.752, -0.9108 1.2351 0.752, -0.9233 1.2932 0.752, -0.9191 1.2318 0.752, -0.9442 1.2852 0.752, -0.9265 1.2265 0.752, -0.9636 1.2717 0.752, -0.9303 1.2225 0.752, -0.9793 1.2538 0.752, -0.9352 1.2146 0.752, -0.938 1.2057 0.752, -0.9385 1.1965 0.752, -0.8662 1.2896 0.752, -0.8891 1.2953 0.752, -0.9006 1.296 0.752, -0.878 1.2277 0.752, -0.6416 1.3738 0.752, -0.634 1.3738 0.752, -0.5951 1.4251 0.752, -0.6159 1.3716 0.752, -0.5904 1.4235 0.752, -0.5994 1.3652 0.752, -0.5622 1.4095 0.752, -0.5365 1.3877 0.752, -0.9115 1.4933 0.752, -0.8658 1.4568 0.752, -0.8892 1.5123 0.752, -0.8404 1.4754 0.752, -0.8635 1.5281 0.752, -0.9617 1.4151 0.752, -0.9519 1.4156 0.752, -0.9419 1.4719 0.752, -0.9296 1.4128 0.752, -0.9083 1.405 0.752, -0.846 1.2789 0.752, -0.5363 1.2106 0.752, -0.5805 1.2483 0.752, -0.5621 1.1888 0.752, -0.5945 1.2368 0.752, -0.591 1.1746 0.752, -0.6113 1.2291 0.752, -0.6226 1.1679 0.752, -0.6283 1.2258 0.752, -0.6786 1.1679 0.752, -0.671 1.2258 0.752, -0.6839 1.1688 0.752, -0.9367 1.1876 0.752, -0.9329 1.1796 0.752, -0.5847 1.3549 0.752, -0.5738 1.3427 0.752, -0.5171 1.3607 0.752, -0.5649 1.3264 0.752, -0.5055 1.3317 0.752, -0.5605 1.3082 0.752, -0.5012 1.3008 0.752, -0.56 1.2998 0.752, -0.5055 1.2669 0.752, -0.5623 1.2813 0.752, -0.5174 1.2369 0.752, -0.5688 1.2644 0.752, -0.5793 1.2496 0.752, -0.6463 1.5 0.752, -0.6835 1.4564 0.752, -0.6142 1.4626 0.752, -0.6621 1.4308 0.752, -0.6474 1.4003 0.752, -1.0439 1.3437 0.752, -1.1062 1.3279 0.752, -1.0467 1.3207 0.752, -1.1065 1.3188 0.752, -1.0456 1.306 0.752, -1.1019 1.2816 0.752, -1.0388 1.2828 0.752, -1.0883 1.2463 0.752, -1.0275 1.2636 0.752, -1.0667 1.2154 0.752, -1.037 1.1901 0.752, -0.865 1.2047 0.752, -0.8648 1.1955 0.752, -0.8118 1.1669 0.752, -0.8669 1.1864 0.752, -0.823 1.1457 0.752, -0.8712 1.1782 0.752, -0.8376 1.1294 0.752, -0.8768 1.1718 0.752, -0.8565 1.1163 0.752, -0.884 1.1667 0.752, -0.8776 1.1081 0.752, -0.8922 1.1634 0.752, -0.9006 1.1053 0.752, -0.9016 1.1622 0.752, -0.9043 1.1054 0.752, -0.9032 1.1623 0.752, -0.9267 1.1089 0.752, -0.9117 1.1637 0.752, -0.9486 1.1181 0.752, -0.9203 1.1673 0.752, -0.9275 1.1729 0.752, -0.8195 1.5442 0.752, -0.8094 1.4879 0.752, -0.7754 1.5494 0.752, -0.7744 1.4924 0.752, -0.7318 1.5442 0.752, -0.7422 1.4885 0.752, -0.6846 1.5264 0.752, -0.7125 1.4771 0.752, -0.6858 1.4586 0.752, -1.0253 1.4542 0.752, -1.0555 1.433 0.752, -1.0226 1.3837 0.752, -1.0619 1.427 0.752, -1.0358 1.3648 0.752, -1.0847 1.3977 0.752, -1.0999 1.3636 0.752, -0.6758 1.2267 0.752, -0.6986 1.1779 0.752, -0.6964 1.1756 0.752, -0.6729 1.2261 0.752, -0.6902 1.1713 0.752, -0.7061 1.1973 0.752, -0.7052 1.1903 0.752, -0.7027 1.1838 0.752, -0.6841 1.2258 0.752, -0.6906 1.2232 0.752, -0.7059 1.2011 0.752, -0.6964 1.2191 0.752, -0.7003 1.2148 0.752, -0.704 1.2083 0.752, -0.6767 1.2268 0.752, -0.5302 1.379 0.748, -0.5171 1.3607 0.748, -0.5088 1.3398 0.748, -0.5055 1.3317 0.748, -0.5012 1.3008 0.748, -0.5365 1.3877 0.748, -0.5622 1.4095 0.748, -0.5904 1.4235 0.748, -0.5951 1.4251 0.748, -0.6142 1.4626 0.748, -0.6463 1.5 0.748, -0.6676 1.5147 0.748, -0.6846 1.5264 0.748, -0.7318 1.5442 0.748, -0.7754 1.5494 0.748, -0.8195 1.5442 0.748, -0.8635 1.5281 0.748, -0.8854 1.5147 0.748, -0.8892 1.5123 0.748, -0.9115 1.4933 0.748, -0.931 1.4706 0.748, -0.9419 1.4719 0.748, -0.9528 1.4725 0.748, -0.9902 1.4679 0.748, -1.0253 1.4542 0.748, -1.0555 1.433 0.748, -1.0619 1.427 0.748, -1.1065 1.3188 0.748, -1.0847 1.3977 0.748, -1.093 1.379 0.748, -1.0999 1.3636 0.748, -1.1041 1.3398 0.748, -1.1062 1.3279 0.748, -1.1019 1.2816 0.748, -1.0883 1.2463 0.748, -1.0667 1.2154 0.748, -1.037 1.1901 0.748, -1.0027 1.1734 0.748, -0.9908 1.1698 0.748, -0.9896 1.1673 0.748, -0.9812 1.1495 0.748, -0.9671 1.132 0.748, -0.9486 1.1181 0.748, -0.9399 1.1144 0.748, -0.9267 1.1089 0.748, -0.9043 1.1054 0.748, -0.9006 1.1053 0.748, -0.8057 1.2002 0.748, -0.8776 1.1081 0.748, -0.8613 1.1144 0.748, -0.8565 1.1163 0.748, -0.8376 1.1294 0.748, -0.823 1.1457 0.748, -0.8118 1.1669 0.748, -0.8117 1.1673 0.748, -0.8063 1.1903 0.748, -0.8057 1.2097 0.748, -0.6729 1.2799 0.748, -0.7023 1.3302 0.748, -0.8295 1.2638 0.748, -0.846 1.2789 0.748, -0.8662 1.2896 0.748, -0.8891 1.2953 0.748, -0.9006 1.296 0.748, -0.9233 1.2932 0.748, -0.9442 1.2852 0.748, -0.9636 1.2717 0.748, -0.9793 1.2538 0.748, -0.9898 1.2334 0.748, -1.0105 1.2461 0.748, -1.0275 1.2636 0.748, -1.0388 1.2828 0.748, -1.0456 1.306 0.748, -1.0467 1.3207 0.748, -1.0444 1.3398 0.748, -1.0439 1.3437 0.748, -1.0358 1.3648 0.748, -1.0259 1.379 0.748, -1.0226 1.3837 0.748, -1.0063 1.3983 0.748, -0.9852 1.4095 0.748, -0.9617 1.4151 0.748, -0.9519 1.4156 0.748, -0.9296 1.4128 0.748, -0.9083 1.405 0.748, -0.9016 1.4013 0.748, -0.8871 1.4313 0.748, -0.8658 1.4568 0.748, -0.8404 1.4754 0.748, -0.8094 1.4879 0.748, -0.7744 1.4924 0.748, -0.7422 1.4885 0.748, -0.7125 1.4771 0.748, -0.6858 1.4586 0.748, -0.6835 1.4564 0.748, -0.6621 1.4308 0.748, -0.6474 1.4003 0.748, -0.6427 1.379 0.748, -0.6416 1.3738 0.748, -0.634 1.3738 0.748, -0.6159 1.3716 0.748, -0.5994 1.3652 0.748, -0.5847 1.3549 0.748, -0.5738 1.3427 0.748, -0.5722 1.3398 0.748, -0.5649 1.3264 0.748, -0.5605 1.3082 0.748, -0.56 1.2998 0.748, -0.5623 1.2813 0.748, -0.5688 1.2644 0.748, -0.5793 1.2496 0.748, -0.5805 1.2483 0.748, -0.5945 1.2368 0.748, -0.6113 1.2291 0.748, -0.6283 1.2258 0.748, -0.671 1.2258 0.748, -0.6729 1.2261 0.748, -0.6758 1.2267 0.748, -0.6767 1.2268 0.748, -0.6841 1.2258 0.748, -0.6906 1.2232 0.748, -0.6964 1.2191 0.748, -0.7003 1.2148 0.748, -0.704 1.2083 0.748, -0.7059 1.2011 0.748, -0.7061 1.1973 0.748, -0.7052 1.1903 0.748, -0.7027 1.1838 0.748, -0.6986 1.1779 0.748, -0.6964 1.1756 0.748, -0.6902 1.1713 0.748, -0.6839 1.1688 0.748, -0.6786 1.1679 0.748, -0.6226 1.1679 0.748, -0.591 1.1746 0.748, -0.5621 1.1888 0.748, -0.5363 1.2106 0.748, -0.5174 1.2369 0.748, -0.5055 1.2669 0.748, -0.9016 1.2362 0.748, -0.8947 1.2356 0.748, -0.8858 1.2327 0.748, -0.878 1.2277 0.748, -0.8717 1.2211 0.748, -0.8674 1.2134 0.748, -0.865 1.2047 0.748, -0.8648 1.1955 0.748, -0.8669 1.1864 0.748, -0.8712 1.1782 0.748, -0.8768 1.1718 0.748, -0.884 1.1667 0.748, -0.8922 1.1634 0.748, -0.9016 1.1622 0.748, -0.9032 1.1623 0.748, -0.9117 1.1637 0.748, -0.9203 1.1673 0.748, -0.9275 1.1729 0.748, -0.9329 1.1796 0.748, -0.9367 1.1876 0.748, -0.9385 1.1965 0.748, -0.938 1.2057 0.748, -0.9352 1.2146 0.748, -0.9303 1.2225 0.748, -0.9265 1.2265 0.748, -0.9191 1.2318 0.748, -0.9108 1.2351 0.748
            ]
        }
        coordIndex [
            0,1,2,-1,3,4,5,-1,6,7,8,-1,9,10,11,-1,11,10,12,-1,13,14,2,-1,2,14,15,-1,2,15,0,-1,5,4,16,-1,17,18,19,-1,20,21,10,-1,10,21,22,-1,10,22,12,-1,12,22,23,-1,24,25,26,-1,26,25,27,-1,26,27,28,-1,28,27,29,-1,28,29,30,-1,30,29,31,-1,30,31,32,-1,32,31,2,-1,32,2,33,-1,33,2,34,-1,35,36,24,-1,24,36,37,-1,24,37,25,-1,9,11,19,-1,19,11,38,-1,19,38,17,-1,39,40,41,-1,41,40,42,-1,41,42,43,-1,43,42,44,-1,43,44,45,-1,45,44,46,-1,6,8,47,-1,47,8,48,-1,47,48,49,-1,49,48,50,-1,49,50,51,-1,4,52,16,-1,16,52,53,-1,16,53,54,-1,54,53,55,-1,54,55,6,-1,6,55,56,-1,6,56,7,-1,23,22,24,-1,24,22,57,-1,24,57,35,-1,58,59,60,-1,60,59,61,-1,60,61,62,-1,62,61,63,-1,62,63,64,-1,64,63,65,-1,64,65,66,-1,66,65,67,-1,66,67,68,-1,34,2,69,-1,69,2,1,-1,69,1,70,-1,44,71,46,-1,46,71,72,-1,46,72,73,-1,73,72,74,-1,73,74,75,-1,75,74,76,-1,75,76,77,-1,77,76,78,-1,77,78,79,-1,79,78,80,-1,79,80,81,-1,81,80,82,-1,81,82,58,-1,58,82,83,-1,58,83,59,-1,84,85,86,-1,86,85,87,-1,86,87,41,-1,41,87,88,-1,41,88,39,-1,89,90,91,-1,91,90,92,-1,91,92,93,-1,93,92,94,-1,93,94,95,-1,95,94,96,-1,95,96,97,-1,97,96,98,-1,97,98,13,-1,13,98,99,-1,13,99,14,-1,18,100,19,-1,19,100,101,-1,19,101,102,-1,102,101,103,-1,102,103,104,-1,104,103,105,-1,104,105,106,-1,106,105,107,-1,106,107,108,-1,108,107,109,-1,108,109,110,-1,110,109,111,-1,110,111,112,-1,112,111,113,-1,112,113,114,-1,114,113,115,-1,114,115,116,-1,116,115,117,-1,116,117,118,-1,118,117,119,-1,118,119,1,-1,1,119,120,-1,1,120,70,-1,51,50,121,-1,121,50,122,-1,121,122,123,-1,123,122,124,-1,123,124,125,-1,125,124,126,-1,125,126,127,-1,127,126,128,-1,127,128,84,-1,84,128,129,-1,84,129,85,-1,5,130,3,-1,3,130,131,-1,3,131,132,-1,132,131,133,-1,132,133,134,-1,134,133,135,-1,134,135,89,-1,89,135,136,-1,89,136,90,-1,137,138,139,-1,67,140,68,-1,68,140,137,-1,68,137,141,-1,141,137,139,-1,142,143,137,-1,137,143,144,-1,137,144,138,-1,145,146,147,-1,146,148,147,-1,147,148,149,-1,147,149,150,-1,142,137,147,-1,147,137,151,-1,147,151,145,-1,152,46,153,-1,153,46,73,-1,153,73,154,-1,154,73,75,-1,154,75,155,-1,155,75,77,-1,155,77,156,-1,152,157,46,-1,46,157,158,-1,46,158,45,-1,45,158,159,-1,45,159,43,-1,43,159,160,-1,43,160,41,-1,41,160,161,-1,41,161,86,-1,86,161,162,-1,86,162,84,-1,127,84,163,-1,163,84,162,-1,163,164,127,-1,127,164,165,-1,127,165,125,-1,125,165,166,-1,125,166,123,-1,123,166,167,-1,123,167,121,-1,121,167,168,-1,121,168,51,-1,51,168,49,-1,49,168,169,-1,49,169,170,-1,49,170,171,-1,49,171,47,-1,47,171,172,-1,47,172,6,-1,6,172,173,-1,6,173,54,-1,54,173,174,-1,54,174,16,-1,16,174,175,-1,16,175,5,-1,5,175,176,-1,5,176,130,-1,130,176,177,-1,130,177,131,-1,131,177,178,-1,131,178,133,-1,179,92,90,-1,133,178,180,-1,133,180,135,-1,135,180,181,-1,135,181,136,-1,181,182,136,-1,136,182,183,-1,136,183,90,-1,90,183,184,-1,90,184,179,-1,92,179,185,-1,92,185,94,-1,94,185,186,-1,94,186,96,-1,96,186,187,-1,96,187,98,-1,98,187,188,-1,98,188,99,-1,99,188,189,-1,99,189,14,-1,14,189,190,-1,14,190,15,-1,15,190,191,-1,15,191,0,-1,191,192,0,-1,0,192,193,-1,0,193,1,-1,1,193,194,-1,1,194,118,-1,118,194,195,-1,118,195,116,-1,195,196,116,-1,116,196,197,-1,116,197,114,-1,114,197,198,-1,114,198,112,-1,199,9,19,-1,112,198,200,-1,201,108,200,-1,200,108,110,-1,200,110,112,-1,201,202,108,-1,108,202,203,-1,108,203,106,-1,106,203,204,-1,106,204,104,-1,104,204,205,-1,104,205,102,-1,102,205,206,-1,102,206,19,-1,19,206,207,-1,19,207,199,-1,10,9,208,-1,208,9,199,-1,20,10,209,-1,209,10,208,-1,21,20,210,-1,210,20,209,-1,22,21,211,-1,211,21,210,-1,22,211,212,-1,22,212,57,-1,57,212,213,-1,57,213,35,-1,35,213,214,-1,35,214,36,-1,36,214,215,-1,36,215,37,-1,37,215,216,-1,37,216,25,-1,25,216,217,-1,25,217,27,-1,27,217,218,-1,27,218,29,-1,29,218,219,-1,29,219,31,-1,31,219,220,-1,31,220,2,-1,2,220,221,-1,2,221,13,-1,13,221,222,-1,13,222,97,-1,97,222,223,-1,97,223,95,-1,95,223,224,-1,95,224,93,-1,93,224,225,-1,93,225,91,-1,89,91,225,-1,225,226,89,-1,89,226,227,-1,89,227,228,-1,229,132,228,-1,228,132,134,-1,228,134,89,-1,229,230,132,-1,132,230,231,-1,132,231,3,-1,3,231,232,-1,3,232,4,-1,4,232,233,-1,4,233,52,-1,52,233,234,-1,52,234,53,-1,53,234,235,-1,53,235,55,-1,55,235,236,-1,55,236,56,-1,56,236,237,-1,56,237,7,-1,7,237,238,-1,7,238,8,-1,8,238,239,-1,8,239,48,-1,48,239,240,-1,48,240,50,-1,50,240,241,-1,50,241,122,-1,122,241,242,-1,122,242,124,-1,124,242,243,-1,124,243,126,-1,126,243,244,-1,126,244,128,-1,128,244,245,-1,128,245,129,-1,129,245,246,-1,129,246,85,-1,85,246,247,-1,85,247,87,-1,87,247,248,-1,87,248,88,-1,88,248,39,-1,39,248,249,-1,39,249,250,-1,40,39,251,-1,251,39,250,-1,40,251,252,-1,40,252,42,-1,42,252,253,-1,42,253,44,-1,44,253,254,-1,44,254,71,-1,71,254,255,-1,71,255,72,-1,72,255,256,-1,72,256,74,-1,256,257,74,-1,74,257,258,-1,74,258,76,-1,76,258,259,-1,76,259,78,-1,78,259,260,-1,78,260,80,-1,80,260,261,-1,80,261,82,-1,82,261,262,-1,82,262,83,-1,83,262,263,-1,83,263,59,-1,59,263,264,-1,59,264,61,-1,61,264,265,-1,61,265,63,-1,63,265,266,-1,63,266,65,-1,67,65,267,-1,267,65,266,-1,67,267,268,-1,67,268,140,-1,140,268,269,-1,140,269,137,-1,137,269,270,-1,137,270,151,-1,151,270,271,-1,151,271,145,-1,145,271,272,-1,145,272,146,-1,146,272,273,-1,146,273,148,-1,148,273,274,-1,148,274,149,-1,149,274,275,-1,149,275,150,-1,150,275,276,-1,150,276,147,-1,147,276,277,-1,147,277,142,-1,142,277,278,-1,142,278,143,-1,143,278,279,-1,143,279,144,-1,144,279,280,-1,144,280,138,-1,138,280,281,-1,138,281,139,-1,139,281,282,-1,139,282,141,-1,141,282,283,-1,141,283,68,-1,68,283,284,-1,68,284,66,-1,64,66,285,-1,285,66,284,-1,64,285,286,-1,64,286,62,-1,62,286,287,-1,62,287,60,-1,60,287,288,-1,60,288,58,-1,58,288,289,-1,58,289,81,-1,81,289,290,-1,81,290,79,-1,79,290,156,-1,79,156,77,-1,23,291,292,-1,23,292,12,-1,12,292,293,-1,12,293,11,-1,11,293,294,-1,11,294,38,-1,38,294,295,-1,38,295,17,-1,17,295,296,-1,17,296,18,-1,18,296,297,-1,18,297,100,-1,100,297,298,-1,100,298,101,-1,101,298,299,-1,101,299,103,-1,103,299,300,-1,103,300,105,-1,105,300,301,-1,105,301,107,-1,107,301,302,-1,107,302,109,-1,109,302,303,-1,109,303,111,-1,111,303,304,-1,111,304,113,-1,113,304,305,-1,113,305,115,-1,115,305,306,-1,115,306,117,-1,117,306,307,-1,117,307,119,-1,119,307,308,-1,119,308,120,-1,120,308,309,-1,120,309,70,-1,70,309,310,-1,70,310,69,-1,69,310,311,-1,69,311,34,-1,34,311,312,-1,34,312,33,-1,33,312,313,-1,33,313,32,-1,32,313,314,-1,32,314,30,-1,30,314,315,-1,30,315,28,-1,28,315,316,-1,28,316,26,-1,26,316,317,-1,26,317,24,-1,24,317,291,-1,24,291,23,-1,
        ]
    }
}
Shape{
    appearance Appearance {
        material  Material 	{
            diffuseColor 0.7529411764705882 0.7529411764705882 0.7529411764705882
            specularColor 0.3764705882352941 0.3764705882352941 0.3764705882352941
            ambientIntensity 0.7529
            transparency 0.0
            shininess 0.5
        }
    }
    geometry IndexedFaceSet {
        ccw TRUE
        solid FALSE
        coord DEF co Coordinate {
            point [
                -0.9032 1.1623 0.748, -0.9265 1.2265 0.748, -0.9303 1.2225 0.748, -0.8922 1.1634 0.748, -0.884 1.1667 0.748, -0.8947 1.2356 0.748, -0.9016 1.2362 0.748, -0.9108 1.2351 0.748, -0.9191 1.2318 0.748, -0.9367 1.1876 0.748, -0.9329 1.1796 0.748, -0.9275 1.1729 0.748, -0.9016 1.1622 0.748, -0.8674 1.2134 0.748, -0.8717 1.2211 0.748, -0.8712 1.1782 0.748, -0.878 1.2277 0.748, -0.9352 1.2146 0.748, -0.938 1.2057 0.748, -0.9385 1.1965 0.748, -0.9203 1.1673 0.748, -0.9117 1.1637 0.748, -0.8768 1.1718 0.748, -0.8858 1.2327 0.748, -0.8669 1.1864 0.748, -0.8648 1.1955 0.748, -0.865 1.2047 0.748
            ]
        }
        coordIndex [
            0,1,2,-1,3,4,5,-1,6,7,0,-1,0,7,8,-1,0,8,1,-1,9,10,2,-1,2,10,11,-1,6,0,5,-1,5,0,12,-1,5,12,3,-1,13,14,15,-1,15,14,16,-1,17,18,2,-1,2,18,19,-1,2,19,9,-1,11,20,2,-1,2,20,21,-1,2,21,0,-1,4,22,5,-1,5,22,15,-1,5,15,23,-1,23,15,16,-1,24,25,15,-1,15,25,26,-1,15,26,13,-1,
        ]
    }
}